# source: World Bank WDI API, indicator NY.GDP.MKTP.CD (GDP, current US$), country/all, 1995:2024; API lastupdated=2026-07-13
# pulled: 2026-07-30
# script: analysis/01_pull_wdi.py
# units: current US dollars (level). Includes WB aggregates (EUU, WLD, ...); filter to ISO3 country list downstream.
country_iso3,country_name,year,gdp_usd
ABW,"Aruba",1995,1320670391
ABW,"Aruba",1996,1379888268
ABW,"Aruba",1997,1531843575
ABW,"Aruba",1998,1665363128
ABW,"Aruba",1999,1722905028
ABW,"Aruba",2000,1873452514
ABW,"Aruba",2001,1896456983
ABW,"Aruba",2002,1961843575
ABW,"Aruba",2003,2044111732
ABW,"Aruba",2004,2254830726
ABW,"Aruba",2005,2360017318
ABW,"Aruba",2006,2469782682
ABW,"Aruba",2007,2677641341
ABW,"Aruba",2008,2843024581
ABW,"Aruba",2009,2553793296
ABW,"Aruba",2010,2453597207
ABW,"Aruba",2011,2637859218
ABW,"Aruba",2012,2615208380
ABW,"Aruba",2013,2727849162
ABW,"Aruba",2014,2790849721
ABW,"Aruba",2015,2962906704
ABW,"Aruba",2016,2983637430
ABW,"Aruba",2017,3092427933
ABW,"Aruba",2018,3276187709
ABW,"Aruba",2019,3347561739
ABW,"Aruba",2020,2461056053
ABW,"Aruba",2021,2889305034
ABW,"Aruba",2022,3326671315
ABW,"Aruba",2023,3746573413
ABW,"Aruba",2024,4167588070
AFE,"Africa Eastern and Southern",1995,273327490480
AFE,"Africa Eastern and Southern",1996,273428068927
AFE,"Africa Eastern and Southern",1997,288271180913
AFE,"Africa Eastern and Southern",1998,268728576303
AFE,"Africa Eastern and Southern",1999,265321450546
AFE,"Africa Eastern and Southern",2000,287042463740
AFE,"Africa Eastern and Southern",2001,260850392952
AFE,"Africa Eastern and Southern",2002,269746460053
AFE,"Africa Eastern and Southern",2003,358116678901
AFE,"Africa Eastern and Southern",2004,445975553010
AFE,"Africa Eastern and Southern",2005,521562847474
AFE,"Africa Eastern and Southern",2006,587454940473
AFE,"Africa Eastern and Southern",2007,674947497628
AFE,"Africa Eastern and Southern",2008,726711167541
AFE,"Africa Eastern and Southern",2009,726850536901
AFE,"Africa Eastern and Southern",2010,863749634745
AFE,"Africa Eastern and Southern",2011,959740239662
AFE,"Africa Eastern and Southern",2012,969171197494
AFE,"Africa Eastern and Southern",2013,981203198866
AFE,"Africa Eastern and Southern",2014,998727180531
AFE,"Africa Eastern and Southern",2015,909905339457
AFE,"Africa Eastern and Southern",2016,832661416653
AFE,"Africa Eastern and Southern",2017,979240640383
AFE,"Africa Eastern and Southern",2018,1021971569379
AFE,"Africa Eastern and Southern",2019,1019354194064
AFE,"Africa Eastern and Southern",2020,938546103426
AFE,"Africa Eastern and Southern",2021,1113059797224
AFE,"Africa Eastern and Southern",2022,1226461319482
AFE,"Africa Eastern and Southern",2023,1179121535535
AFE,"Africa Eastern and Southern",2024,1252564134751
AFG,"Afghanistan",2000,3521418060
AFG,"Afghanistan",2001,2813571754
AFG,"Afghanistan",2002,3825701439
AFG,"Afghanistan",2003,4520946819
AFG,"Afghanistan",2004,5224896719
AFG,"Afghanistan",2005,6203256539
AFG,"Afghanistan",2006,6971758282
AFG,"Afghanistan",2007,9747886187
AFG,"Afghanistan",2008,10109297048
AFG,"Afghanistan",2009,12416152732
AFG,"Afghanistan",2010,15856668556
AFG,"Afghanistan",2011,17805098206
AFG,"Afghanistan",2012,19907329778
AFG,"Afghanistan",2013,20146416758
AFG,"Afghanistan",2014,20497128556
AFG,"Afghanistan",2015,19134221645
AFG,"Afghanistan",2016,18116572395
AFG,"Afghanistan",2017,18753456498
AFG,"Afghanistan",2018,18053222687
AFG,"Afghanistan",2019,18799444490
AFG,"Afghanistan",2020,19955929052
AFG,"Afghanistan",2021,14259995441
AFG,"Afghanistan",2022,14497243872
AFG,"Afghanistan",2023,17152234637
AFG,"Afghanistan",2024,17778508876
AFW,"Africa Western and Central",1995,207843864309
AFW,"Africa Western and Central",1996,263563556144
AFW,"Africa Western and Central",1997,276460023662
AFW,"Africa Western and Central",1998,297126502719
AFW,"Africa Western and Central",1999,140119071338
AFW,"Africa Western and Central",2000,142700161610
AFW,"Africa Western and Central",2001,150714426912
AFW,"Africa Western and Central",2002,180129182231
AFW,"Africa Western and Central",2003,208646527355
AFW,"Africa Western and Central",2004,257939299772
AFW,"Africa Western and Central",2005,316515667947
AFW,"Africa Western and Central",2006,402077365741
AFW,"Africa Western and Central",2007,470947616491
AFW,"Africa Western and Central",2008,574259808704
AFW,"Africa Western and Central",2009,515037106036
AFW,"Africa Western and Central",2010,605794323434
AFW,"Africa Western and Central",2011,691133400013
AFW,"Africa Western and Central",2012,748030003657
AFW,"Africa Western and Central",2013,844187976558
AFW,"Africa Western and Central",2014,904094866777
AFW,"Africa Western and Central",2015,778037497377
AFW,"Africa Western and Central",2016,699979485003
AFW,"Africa Western and Central",2017,694206358825
AFW,"Africa Western and Central",2018,777805844265
AFW,"Africa Western and Central",2019,1026527768676
AFW,"Africa Western and Central",2020,963688197942
AFW,"Africa Western and Central",2021,1026670180886
AFW,"Africa Western and Central",2022,1063748247138
AFW,"Africa Western and Central",2023,938480674635
AFW,"Africa Western and Central",2024,737366967284
AGO,"Angola",1995,5538749260
AGO,"Angola",1996,7526421519
AGO,"Angola",1997,7648380196
AGO,"Angola",1998,6506221616
AGO,"Angola",1999,6152923310
AGO,"Angola",2000,9129594970
AGO,"Angola",2001,8936079118
AGO,"Angola",2002,17311512433
AGO,"Angola",2003,20342128112
AGO,"Angola",2004,26997977896
AGO,"Angola",2005,41396636384
AGO,"Angola",2006,58653659980
AGO,"Angola",2007,73037821926
AGO,"Angola",2008,98790432989
AGO,"Angola",2009,81705175409
AGO,"Angola",2010,95546919754
AGO,"Angola",2011,125551634705
AGO,"Angola",2012,143572907528
AGO,"Angola",2013,148845200696
AGO,"Angola",2014,153449860496
AGO,"Angola",2015,102543067841
AGO,"Angola",2016,60770049747
AGO,"Angola",2017,85629598654
AGO,"Angola",2018,90506061877
AGO,"Angola",2019,81193813808
AGO,"Angola",2020,58512033806
AGO,"Angola",2021,78283923544
AGO,"Angola",2022,128233959333
AGO,"Angola",2023,106042349567
AGO,"Angola",2024,103080538044
ALB,"Albania",1995,2905092799
ALB,"Albania",1996,3234486232
ALB,"Albania",1997,2293666030
ALB,"Albania",1998,2600356999
ALB,"Albania",1999,3283941510
ALB,"Albania",2000,3584570165
ALB,"Albania",2001,4059064033
ALB,"Albania",2002,4515003117
ALB,"Albania",2003,5801712040
ALB,"Albania",2004,7406645793
ALB,"Albania",2005,8256658250
ALB,"Albania",2006,9150528132
ALB,"Albania",2007,11116937870
ALB,"Albania",2008,13258506375
ALB,"Albania",2009,12335540656
ALB,"Albania",2010,12086545641
ALB,"Albania",2011,12973755875
ALB,"Albania",2012,12246499748
ALB,"Albania",2013,12796985886
ALB,"Albania",2014,13296322588
ALB,"Albania",2015,11470171827
ALB,"Albania",2016,11988668785
ALB,"Albania",2017,13258268436
ALB,"Albania",2018,15379508330
ALB,"Albania",2019,15585111614
ALB,"Albania",2020,15241458745
ALB,"Albania",2021,18031989573
ALB,"Albania",2022,19017247014
ALB,"Albania",2023,23491242727
ALB,"Albania",2024,27037474263
AND,"Andorra",1995,1178745283
AND,"Andorra",1996,1224024139
AND,"Andorra",1997,1180645572
AND,"Andorra",1998,1211953994
AND,"Andorra",1999,1240295103
AND,"Andorra",2000,1432606189
AND,"Andorra",2001,1548265808
AND,"Andorra",2002,1764279824
AND,"Andorra",2003,2366941809
AND,"Andorra",2004,2900245324
AND,"Andorra",2005,3161084091
AND,"Andorra",2006,3459337987
AND,"Andorra",2007,3957625367
AND,"Andorra",2008,4102319399
AND,"Andorra",2009,3688976341
AND,"Andorra",2010,3449925739
AND,"Andorra",2011,3629133575
AND,"Andorra",2012,3188652765
AND,"Andorra",2013,3193512950
AND,"Andorra",2014,3271685597
AND,"Andorra",2015,2789881259
AND,"Andorra",2016,2896610480
AND,"Andorra",2017,3000162081
AND,"Andorra",2018,3218419897
AND,"Andorra",2019,3155149348
AND,"Andorra",2020,2891001149
AND,"Andorra",2021,3324647529
AND,"Andorra",2022,3380612573
AND,"Andorra",2023,3785067332
AND,"Andorra",2024,4044249679
ARB,"Arab World",1995,528474736899
ARB,"Arab World",1996,570906140764
ARB,"Arab World",1997,614595216836
ARB,"Arab World",1998,598783460088
ARB,"Arab World",1999,665404764120
ARB,"Arab World",2000,763400074351
ARB,"Arab World",2001,744564338443
ARB,"Arab World",2002,746768175363
ARB,"Arab World",2003,830076531568
ARB,"Arab World",2004,987304821542
ARB,"Arab World",2005,1210081941399
ARB,"Arab World",2006,1439461123431
ARB,"Arab World",2007,1674640786036
ARB,"Arab World",2008,2121063708752
ARB,"Arab World",2009,1832774180320
ARB,"Arab World",2010,2165961502752
ARB,"Arab World",2011,2576183850807
ARB,"Arab World",2012,2816787067316
ARB,"Arab World",2013,2887116130913
ARB,"Arab World",2014,2940745822079
ARB,"Arab World",2015,2584151265963
ARB,"Arab World",2016,2540369856563
ARB,"Arab World",2017,2615263227680
ARB,"Arab World",2018,2924906594129
ARB,"Arab World",2019,2969429771610
ARB,"Arab World",2020,2608795934174
ARB,"Arab World",2021,3090113052044
ARB,"Arab World",2022,3752344988903
ARB,"Arab World",2023,3617895070373
ARB,"Arab World",2024,3745043769553
ARE,"United Arab Emirates",1995,65743604966
ARE,"United Arab Emirates",1996,73571217377
ARE,"United Arab Emirates",1997,78838886862
ARE,"United Arab Emirates",1998,75674384205
ARE,"United Arab Emirates",1999,84445399335
ARE,"United Arab Emirates",2000,104337463730
ARE,"United Arab Emirates",2001,103311631797
ARE,"United Arab Emirates",2002,109816091079
ARE,"United Arab Emirates",2003,124346476180
ARE,"United Arab Emirates",2004,147824249958
ARE,"United Arab Emirates",2005,180617467954
ARE,"United Arab Emirates",2006,222116532963
ARE,"United Arab Emirates",2007,257916148767
ARE,"United Arab Emirates",2008,315474615741
ARE,"United Arab Emirates",2009,253547358747
ARE,"United Arab Emirates",2010,307736348527
ARE,"United Arab Emirates",2011,368881033963
ARE,"United Arab Emirates",2012,392793559051
ARE,"United Arab Emirates",2013,409632574703
ARE,"United Arab Emirates",2014,424935834104
ARE,"United Arab Emirates",2015,381973135513
ARE,"United Arab Emirates",2016,381717208621
ARE,"United Arab Emirates",2017,403365056079
ARE,"United Arab Emirates",2018,440560003161
ARE,"United Arab Emirates",2019,433926218686
ARE,"United Arab Emirates",2020,357161776271
ARE,"United Arab Emirates",2021,422441282436
ARE,"United Arab Emirates",2022,511403404642
ARE,"United Arab Emirates",2023,522622268401
ARE,"United Arab Emirates",2024,552324919096
ARG,"Argentina",1995,258031750000
ARG,"Argentina",1996,272149750000
ARG,"Argentina",1997,292859000000
ARG,"Argentina",1998,298948250000
ARG,"Argentina",1999,283523000000
ARG,"Argentina",2000,284203750000
ARG,"Argentina",2001,268696750000
ARG,"Argentina",2002,97724004252
ARG,"Argentina",2003,127586973492
ARG,"Argentina",2004,164657930453
ARG,"Argentina",2005,198737095012
ARG,"Argentina",2006,232557260817
ARG,"Argentina",2007,287530508431
ARG,"Argentina",2008,361558037110
ARG,"Argentina",2009,332976484578
ARG,"Argentina",2010,423627422092
ARG,"Argentina",2011,530158122010
ARG,"Argentina",2012,545982375701
ARG,"Argentina",2013,552025140252
ARG,"Argentina",2014,526319673732
ARG,"Argentina",2015,594749285413
ARG,"Argentina",2016,557532320663
ARG,"Argentina",2017,643628393281
ARG,"Argentina",2018,524819892360
ARG,"Argentina",2019,447754683615
ARG,"Argentina",2020,385740508437
ARG,"Argentina",2021,486564085480
ARG,"Argentina",2022,633993756301
ARG,"Argentina",2023,649461687959
ARG,"Argentina",2024,638365455340
ARM,"Armenia",1995,1468317435
ARM,"Armenia",1996,1596968946
ARM,"Armenia",1997,1639492445
ARM,"Armenia",1998,1893726437
ARM,"Armenia",1999,1845482173
ARM,"Armenia",2000,1911563669
ARM,"Armenia",2001,2118467913
ARM,"Armenia",2002,2376335048
ARM,"Armenia",2003,2807061009
ARM,"Armenia",2004,3576615240
ARM,"Armenia",2005,4900469511
ARM,"Armenia",2006,6384452067
ARM,"Armenia",2007,9206301270
ARM,"Armenia",2008,11662040714
ARM,"Armenia",2009,8647937081
ARM,"Armenia",2010,9260285756
ARM,"Armenia",2011,10142111825
ARM,"Armenia",2012,10619320683
ARM,"Armenia",2013,11121464437
ARM,"Armenia",2014,11609513247
ARM,"Armenia",2015,10553337518
ARM,"Armenia",2016,10546136236
ARM,"Armenia",2017,11527458709
ARM,"Armenia",2018,12457940695
ARM,"Armenia",2019,13619290539
ARM,"Armenia",2020,12641698583
ARM,"Armenia",2021,13878908629
ARM,"Armenia",2022,19513506553
ARM,"Armenia",2023,24185982216
ARM,"Armenia",2024,25955275380
ASM,"American Samoa",2002,512000000
ASM,"American Samoa",2003,524000000
ASM,"American Samoa",2004,509000000
ASM,"American Samoa",2005,500000000
ASM,"American Samoa",2006,493000000
ASM,"American Samoa",2007,518000000
ASM,"American Samoa",2008,560000000
ASM,"American Samoa",2009,675000000
ASM,"American Samoa",2010,573000000
ASM,"American Samoa",2011,570000000
ASM,"American Samoa",2012,640000000
ASM,"American Samoa",2013,638000000
ASM,"American Samoa",2014,643000000
ASM,"American Samoa",2015,673000000
ASM,"American Samoa",2016,671000000
ASM,"American Samoa",2017,612000000
ASM,"American Samoa",2018,639000000
ASM,"American Samoa",2019,647000000
ASM,"American Samoa",2020,721000000
ASM,"American Samoa",2021,750000000
ASM,"American Samoa",2022,871000000
ATG,"Antigua and Barbuda",1995,616051852
ATG,"Antigua and Barbuda",1996,679140741
ATG,"Antigua and Barbuda",1997,734422222
ATG,"Antigua and Barbuda",1998,789788889
ATG,"Antigua and Barbuda",1999,835544444
ATG,"Antigua and Barbuda",2000,901003704
ATG,"Antigua and Barbuda",2001,877774074
ATG,"Antigua and Barbuda",2002,898092593
ATG,"Antigua and Barbuda",2003,948100000
ATG,"Antigua and Barbuda",2004,1026329630
ATG,"Antigua and Barbuda",2005,1143896296
ATG,"Antigua and Barbuda",2006,1303674074
ATG,"Antigua and Barbuda",2007,1487381481
ATG,"Antigua and Barbuda",2008,1557640741
ATG,"Antigua and Barbuda",2009,1386518519
ATG,"Antigua and Barbuda",2010,1298348148
ATG,"Antigua and Barbuda",2011,1287359259
ATG,"Antigua and Barbuda",2012,1364729630
ATG,"Antigua and Barbuda",2013,1325496296
ATG,"Antigua and Barbuda",2014,1378707407
ATG,"Antigua and Barbuda",2015,1437485185
ATG,"Antigua and Barbuda",2016,1489603704
ATG,"Antigua and Barbuda",2017,1534855556
ATG,"Antigua and Barbuda",2018,1661529630
ATG,"Antigua and Barbuda",2019,1726448148
ATG,"Antigua and Barbuda",2020,1411637037
ATG,"Antigua and Barbuda",2021,1602125926
ATG,"Antigua and Barbuda",2022,1857114815
ATG,"Antigua and Barbuda",2023,2054096296
ATG,"Antigua and Barbuda",2024,2162366667
AUS,"Australia",1995,368725126225
AUS,"Australia",1996,401962517479
AUS,"Australia",1997,436321902767
AUS,"Australia",1998,400361527505
AUS,"Australia",1999,390347787943
AUS,"Australia",2000,416901962163
AUS,"Australia",2001,380360222861
AUS,"Australia",2002,396436967263
AUS,"Australia",2003,468517181130
AUS,"Australia",2004,615643050221
AUS,"Australia",2005,696811489613
AUS,"Australia",2006,749708370333
AUS,"Australia",2007,856603595823
AUS,"Australia",2008,1058448244064
AUS,"Australia",2009,931761689771
AUS,"Australia",2010,1152566632022
AUS,"Australia",2011,1402939868653
AUS,"Australia",2012,1552728401402
AUS,"Australia",2013,1583737461925
AUS,"Australia",2014,1474677007566
AUS,"Australia",2015,1356805839936
AUS,"Australia",2016,1211588128418
AUS,"Australia",2017,1330890554614
AUS,"Australia",2018,1433144978762
AUS,"Australia",2019,1398349602956
AUS,"Australia",2020,1333336461648
AUS,"Australia",2021,1560617493203
AUS,"Australia",2022,1695627535476
AUS,"Australia",2023,1734451264656
AUS,"Australia",2024,1757022451653
AUT,"Austria",1995,240094169510
AUT,"Austria",1996,235952581232
AUT,"Austria",1997,211724812267
AUT,"Austria",1998,217068085816
AUT,"Austria",1999,216421809126
AUT,"Austria",2000,196181599831
AUT,"Austria",2001,196477206829
AUT,"Austria",2002,212837224023
AUT,"Austria",2003,260779834340
AUT,"Austria",2004,299210411455
AUT,"Austria",2005,313952317331
AUT,"Austria",2006,333905979332
AUT,"Austria",2007,386760177589
AUT,"Austria",2008,429234399096
AUT,"Austria",2009,399290118782
AUT,"Austria",2010,389827789218
AUT,"Austria",2011,428954737064
AUT,"Austria",2012,406750487604
AUT,"Austria",2013,426580502769
AUT,"Austria",2014,438556021078
AUT,"Austria",2015,379546097301
AUT,"Austria",2016,393687359770
AUT,"Austria",2017,414926138133
AUT,"Austria",2018,452582294973
AUT,"Austria",2019,442983642372
AUT,"Austria",2020,434397601558
AUT,"Austria",2021,480466363177
AUT,"Austria",2022,473221298968
AUT,"Austria",2023,516670509629
AUT,"Austria",2024,534790720467
AZE,"Azerbaijan",1995,2417331193
AZE,"Azerbaijan",1996,3176507376
AZE,"Azerbaijan",1997,3962362387
AZE,"Azerbaijan",1998,4446368571
AZE,"Azerbaijan",1999,4581248567
AZE,"Azerbaijan",2000,5272615723
AZE,"Azerbaijan",2001,5707616204
AZE,"Azerbaijan",2002,6236087738
AZE,"Azerbaijan",2003,7276413079
AZE,"Azerbaijan",2004,8680405741
AZE,"Azerbaijan",2005,13245421881
AZE,"Azerbaijan",2006,20981929498
AZE,"Azerbaijan",2007,33049419431
AZE,"Azerbaijan",2008,48851293785
AZE,"Azerbaijan",2009,44292427185
AZE,"Azerbaijan",2010,52909294792
AZE,"Azerbaijan",2011,65952796428
AZE,"Azerbaijan",2012,69679944504
AZE,"Azerbaijan",2013,74160560124
AZE,"Azerbaijan",2014,75239785452
AZE,"Azerbaijan",2015,53076235355
AZE,"Azerbaijan",2016,37866996883
AZE,"Azerbaijan",2017,40866627352
AZE,"Azerbaijan",2018,47112470052
AZE,"Azerbaijan",2019,48174235294
AZE,"Azerbaijan",2020,42693000000
AZE,"Azerbaijan",2021,54825411765
AZE,"Azerbaijan",2022,78807470588
AZE,"Azerbaijan",2023,72428470588
AZE,"Azerbaijan",2024,74426000000
BDI,"Burundi",1995,1000428394
BDI,"Burundi",1996,869033856
BDI,"Burundi",1997,972896268
BDI,"Burundi",1998,893770740
BDI,"Burundi",1999,808077223
BDI,"Burundi",2000,870486066
BDI,"Burundi",2001,876794723
BDI,"Burundi",2002,825394519
BDI,"Burundi",2003,784654424
BDI,"Burundi",2004,915257323
BDI,"Burundi",2005,1117113080
BDI,"Burundi",2006,1273375078
BDI,"Burundi",2007,1356199387
BDI,"Burundi",2008,1611835857
BDI,"Burundi",2009,1775495032
BDI,"Burundi",2010,2032135192
BDI,"Burundi",2011,2235812880
BDI,"Burundi",2012,2327402363
BDI,"Burundi",2013,2451624638
BDI,"Burundi",2014,2705826648
BDI,"Burundi",2015,2810532912
BDI,"Burundi",2016,2618093125
BDI,"Burundi",2017,2831362208
BDI,"Burundi",2018,2913411408
BDI,"Burundi",2019,2871555326
BDI,"Burundi",2020,3188355944
BDI,"Burundi",2021,3425127991
BDI,"Burundi",2022,4020736757
BDI,"Burundi",2023,3419558408
BDI,"Burundi",2024,3037579858
BEL,"Belgium",1995,288025588396
BEL,"Belgium",1996,279201433225
BEL,"Belgium",1997,252708051421
BEL,"Belgium",1998,258528339631
BEL,"Belgium",1999,258245733221
BEL,"Belgium",2000,236792460312
BEL,"Belgium",2001,236746141604
BEL,"Belgium",2002,258383599375
BEL,"Belgium",2003,318082528507
BEL,"Belgium",2004,369214712443
BEL,"Belgium",2005,385714762230
BEL,"Belgium",2006,408259840869
BEL,"Belgium",2007,470922156309
BEL,"Belgium",2008,517328087920
BEL,"Belgium",2009,485014525992
BEL,"Belgium",2010,481556503720
BEL,"Belgium",2011,527196649049
BEL,"Belgium",2012,498414364945
BEL,"Belgium",2013,524097026599
BEL,"Belgium",2014,537987419164
BEL,"Belgium",2015,461044767545
BEL,"Belgium",2016,474271566740
BEL,"Belgium",2017,500908767352
BEL,"Belgium",2018,542638913428
BEL,"Belgium",2019,536726344405
BEL,"Belgium",2020,529694473502
BEL,"Belgium",2021,598522422242
BEL,"Belgium",2022,591474463579
BEL,"Belgium",2023,650779364364
BEL,"Belgium",2024,670983130619
BEN,"Benin",1995,2169627138
BEN,"Benin",1996,2361116449
BEN,"Benin",1997,2268301646
BEN,"Benin",1998,2455092686
BEN,"Benin",1999,3677393999
BEN,"Benin",2000,3519991440
BEN,"Benin",2001,3666222635
BEN,"Benin",2002,4194342686
BEN,"Benin",2003,5349258094
BEN,"Benin",2004,6190270380
BEN,"Benin",2005,6567654954
BEN,"Benin",2006,7034111315
BEN,"Benin",2007,8169048383
BEN,"Benin",2008,9787734526
BEN,"Benin",2009,9738626517
BEN,"Benin",2010,9535345016
BEN,"Benin",2011,10693321364
BEN,"Benin",2012,11141358116
BEN,"Benin",2013,12517845124
BEN,"Benin",2014,13284527847
BEN,"Benin",2015,11388160997
BEN,"Benin",2016,11821065853
BEN,"Benin",2017,12701655837
BEN,"Benin",2018,14262408090
BEN,"Benin",2019,14391686313
BEN,"Benin",2020,15686741884
BEN,"Benin",2021,17687623530
BEN,"Benin",2022,17425405091
BEN,"Benin",2023,19673291004
BEN,"Benin",2024,21482643706
BFA,"Burkina Faso",1995,2379517975
BFA,"Burkina Faso",1996,2586550595
BFA,"Burkina Faso",1997,2447669102
BFA,"Burkina Faso",1998,2804902367
BFA,"Burkina Faso",1999,3389566713
BFA,"Burkina Faso",2000,2968370088
BFA,"Burkina Faso",2001,3190371081
BFA,"Burkina Faso",2002,3622350063
BFA,"Burkina Faso",2003,4740768143
BFA,"Burkina Faso",2004,5451688538
BFA,"Burkina Faso",2005,6146353173
BFA,"Burkina Faso",2006,6547419820
BFA,"Burkina Faso",2007,7625722837
BFA,"Burkina Faso",2008,9451435490
BFA,"Burkina Faso",2009,9450696873
BFA,"Burkina Faso",2010,10109619741
BFA,"Burkina Faso",2011,12080295978
BFA,"Burkina Faso",2012,12561015157
BFA,"Burkina Faso",2013,13444300486
BFA,"Burkina Faso",2014,13943016077
BFA,"Burkina Faso",2015,11832159316
BFA,"Burkina Faso",2016,12833363045
BFA,"Burkina Faso",2017,14106955615
BFA,"Burkina Faso",2018,15890066221
BFA,"Burkina Faso",2019,16032813503
BFA,"Burkina Faso",2020,17725010533
BFA,"Burkina Faso",2021,19697516284
BFA,"Burkina Faso",2022,18622421395
BFA,"Burkina Faso",2023,20106062972
BFA,"Burkina Faso",2024,23136514856
BGD,"Bangladesh",1995,37939748769
BGD,"Bangladesh",1996,46438484108
BGD,"Bangladesh",1997,48244309133
BGD,"Bangladesh",1998,49984559471
BGD,"Bangladesh",1999,51270569884
BGD,"Bangladesh",2000,53369787319
BGD,"Bangladesh",2001,53991289844
BGD,"Bangladesh",2002,54724081491
BGD,"Bangladesh",2003,60158929188
BGD,"Bangladesh",2004,65108544250
BGD,"Bangladesh",2005,69476001239
BGD,"Bangladesh",2006,71795736172
BGD,"Bangladesh",2007,79611644975
BGD,"Bangladesh",2008,91636997371
BGD,"Bangladesh",2009,102475158191
BGD,"Bangladesh",2010,115275540051
BGD,"Bangladesh",2011,128607482310
BGD,"Bangladesh",2012,133310747603
BGD,"Bangladesh",2013,149998957434
BGD,"Bangladesh",2014,172886611654
BGD,"Bangladesh",2015,195146608978
BGD,"Bangladesh",2016,265224515675
BGD,"Bangladesh",2017,293732446625
BGD,"Bangladesh",2018,321362752442
BGD,"Bangladesh",2019,351231654604
BGD,"Bangladesh",2020,373979442362
BGD,"Bangladesh",2021,416271647911
BGD,"Bangladesh",2022,460131689083
BGD,"Bangladesh",2023,437415333018
BGD,"Bangladesh",2024,450119432069
BGR,"Bulgaria",1995,18992388645
BGR,"Bulgaria",1996,12295588924
BGR,"Bulgaria",1997,11316706412
BGR,"Bulgaria",1998,15031821788
BGR,"Bulgaria",1999,13637793854
BGR,"Bulgaria",2000,13246669554
BGR,"Bulgaria",2001,14184170319
BGR,"Bulgaria",2002,16403880783
BGR,"Bulgaria",2003,21146038619
BGR,"Bulgaria",2004,26159078743
BGR,"Bulgaria",2005,29870182425
BGR,"Bulgaria",2006,34382295487
BGR,"Bulgaria",2007,44433521725
BGR,"Bulgaria",2008,54483464293
BGR,"Bulgaria",2009,52026461290
BGR,"Bulgaria",2010,50691645231
BGR,"Bulgaria",2011,57684243980
BGR,"Bulgaria",2012,54299825600
BGR,"Bulgaria",2013,55822115861
BGR,"Bulgaria",2014,57083817240
BGR,"Bulgaria",2015,50768512173
BGR,"Bulgaria",2016,53932152154
BGR,"Bulgaria",2017,59170671046
BGR,"Bulgaria",2018,66100606677
BGR,"Bulgaria",2019,68511235459
BGR,"Bulgaria",2020,70490478088
BGR,"Bulgaria",2021,84378926047
BGR,"Bulgaria",2022,90510784778
BGR,"Bulgaria",2023,102204457335
BGR,"Bulgaria",2024,113349149167
BHR,"Bahrain",1995,6651180851
BHR,"Bahrain",1996,6938166755
BHR,"Bahrain",1997,7219407713
BHR,"Bahrain",1998,7031309043
BHR,"Bahrain",1999,7528469149
BHR,"Bahrain",2000,9062898936
BHR,"Bahrain",2001,8976196809
BHR,"Bahrain",2002,9593510638
BHR,"Bahrain",2003,11074813830
BHR,"Bahrain",2004,13150159574
BHR,"Bahrain",2005,15968723404
BHR,"Bahrain",2006,18504760638
BHR,"Bahrain",2007,21730000000
BHR,"Bahrain",2008,25710904255
BHR,"Bahrain",2009,22938218085
BHR,"Bahrain",2010,26805984043
BHR,"Bahrain",2011,29914680851
BHR,"Bahrain",2012,31963404255
BHR,"Bahrain",2013,33823324468
BHR,"Bahrain",2014,34772526596
BHR,"Bahrain",2015,32523297872
BHR,"Bahrain",2016,33884680851
BHR,"Bahrain",2017,37204813830
BHR,"Bahrain",2018,39567978723
BHR,"Bahrain",2019,40446808511
BHR,"Bahrain",2020,35837632979
BHR,"Bahrain",2021,40840212766
BHR,"Bahrain",2022,46458191489
BHR,"Bahrain",2023,46192260638
BHR,"Bahrain",2024,47210732713
BHS,"Bahamas, The",1995,3429000000
BHS,"Bahamas, The",1996,3609000000
BHS,"Bahamas, The",1997,6332360000
BHS,"Bahamas, The",1998,6833220000
BHS,"Bahamas, The",1999,7683870000
BHS,"Bahamas, The",2000,8076470000
BHS,"Bahamas, The",2001,8317830000
BHS,"Bahamas, The",2002,8881160000
BHS,"Bahamas, The",2003,8870090000
BHS,"Bahamas, The",2004,9055290000
BHS,"Bahamas, The",2005,9836200000
BHS,"Bahamas, The",2006,10167250000
BHS,"Bahamas, The",2007,10618340000
BHS,"Bahamas, The",2008,10526000000
BHS,"Bahamas, The",2009,9981960000
BHS,"Bahamas, The",2010,10095760000
BHS,"Bahamas, The",2011,10070450000
BHS,"Bahamas, The",2012,10720400000
BHS,"Bahamas, The",2013,10475300000
BHS,"Bahamas, The",2014,11139100000
BHS,"Bahamas, The",2015,11837600000
BHS,"Bahamas, The",2016,11880900000
BHS,"Bahamas, The",2017,12446900000
BHS,"Bahamas, The",2018,12819200000
BHS,"Bahamas, The",2019,13277000000
BHS,"Bahamas, The",2020,10363200000
BHS,"Bahamas, The",2021,12037000000
BHS,"Bahamas, The",2022,13896800000
BHS,"Bahamas, The",2023,15271300000
BHS,"Bahamas, The",2024,15832800000
BIH,"Bosnia and Herzegovina",1995,1866572954
BIH,"Bosnia and Herzegovina",1996,2786045322
BIH,"Bosnia and Herzegovina",1997,3671909673
BIH,"Bosnia and Herzegovina",1998,4116774301
BIH,"Bosnia and Herzegovina",1999,4686256363
BIH,"Bosnia and Herzegovina",2000,5567772769
BIH,"Bosnia and Herzegovina",2001,5800615375
BIH,"Bosnia and Herzegovina",2002,6728220983
BIH,"Bosnia and Herzegovina",2003,8498894359
BIH,"Bosnia and Herzegovina",2004,10156541221
BIH,"Bosnia and Herzegovina",2005,11222796337
BIH,"Bosnia and Herzegovina",2006,12864841906
BIH,"Bosnia and Herzegovina",2007,15778734264
BIH,"Bosnia and Herzegovina",2008,19112796623
BIH,"Bosnia and Herzegovina",2009,17613949091
BIH,"Bosnia and Herzegovina",2010,17176315804
BIH,"Bosnia and Herzegovina",2011,18644233537
BIH,"Bosnia and Herzegovina",2012,17226735996
BIH,"Bosnia and Herzegovina",2013,18179109209
BIH,"Bosnia and Herzegovina",2014,18558734107
BIH,"Bosnia and Herzegovina",2015,16404348361
BIH,"Bosnia and Herzegovina",2016,17116926554
BIH,"Bosnia and Herzegovina",2017,18326373136
BIH,"Bosnia and Herzegovina",2018,20484058033
BIH,"Bosnia and Herzegovina",2019,20482608984
BIH,"Bosnia and Herzegovina",2020,20226038370
BIH,"Bosnia and Herzegovina",2021,23672712121
BIH,"Bosnia and Herzegovina",2022,24534663636
BIH,"Bosnia and Herzegovina",2023,27592361498
BIH,"Bosnia and Herzegovina",2024,29737363103
BLR,"Belarus",1995,13972683274
BLR,"Belarus",1996,14500437520
BLR,"Belarus",1997,14128408566
BLR,"Belarus",1998,15222012660
BLR,"Belarus",1999,12138486532
BLR,"Belarus",2000,12736856828
BLR,"Belarus",2001,12354820144
BLR,"Belarus",2002,14594900945
BLR,"Belarus",2003,17825444724
BLR,"Belarus",2004,23141566293
BLR,"Belarus",2005,30210091837
BLR,"Belarus",2006,36961894281
BLR,"Belarus",2007,45275711996
BLR,"Belarus",2008,60752106347
BLR,"Belarus",2009,50873167326
BLR,"Belarus",2010,57231904543
BLR,"Belarus",2011,61762382328
BLR,"Belarus",2012,65685890439
BLR,"Belarus",2013,75527558966
BLR,"Belarus",2014,78813069121
BLR,"Belarus",2015,56454769845
BLR,"Belarus",2016,47723545321
BLR,"Belarus",2017,54725405751
BLR,"Belarus",2018,60031026576
BLR,"Belarus",2019,64410170653
BLR,"Belarus",2020,61371673345
BLR,"Belarus",2021,69673747132
BLR,"Belarus",2022,73775179925
BLR,"Belarus",2023,72478760370
BLR,"Belarus",2024,78591839300
BLZ,"Belize",1995,818590250
BLZ,"Belize",1996,850339100
BLZ,"Belize",1997,872916050
BLZ,"Belize",1998,929047000
BLZ,"Belize",1999,999713050
BLZ,"Belize",2000,1138138100
BLZ,"Belize",2001,1172045150
BLZ,"Belize",2002,1243912050
BLZ,"Belize",2003,1308280250
BLZ,"Belize",2004,1400202000
BLZ,"Belize",2005,1474298400
BLZ,"Belize",2006,1590463100
BLZ,"Belize",2007,1706190450
BLZ,"Belize",2008,1738453600
BLZ,"Belize",2009,1688012750
BLZ,"Belize",2010,1748988400
BLZ,"Belize",2011,1831576700
BLZ,"Belize",2012,1917083500
BLZ,"Belize",2013,2035191450
BLZ,"Belize",2014,2138242200
BLZ,"Belize",2015,2193095150
BLZ,"Belize",2016,2239604950
BLZ,"Belize",2017,2266028250
BLZ,"Belize",2018,2285915050
BLZ,"Belize",2019,2381187850
BLZ,"Belize",2020,2047284600
BLZ,"Belize",2021,2428606250
BLZ,"Belize",2022,2846604350
BLZ,"Belize",2023,3052362650
BLZ,"Belize",2024,3203631800
BMU,"Bermuda",1995,2030750000
BMU,"Bermuda",1996,2695390000
BMU,"Bermuda",1997,2932827000
BMU,"Bermuda",1998,3130748000
BMU,"Bermuda",1999,3324433000
BMU,"Bermuda",2000,3480219000
BMU,"Bermuda",2001,3680483000
BMU,"Bermuda",2002,3937228000
BMU,"Bermuda",2003,4186525000
BMU,"Bermuda",2004,4484703000
BMU,"Bermuda",2005,4868136000
BMU,"Bermuda",2006,6144000000
BMU,"Bermuda",2007,6767000000
BMU,"Bermuda",2008,6980000000
BMU,"Bermuda",2009,6656000000
BMU,"Bermuda",2010,6634526000
BMU,"Bermuda",2011,6312691000
BMU,"Bermuda",2012,6378188000
BMU,"Bermuda",2013,6465756000
BMU,"Bermuda",2014,6413988000
BMU,"Bermuda",2015,6654541000
BMU,"Bermuda",2016,6899911000
BMU,"Bermuda",2017,7142316000
BMU,"Bermuda",2018,7225977000
BMU,"Bermuda",2019,7423465000
BMU,"Bermuda",2020,6887364000
BMU,"Bermuda",2021,7290037000
BMU,"Bermuda",2022,7767884000
BMU,"Bermuda",2023,8602360000
BMU,"Bermuda",2024,9194499000
BOL,"Bolivia",1995,6715161732
BOL,"Bolivia",1996,7396949126
BOL,"Bolivia",1997,7925736821
BOL,"Bolivia",1998,8497494652
BOL,"Bolivia",1999,8285064435
BOL,"Bolivia",2000,8397855485
BOL,"Bolivia",2001,8141516928
BOL,"Bolivia",2002,7905485146
BOL,"Bolivia",2003,8082399640
BOL,"Bolivia",2004,8773451752
BOL,"Bolivia",2005,9549122905
BOL,"Bolivia",2006,11451844902
BOL,"Bolivia",2007,13120108008
BOL,"Bolivia",2008,16674276286
BOL,"Bolivia",2009,17339992194
BOL,"Bolivia",2010,19649723722
BOL,"Bolivia",2011,23963164697
BOL,"Bolivia",2012,27084497482
BOL,"Bolivia",2013,30659338886
BOL,"Bolivia",2014,32996188017
BOL,"Bolivia",2015,33000198249
BOL,"Bolivia",2016,33941126194
BOL,"Bolivia",2017,45927439595
BOL,"Bolivia",2018,48414038842
BOL,"Bolivia",2019,49056643589
BOL,"Bolivia",2020,42313784081
BOL,"Bolivia",2021,47877892402
BOL,"Bolivia",2022,50959081954
BOL,"Bolivia",2023,52340206946
BOL,"Bolivia",2024,54881327453
BRA,"Brazil",1995,769333050987
BRA,"Brazil",1996,850426432992
BRA,"Brazil",1997,883206179730
BRA,"Brazil",1998,863710759256
BRA,"Brazil",1999,599642024320
BRA,"Brazil",2000,655448231984
BRA,"Brazil",2001,559983634799
BRA,"Brazil",2002,509795273807
BRA,"Brazil",2003,558233745652
BRA,"Brazil",2004,669289424806
BRA,"Brazil",2005,891633839894
BRA,"Brazil",2006,1107626541435
BRA,"Brazil",2007,1397114486369
BRA,"Brazil",2008,1695855083498
BRA,"Brazil",2009,1666996438581
BRA,"Brazil",2010,2208837745101
BRA,"Brazil",2011,2616156223918
BRA,"Brazil",2012,2465227802807
BRA,"Brazil",2013,2472819535557
BRA,"Brazil",2014,2456043727199
BRA,"Brazil",2015,1802212206814
BRA,"Brazil",2016,1795693482853
BRA,"Brazil",2017,2063514977366
BRA,"Brazil",2018,1916933898011
BRA,"Brazil",2019,1873288205060
BRA,"Brazil",2020,1476107231310
BRA,"Brazil",2021,1670647398905
BRA,"Brazil",2022,1951923942083
BRA,"Brazil",2023,2191131765685
BRA,"Brazil",2024,2185821610689
BRB,"Barbados",1995,2216974096
BRB,"Barbados",1996,2363645403
BRB,"Barbados",1997,2498384130
BRB,"Barbados",1998,2817083478
BRB,"Barbados",1999,2951822205
BRB,"Barbados",2000,3059500000
BRB,"Barbados",2001,3054500000
BRB,"Barbados",2002,3106500000
BRB,"Barbados",2003,3209500000
BRB,"Barbados",2004,3444500000
BRB,"Barbados",2005,3819500000
BRB,"Barbados",2006,4217323400
BRB,"Barbados",2007,4675767950
BRB,"Barbados",2008,4790410400
BRB,"Barbados",2009,4466809600
BRB,"Barbados",2010,5428683250
BRB,"Barbados",2011,5563162050
BRB,"Barbados",2012,5486500500
BRB,"Barbados",2013,5660059700
BRB,"Barbados",2014,5684901000
BRB,"Barbados",2015,5699619150
BRB,"Barbados",2016,5679029450
BRB,"Barbados",2017,5847381600
BRB,"Barbados",2018,6001101550
BRB,"Barbados",2019,6166710800
BRB,"Barbados",2020,5403246950
BRB,"Barbados",2021,5948900600
BRB,"Barbados",2022,6886644900
BRB,"Barbados",2023,7223248150
BRB,"Barbados",2024,7597571450
BRN,"Brunei Darussalam",1995,7700144069
BRN,"Brunei Darussalam",1996,7663377306
BRN,"Brunei Darussalam",1997,7793034376
BRN,"Brunei Darussalam",1998,5550846020
BRN,"Brunei Darussalam",1999,6309070378
BRN,"Brunei Darussalam",2000,6570999088
BRN,"Brunei Darussalam",2001,6096155767
BRN,"Brunei Darussalam",2002,6333082876
BRN,"Brunei Darussalam",2003,7167725262
BRN,"Brunei Darussalam",2004,8619178774
BRN,"Brunei Darussalam",2005,10547202621
BRN,"Brunei Darussalam",2006,12644616419
BRN,"Brunei Darussalam",2007,13432029484
BRN,"Brunei Darussalam",2008,15926456515
BRN,"Brunei Darussalam",2009,11912904510
BRN,"Brunei Darussalam",2010,13707121038
BRN,"Brunei Darussalam",2011,18524791063
BRN,"Brunei Darussalam",2012,19048443341
BRN,"Brunei Darussalam",2013,18094148099
BRN,"Brunei Darussalam",2014,17097797386
BRN,"Brunei Darussalam",2015,12930296870
BRN,"Brunei Darussalam",2016,11400266045
BRN,"Brunei Darussalam",2017,12128168045
BRN,"Brunei Darussalam",2018,13566908391
BRN,"Brunei Darussalam",2019,13469235365
BRN,"Brunei Darussalam",2020,12005799654
BRN,"Brunei Darussalam",2021,14006496617
BRN,"Brunei Darussalam",2022,16681536467
BRN,"Brunei Darussalam",2023,15095084656
BRN,"Brunei Darussalam",2024,15340808592
BTN,"Bhutan",1995,290490984
BTN,"Bhutan",1996,303408346
BTN,"Bhutan",1997,352229077
BTN,"Bhutan",1998,363458381
BTN,"Bhutan",1999,399311200
BTN,"Bhutan",2000,460733418
BTN,"Bhutan",2001,496110226
BTN,"Bhutan",2002,559345264
BTN,"Bhutan",2003,651935430
BTN,"Bhutan",2004,735348490
BTN,"Bhutan",2005,860391000
BTN,"Bhutan",2006,942879879
BTN,"Bhutan",2007,1255767964
BTN,"Bhutan",2008,1317517835
BTN,"Bhutan",2009,1331343798
BTN,"Bhutan",2010,1708880730
BTN,"Bhutan",2011,1977728659
BTN,"Bhutan",2012,1973387228
BTN,"Bhutan",2013,1943696952
BTN,"Bhutan",2014,2089079571
BTN,"Bhutan",2015,2187815803
BTN,"Bhutan",2016,2357504761
BTN,"Bhutan",2017,2591358009
BTN,"Bhutan",2018,2583335722
BTN,"Bhutan",2019,2735683570
BTN,"Bhutan",2020,2457604334
BTN,"Bhutan",2021,2768802960
BTN,"Bhutan",2022,2898227744
BTN,"Bhutan",2023,3012896790
BTN,"Bhutan",2024,3346603859
BWA,"Botswana",1995,4730599122
BWA,"Botswana",1996,4847757218
BWA,"Botswana",1997,5020265627
BWA,"Botswana",1998,4790481509
BWA,"Botswana",1999,5484263347
BWA,"Botswana",2000,5788329609
BWA,"Botswana",2001,5489608300
BWA,"Botswana",2002,5438863983
BWA,"Botswana",2003,7511582173
BWA,"Botswana",2004,8957467707
BWA,"Botswana",2005,9918907108
BWA,"Botswana",2006,9919158482
BWA,"Botswana",2007,10567270656
BWA,"Botswana",2008,10730829116
BWA,"Botswana",2009,10118459242
BWA,"Botswana",2010,12637273429
BWA,"Botswana",2011,15110643612
BWA,"Botswana",2012,13907464500
BWA,"Botswana",2013,14271738933
BWA,"Botswana",2014,15470088501
BWA,"Botswana",2015,13530748845
BWA,"Botswana",2016,15082637184
BWA,"Botswana",2017,16105155857
BWA,"Botswana",2018,17031943186
BWA,"Botswana",2019,16725908149
BWA,"Botswana",2020,14960251608
BWA,"Botswana",2021,18750182236
BWA,"Botswana",2022,20321150599
BWA,"Botswana",2023,19413614555
BWA,"Botswana",2024,19286251068
CAF,"Central African Republic",1995,1115389674
CAF,"Central African Republic",1996,1007791127
CAF,"Central African Republic",1997,937741513
CAF,"Central African Republic",1998,967338390
CAF,"Central African Republic",1999,999477511
CAF,"Central African Republic",2000,916777283
CAF,"Central African Republic",2001,932648605
CAF,"Central African Republic",2002,996068145
CAF,"Central African Republic",2003,1142315523
CAF,"Central African Republic",2004,1272360517
CAF,"Central African Republic",2005,1337894379
CAF,"Central African Republic",2006,1461859762
CAF,"Central African Republic",2007,1699811295
CAF,"Central African Republic",2008,1993407888
CAF,"Central African Republic",2009,2067381665
CAF,"Central African Republic",2010,2142591540
CAF,"Central African Republic",2011,2437982705
CAF,"Central African Republic",2012,2510126512
CAF,"Central African Republic",2013,1691544110
CAF,"Central African Republic",2014,1894813389
CAF,"Central African Republic",2015,1695825714
CAF,"Central African Republic",2016,1825018145
CAF,"Central African Republic",2017,2072349973
CAF,"Central African Republic",2018,2220979146
CAF,"Central African Republic",2019,2221301351
CAF,"Central African Republic",2020,2326720900
CAF,"Central African Republic",2021,2516498412
CAF,"Central African Republic",2022,2382618615
CAF,"Central African Republic",2023,2555492086
CAF,"Central African Republic",2024,2751494281
CAN,"Canada",1995,605961090061
CAN,"Canada",1996,630607994133
CAN,"Canada",1997,654987722086
CAN,"Canada",1998,633999325918
CAN,"Canada",1999,678414215521
CAN,"Canada",2000,744773415932
CAN,"Canada",2001,738981792355
CAN,"Canada",2002,760650608552
CAN,"Canada",2003,895542074085
CAN,"Canada",2004,1026691006918
CAN,"Canada",2005,1173118501403
CAN,"Canada",2006,1319291255289
CAN,"Canada",2007,1468820407783
CAN,"Canada",2008,1552993439550
CAN,"Canada",2009,1374627766600
CAN,"Canada",2010,1617349192091
CAN,"Canada",2011,1793335727901
CAN,"Canada",2012,1828359477072
CAN,"Canada",2013,1846583831414
CAN,"Canada",2014,1805751688809
CAN,"Canada",2015,1556510380200
CAN,"Canada",2016,1527996250641
CAN,"Canada",2017,1649269496515
CAN,"Canada",2018,1725330736238
CAN,"Canada",2019,1743728952157
CAN,"Canada",2020,1655686966882
CAN,"Canada",2021,2022377950897
CAN,"Canada",2022,2200562785046
CAN,"Canada",2023,2196593836347
CAN,"Canada",2024,2270076189683
CEB,"Central Europe and the Baltics",1995,388889205137
CEB,"Central Europe and the Baltics",1996,411186267613
CEB,"Central Europe and the Baltics",1997,405325268751
CEB,"Central Europe and the Baltics",1998,442779325890
CEB,"Central Europe and the Baltics",1999,426345402233
CEB,"Central Europe and the Baltics",2000,420823859911
CEB,"Central Europe and the Baltics",2001,460153265512
CEB,"Central Europe and the Baltics",2002,518049996937
CEB,"Central Europe and the Baltics",2003,621437270111
CEB,"Central Europe and the Baltics",2004,749236864681
CEB,"Central Europe and the Baltics",2005,871993037921
CEB,"Central Europe and the Baltics",2006,987675979324
CEB,"Central Europe and the Baltics",2007,1254691637899
CEB,"Central Europe and the Baltics",2008,1526123276964
CEB,"Central Europe and the Baltics",2009,1289261661161
CEB,"Central Europe and the Baltics",2010,1319446244882
CEB,"Central Europe and the Baltics",2011,1458158364345
CEB,"Central Europe and the Baltics",2012,1361901163412
CEB,"Central Europe and the Baltics",2013,1420225996416
CEB,"Central Europe and the Baltics",2014,1467454376587
CEB,"Central Europe and the Baltics",2015,1297144243678
CEB,"Central Europe and the Baltics",2016,1321564300745
CEB,"Central Europe and the Baltics",2017,1467504296997
CEB,"Central Europe and the Baltics",2018,1656387103225
CEB,"Central Europe and the Baltics",2019,1684322326510
CEB,"Central Europe and the Baltics",2020,1678297364952
CEB,"Central Europe and the Baltics",2021,1926387937050
CEB,"Central Europe and the Baltics",2022,1954028005289
CEB,"Central Europe and the Baltics",2023,2273564082260
CEB,"Central Europe and the Baltics",2024,2463134865871
CHE,"Switzerland",1995,358152520085
CHE,"Switzerland",1996,345373647249
CHE,"Switzerland",1997,298868250534
CHE,"Switzerland",1998,306907741068
CHE,"Switzerland",1999,301911268140
CHE,"Switzerland",2000,282327351966
CHE,"Switzerland",2001,290160142214
CHE,"Switzerland",2002,313930961761
CHE,"Switzerland",2003,366563952625
CHE,"Switzerland",2004,409012909530
CHE,"Switzerland",2005,424511048024
CHE,"Switzerland",2006,448364681767
CHE,"Switzerland",2007,498993845385
CHE,"Switzerland",2008,574703945157
CHE,"Switzerland",2009,563659557945
CHE,"Switzerland",2010,609999593542
CHE,"Switzerland",2011,727231637102
CHE,"Switzerland",2012,697882536677
CHE,"Switzerland",2013,718748402260
CHE,"Switzerland",2014,741168119617
CHE,"Switzerland",2015,706199008879
CHE,"Switzerland",2016,698607778795
CHE,"Switzerland",2017,706660443624
CHE,"Switzerland",2018,740766531454
CHE,"Switzerland",2019,736384764157
CHE,"Switzerland",2020,756096180222
CHE,"Switzerland",2021,840710023481
CHE,"Switzerland",2022,858479038994
CHE,"Switzerland",2023,928435275852
CHE,"Switzerland",2024,969919786395
CHI,"Channel Islands",1998,5945677377
CHI,"Channel Islands",1999,6262740657
CHI,"Channel Islands",2000,6439703435
CHI,"Channel Islands",2001,6232906290
CHI,"Channel Islands",2002,6663669065
CHI,"Channel Islands",2003,7332244898
CHI,"Channel Islands",2004,8553643354
CHI,"Channel Islands",2005,8827272727
CHI,"Channel Islands",2006,9676172953
CHI,"Channel Islands",2007,11514605842
CHI,"Channel Islands",2009,9100755725
CHI,"Channel Islands",2010,8902359316
CHI,"Channel Islands",2011,9648680026
CHI,"Channel Islands",2012,9454638123
CHI,"Channel Islands",2013,9594745811
CHI,"Channel Islands",2014,10527973278
CHI,"Channel Islands",2015,10109273770
CHI,"Channel Islands",2016,9168857222
CHI,"Channel Islands",2017,9170044517
CHI,"Channel Islands",2018,10026394044
CHI,"Channel Islands",2019,10031864649
CHI,"Channel Islands",2020,9439810769
CHI,"Channel Islands",2021,11157540110
CHI,"Channel Islands",2022,11308272505
CHI,"Channel Islands",2023,12507320838
CHL,"Chile",1995,73820425702
CHL,"Chile",1996,78584098984
CHL,"Chile",1997,85741415285
CHL,"Chile",1998,81990010704
CHL,"Chile",1999,75578685736
CHL,"Chile",2000,78339750721
CHL,"Chile",2001,71574739561
CHL,"Chile",2002,70264045939
CHL,"Chile",2003,76492579644
CHL,"Chile",2004,99075985774
CHL,"Chile",2005,122294145163
CHL,"Chile",2006,153843518171
CHL,"Chile",2007,172491076034
CHL,"Chile",2008,179894594475
CHL,"Chile",2009,171777900624
CHL,"Chile",2010,217051209239
CHL,"Chile",2011,251382573894
CHL,"Chile",2012,267024782487
CHL,"Chile",2013,277395018842
CHL,"Chile",2014,259560978224
CHL,"Chile",2015,242450355831
CHL,"Chile",2016,249344863928
CHL,"Chile",2017,276154259981
CHL,"Chile",2018,295857562992
CHL,"Chile",2019,278308438545
CHL,"Chile",2020,254103710483
CHL,"Chile",2021,315507493783
CHL,"Chile",2022,301099244104
CHL,"Chile",2023,335802745366
CHL,"Chile",2024,329260633699
CHN,"China",1995,738190896228
CHN,"China",1996,868523936530
CHN,"China",1997,967753570435
CHN,"China",1998,1037134141760
CHN,"China",1999,1103843203576
CHN,"China",2000,1223754919971
CHN,"China",2001,1355036590252
CHN,"China",2002,1489821682051
CHN,"China",2003,1683903309844
CHN,"China",2004,1984196551300
CHN,"China",2005,2317551298052
CHN,"China",2006,2791498472804
CHN,"China",2007,3604055822572
CHN,"China",2008,4667346414522
CHN,"China",2009,5189577094998
CHN,"China",2010,6192564874453
CHN,"China",2011,7671757207851
CHN,"China",2012,8673664713189
CHN,"China",2013,9743124247267
CHN,"China",2014,10674533168257
CHN,"China",2015,11280814787469
CHN,"China",2016,11456024084962
CHN,"China",2017,12537559062283
CHN,"China",2018,14147765772964
CHN,"China",2019,14560167101283
CHN,"China",2020,14996414166715
CHN,"China",2021,18201698719564
CHN,"China",2022,18316765021690
CHN,"China",2023,18270356654533
CHN,"China",2024,18729668435848
CIV,"Cote d'Ivoire",1995,11000146267
CIV,"Cote d'Ivoire",1996,18071152831
CIV,"Cote d'Ivoire",1997,18047558038
CIV,"Cote d'Ivoire",1998,19619654756
CIV,"Cote d'Ivoire",1999,18870992456
CIV,"Cote d'Ivoire",2000,16577533892
CIV,"Cote d'Ivoire",2001,16810537044
CIV,"Cote d'Ivoire",2002,18054383321
CIV,"Cote d'Ivoire",2003,21251754340
CIV,"Cote d'Ivoire",2004,23510575681
CIV,"Cote d'Ivoire",2005,24036918703
CIV,"Cote d'Ivoire",2006,25281413263
CIV,"Cote d'Ivoire",2007,28760090953
CIV,"Cote d'Ivoire",2008,34078240293
CIV,"Cote d'Ivoire",2009,33886813250
CIV,"Cote d'Ivoire",2010,34936307980
CIV,"Cote d'Ivoire",2011,36693710801
CIV,"Cote d'Ivoire",2012,36302302877
CIV,"Cote d'Ivoire",2013,42760235485
CIV,"Cote d'Ivoire",2014,48843005614
CIV,"Cote d'Ivoire",2015,45815005169
CIV,"Cote d'Ivoire",2016,48407761037
CIV,"Cote d'Ivoire",2017,52512343997
CIV,"Cote d'Ivoire",2018,58522477787
CIV,"Cote d'Ivoire",2019,60382894697
CIV,"Cote d'Ivoire",2020,63027852805
CIV,"Cote d'Ivoire",2021,72794636654
CIV,"Cote d'Ivoire",2022,70922824814
CIV,"Cote d'Ivoire",2023,80780312569
CIV,"Cote d'Ivoire",2024,87113179149
CMR,"Cameroon",1995,10864772471
CMR,"Cameroon",1996,11093538846
CMR,"Cameroon",1997,10789458433
CMR,"Cameroon",1998,11298144990
CMR,"Cameroon",1999,11565826465
CMR,"Cameroon",2000,10566579295
CMR,"Cameroon",2001,10953485349
CMR,"Cameroon",2002,12417251350
CMR,"Cameroon",2003,15970315035
CMR,"Cameroon",2004,18826214136
CMR,"Cameroon",2005,19509852207
CMR,"Cameroon",2006,20910512975
CMR,"Cameroon",2007,23928250433
CMR,"Cameroon",2008,27715142033
CMR,"Cameroon",2009,27932970317
CMR,"Cameroon",2010,27507501821
CMR,"Cameroon",2011,30630910495
CMR,"Cameroon",2012,30155062329
CMR,"Cameroon",2013,33728621180
CMR,"Cameroon",2014,36386544706
CMR,"Cameroon",2015,32210233020
CMR,"Cameroon",2016,33814337044
CMR,"Cameroon",2017,36098547033
CMR,"Cameroon",2018,39955552190
CMR,"Cameroon",2019,39667757528
CMR,"Cameroon",2020,40773241177
CMR,"Cameroon",2021,45011937347
CMR,"Cameroon",2022,44347206073
CMR,"Cameroon",2023,48814501547
CMR,"Cameroon",2024,53296694320
COD,"Congo, Dem. Rep.",1995,5643439376
COD,"Congo, Dem. Rep.",1996,5771456952
COD,"Congo, Dem. Rep.",1997,6090838693
COD,"Congo, Dem. Rep.",1998,6217805821
COD,"Congo, Dem. Rep.",1999,4711259427
COD,"Congo, Dem. Rep.",2000,19088046306
COD,"Congo, Dem. Rep.",2001,7438189100
COD,"Congo, Dem. Rep.",2002,8728038525
COD,"Congo, Dem. Rep.",2003,8937567060
COD,"Congo, Dem. Rep.",2004,10297483481
COD,"Congo, Dem. Rep.",2005,12609728573
COD,"Congo, Dem. Rep.",2006,15484044535
COD,"Congo, Dem. Rep.",2007,18374807773
COD,"Congo, Dem. Rep.",2008,22723488723
COD,"Congo, Dem. Rep.",2009,18607259481
COD,"Congo, Dem. Rep.",2010,24161641931
COD,"Congo, Dem. Rep.",2011,26392379642
COD,"Congo, Dem. Rep.",2012,30029369929
COD,"Congo, Dem. Rep.",2013,34891189160
COD,"Congo, Dem. Rep.",2014,38352980553
COD,"Congo, Dem. Rep.",2015,40179574490
COD,"Congo, Dem. Rep.",2016,38600224214
COD,"Congo, Dem. Rep.",2017,37537521566
COD,"Congo, Dem. Rep.",2018,46659954092
COD,"Congo, Dem. Rep.",2019,46845900350
COD,"Congo, Dem. Rep.",2020,46691989749
COD,"Congo, Dem. Rep.",2021,59067289574
COD,"Congo, Dem. Rep.",2022,70422346142
COD,"Congo, Dem. Rep.",2023,69843655425
COD,"Congo, Dem. Rep.",2024,75716176105
COG,"Congo, Rep.",1995,2116003868
COG,"Congo, Rep.",1996,2540697539
COG,"Congo, Rep.",1997,2322719103
COG,"Congo, Rep.",1998,1949481379
COG,"Congo, Rep.",1999,2354772960
COG,"Congo, Rep.",2000,3227927698
COG,"Congo, Rep.",2001,2796704604
COG,"Congo, Rep.",2002,3034250924
COG,"Congo, Rep.",2003,3503723088
COG,"Congo, Rep.",2004,4656974940
COG,"Congo, Rep.",2005,6650001680
COG,"Congo, Rep.",2006,8072305029
COG,"Congo, Rep.",2007,8782703437
COG,"Congo, Rep.",2008,11649857673
COG,"Congo, Rep.",2009,9723299915
COG,"Congo, Rep.",2010,13148396212
COG,"Congo, Rep.",2011,15655383577
COG,"Congo, Rep.",2012,17692911296
COG,"Congo, Rep.",2013,17958720699
COG,"Congo, Rep.",2014,17919321078
COG,"Congo, Rep.",2015,12434793867
COG,"Congo, Rep.",2016,10931328151
COG,"Congo, Rep.",2017,11834473039
COG,"Congo, Rep.",2018,14773900289
COG,"Congo, Rep.",2019,13976637780
COG,"Congo, Rep.",2020,11468687464
COG,"Congo, Rep.",2021,14825690211
COG,"Congo, Rep.",2022,15817030155
COG,"Congo, Rep.",2023,15321055823
COG,"Congo, Rep.",2024,15719986077
COL,"Colombia",1995,92507279383
COL,"Colombia",1996,97160109278
COL,"Colombia",1997,106659508271
COL,"Colombia",1998,98443739941
COL,"Colombia",1999,86186158685
COL,"Colombia",2000,99875074951
COL,"Colombia",2001,98200641203
COL,"Colombia",2002,97945812803
COL,"Colombia",2003,94644969157
COL,"Colombia",2004,117092416666
COL,"Colombia",2005,145600529606
COL,"Colombia",2006,161792958905
COL,"Colombia",2007,206229540926
COL,"Colombia",2008,242504150473
COL,"Colombia",2009,232468663110
COL,"Colombia",2010,286498534095
COL,"Colombia",2011,334966134805
COL,"Colombia",2012,370691143018
COL,"Colombia",2013,382093697078
COL,"Colombia",2014,381240864422
COL,"Colombia",2015,293492370193
COL,"Colombia",2016,282720100286
COL,"Colombia",2017,311866875157
COL,"Colombia",2018,334198218098
COL,"Colombia",2019,323031701193
COL,"Colombia",2020,270348342541
COL,"Colombia",2021,318524633225
COL,"Colombia",2022,345632492851
COL,"Colombia",2023,366901643683
COL,"Colombia",2024,420504033143
COM,"Comoros",1995,392774714
COM,"Comoros",1996,392488149
COM,"Comoros",1997,362816806
COM,"Comoros",1998,363932160
COM,"Comoros",1999,371921712
COM,"Comoros",2000,339504306
COM,"Comoros",2001,372746486
COM,"Comoros",2002,427360070
COM,"Comoros",2003,546830041
COM,"Comoros",2004,622679660
COM,"Comoros",2005,655375096
COM,"Comoros",2006,688498642
COM,"Comoros",2007,795673153
COM,"Comoros",2008,915659108
COM,"Comoros",2009,905341173
COM,"Comoros",2010,907979446
COM,"Comoros",2011,1023087476
COM,"Comoros",2012,1015842907
COM,"Comoros",2013,1116223107
COM,"Comoros",2014,1149587562
COM,"Comoros",2015,966029601
COM,"Comoros",2016,1012835493
COM,"Comoros",2017,1077439757
COM,"Comoros",2018,1188797449
COM,"Comoros",2019,1195019532
COM,"Comoros",2020,1225039197
COM,"Comoros",2021,1299039312
COM,"Comoros",2022,1279542249
COM,"Comoros",2023,1465977684
COM,"Comoros",2024,1610082688
CPV,"Cabo Verde",1995,487148994
CPV,"Cabo Verde",1996,501979270
CPV,"Cabo Verde",1997,490608658
CPV,"Cabo Verde",1998,521910561
CPV,"Cabo Verde",1999,592416703
CPV,"Cabo Verde",2000,539227278
CPV,"Cabo Verde",2001,563090490
CPV,"Cabo Verde",2002,620507387
CPV,"Cabo Verde",2003,813260469
CPV,"Cabo Verde",2004,924940012
CPV,"Cabo Verde",2005,972241677
CPV,"Cabo Verde",2006,1107571458
CPV,"Cabo Verde",2007,1649621739
CPV,"Cabo Verde",2008,1959620648
CPV,"Cabo Verde",2009,1852334575
CPV,"Cabo Verde",2010,1824751468
CPV,"Cabo Verde",2011,2046817987
CPV,"Cabo Verde",2012,1913081210
CPV,"Cabo Verde",2013,2028910915
CPV,"Cabo Verde",2014,2041930125
CPV,"Cabo Verde",2015,1749857620
CPV,"Cabo Verde",2016,1849789986
CPV,"Cabo Verde",2017,1996741540
CPV,"Cabo Verde",2018,2205099507
CPV,"Cabo Verde",2019,2252177124
CPV,"Cabo Verde",2020,1821565614
CPV,"Cabo Verde",2021,2051842619
CPV,"Cabo Verde",2022,2247003344
CPV,"Cabo Verde",2023,2504525538
CPV,"Cabo Verde",2024,2713721857
CRI,"Costa Rica",1995,11578594333
CRI,"Costa Rica",1996,11678424727
CRI,"Costa Rica",1997,12614602322
CRI,"Costa Rica",1998,13684255998
CRI,"Costa Rica",1999,14254866284
CRI,"Costa Rica",2000,15013629579
CRI,"Costa Rica",2001,15976174476
CRI,"Costa Rica",2002,16578820799
CRI,"Costa Rica",2003,17271760397
CRI,"Costa Rica",2004,18610594844
CRI,"Costa Rica",2005,20040642421
CRI,"Costa Rica",2006,22715540342
CRI,"Costa Rica",2007,26884700688
CRI,"Costa Rica",2008,30801745703
CRI,"Costa Rica",2009,30745714234
CRI,"Costa Rica",2010,37658616966
CRI,"Costa Rica",2011,42762613785
CRI,"Costa Rica",2012,47231655493
CRI,"Costa Rica",2013,50949668763
CRI,"Costa Rica",2014,52016408816
CRI,"Costa Rica",2015,56441920888
CRI,"Costa Rica",2016,58847019588
CRI,"Costa Rica",2017,60516044661
CRI,"Costa Rica",2018,62567765946
CRI,"Costa Rica",2019,64753504730
CRI,"Costa Rica",2020,62806591555
CRI,"Costa Rica",2021,65588938787
CRI,"Costa Rica",2022,71001226361
CRI,"Costa Rica",2023,87512637056
CRI,"Costa Rica",2024,96715644331
CSS,"Caribbean small states",1995,15732201525
CSS,"Caribbean small states",1996,16941993240
CSS,"Caribbean small states",1997,20074931520
CSS,"Caribbean small states",1998,21643804665
CSS,"Caribbean small states",1999,23393912390
CSS,"Caribbean small states",2000,25625542926
CSS,"Caribbean small states",2001,26504661126
CSS,"Caribbean small states",2002,27742046925
CSS,"Caribbean small states",2003,30589389406
CSS,"Caribbean small states",2004,33597817092
CSS,"Caribbean small states",2005,38224293959
CSS,"Caribbean small states",2006,44325879983
CSS,"Caribbean small states",2007,49739222993
CSS,"Caribbean small states",2008,57296315262
CSS,"Caribbean small states",2009,47913515379
CSS,"Caribbean small states",2010,52803409572
CSS,"Caribbean small states",2011,56728212756
CSS,"Caribbean small states",2012,60152214325
CSS,"Caribbean small states",2013,62057809452
CSS,"Caribbean small states",2014,64139344973
CSS,"Caribbean small states",2015,62546622822
CSS,"Caribbean small states",2016,58077597800
CSS,"Caribbean small states",2017,59854333034
CSS,"Caribbean small states",2018,61251232770
CSS,"Caribbean small states",2019,62185048912
CSS,"Caribbean small states",2020,53339533047
CSS,"Caribbean small states",2021,62692425791
CSS,"Caribbean small states",2022,78475897833
CSS,"Caribbean small states",2023,79594075307
CSS,"Caribbean small states",2024,90434300483
CUB,"Cuba",1995,30429803651
CUB,"Cuba",1996,25017368700
CUB,"Cuba",1997,25365908100
CUB,"Cuba",1998,25736331200
CUB,"Cuba",1999,28364615200
CUB,"Cuba",2000,30565400000
CUB,"Cuba",2001,31682400000
CUB,"Cuba",2002,33590500000
CUB,"Cuba",2003,35901200000
CUB,"Cuba",2004,38203000000
CUB,"Cuba",2005,42643836100
CUB,"Cuba",2006,48835925926
CUB,"Cuba",2007,54262870370
CUB,"Cuba",2008,56302129630
CUB,"Cuba",2009,57481481481
CUB,"Cuba",2010,59562962963
CUB,"Cuba",2011,68990000000
CUB,"Cuba",2012,73141000000
CUB,"Cuba",2013,77148000000
CUB,"Cuba",2014,80656100000
CUB,"Cuba",2015,87132800000
CUB,"Cuba",2016,91370407900
CUB,"Cuba",2017,96850649700
CUB,"Cuba",2018,100050036100
CUB,"Cuba",2019,103427600000
CUB,"Cuba",2020,107352000000
CUW,"Curacao",2000,2120511229
CUW,"Curacao",2001,2143450726
CUW,"Curacao",2002,2160784693
CUW,"Curacao",2003,2202117374
CUW,"Curacao",2004,2237160503
CUW,"Curacao",2005,2344637263
CUW,"Curacao",2006,2457581732
CUW,"Curacao",2007,2593831508
CUW,"Curacao",2008,2833476145
CUW,"Curacao",2009,2869153184
CUW,"Curacao",2010,2951342793
CUW,"Curacao",2011,2930092235
CUW,"Curacao",2012,3012836257
CUW,"Curacao",2013,3033568603
CUW,"Curacao",2014,3059406983
CUW,"Curacao",2015,3058779218
CUW,"Curacao",2016,3024690168
CUW,"Curacao",2017,3033433240
CUW,"Curacao",2018,3046364804
CUW,"Curacao",2019,3026124134
CUW,"Curacao",2020,2534327598
CUW,"Curacao",2021,2739594358
CUW,"Curacao",2022,3075180838
CUW,"Curacao",2023,3281419330
CUW,"Curacao",2024,3561178212
CYM,"Cayman Islands",2006,4200288241
CYM,"Cayman Islands",2007,4466278065
CYM,"Cayman Islands",2008,4585949024
CYM,"Cayman Islands",2009,4281714567
CYM,"Cayman Islands",2010,4156841107
CYM,"Cayman Islands",2011,4186073104
CYM,"Cayman Islands",2012,4291004524
CYM,"Cayman Islands",2013,4405796023
CYM,"Cayman Islands",2014,4562853611
CYM,"Cayman Islands",2015,4708167233
CYM,"Cayman Islands",2016,4909322237
CYM,"Cayman Islands",2017,5166281305
CYM,"Cayman Islands",2018,5530178441
CYM,"Cayman Islands",2019,5941896608
CYM,"Cayman Islands",2020,5655357984
CYM,"Cayman Islands",2021,6060813808
CYM,"Cayman Islands",2022,6653516041
CYM,"Cayman Islands",2023,7308564549
CYM,"Cayman Islands",2024,7765336505
CYP,"Cyprus",1995,9933137128
CYP,"Cyprus",1996,10011914680
CYP,"Cyprus",1997,9547816420
CYP,"Cyprus",1998,10248618778
CYP,"Cyprus",1999,10497907228
CYP,"Cyprus",2000,9985847314
CYP,"Cyprus",2001,10397898907
CYP,"Cyprus",2002,11420228846
CYP,"Cyprus",2003,14547329558
CYP,"Cyprus",2004,17320551250
CYP,"Cyprus",2005,18433412511
CYP,"Cyprus",2006,20072754987
CYP,"Cyprus",2007,23968727074
CYP,"Cyprus",2008,27958384913
CYP,"Cyprus",2009,26048190775
CYP,"Cyprus",2010,25799940416
CYP,"Cyprus",2011,27641553201
CYP,"Cyprus",2012,25047433100
CYP,"Cyprus",2013,23959708956
CYP,"Cyprus",2014,23225912183
CYP,"Cyprus",2015,19909269065
CYP,"Cyprus",2016,21046452117
CYP,"Cyprus",2017,22946583376
CYP,"Cyprus",2018,25754011492
CYP,"Cyprus",2019,26196660680
CYP,"Cyprus",2020,25555082267
CYP,"Cyprus",2021,30372637513
CYP,"Cyprus",2022,31218047044
CYP,"Cyprus",2023,35075440603
CYP,"Cyprus",2024,37634551821
CZE,"Czechia",1995,60572381311
CZE,"Czechia",1996,67804105330
CZE,"Czechia",1997,62539765163
CZE,"Czechia",1998,67187217328
CZE,"Czechia",1999,65586562605
CZE,"Czechia",2000,62175642238
CZE,"Czechia",2001,68135304464
CZE,"Czechia",2002,82607869610
CZE,"Czechia",2003,100435924705
CZE,"Czechia",2004,120147899984
CZE,"Czechia",2005,137264185596
CZE,"Czechia",2006,156236258387
CZE,"Czechia",2007,190040702287
CZE,"Czechia",2008,236506264754
CZE,"Czechia",2009,206971882705
CZE,"Czechia",2010,211168667286
CZE,"Czechia",2011,231429378717
CZE,"Czechia",2012,210363223088
CZE,"Czechia",2013,213024360541
CZE,"Czechia",2014,210911285078
CZE,"Czechia",2015,189107698562
CZE,"Czechia",2016,198160659304
CZE,"Czechia",2017,221563575696
CZE,"Czechia",2018,251992360762
CZE,"Czechia",2019,256794209029
CZE,"Czechia",2020,251109660603
CZE,"Czechia",2021,290972714482
CZE,"Czechia",2022,301831228326
CZE,"Czechia",2023,345059295660
CZE,"Czechia",2024,347082562221
DEU,"Germany",1995,2593053091306
DEU,"Germany",1996,2506576553158
DEU,"Germany",1997,2218790886533
DEU,"Germany",1998,2247760364566
DEU,"Germany",1999,2213873468587
DEU,"Germany",2000,1966980701145
DEU,"Germany",2001,1966381496642
DEU,"Germany",2002,2102350798306
DEU,"Germany",2003,2534715518349
DEU,"Germany",2004,2852317768062
DEU,"Germany",2005,2893393187362
DEU,"Germany",2006,3046308753671
DEU,"Germany",2007,3484056680855
DEU,"Germany",2008,3808197720125
DEU,"Germany",2009,3478545516684
DEU,"Germany",2010,3467093769667
DEU,"Germany",2011,3823575803794
DEU,"Germany",2012,3596483233406
DEU,"Germany",2013,3807023797051
DEU,"Germany",2014,3964870735761
DEU,"Germany",2015,3425099578746
DEU,"Germany",2016,3536787895179
DEU,"Germany",2017,3765351626106
DEU,"Germany",2018,4055433215302
DEU,"Germany",2019,3959894794039
DEU,"Germany",2020,3941398957074
DEU,"Germany",2021,4355251953411
DEU,"Germany",2022,4201021706479
DEU,"Germany",2023,4562207532490
DEU,"Germany",2024,4685592577805
DJI,"Djibouti",1995,497723961
DJI,"Djibouti",1996,494004648
DJI,"Djibouti",1997,502675542
DJI,"Djibouti",1998,514267869
DJI,"Djibouti",1999,536080148
DJI,"Djibouti",2000,551230862
DJI,"Djibouti",2001,572417441
DJI,"Djibouti",2002,591122040
DJI,"Djibouti",2003,622044666
DJI,"Djibouti",2004,666072102
DJI,"Djibouti",2005,708633195
DJI,"Djibouti",2006,768873684
DJI,"Djibouti",2007,847918929
DJI,"Djibouti",2008,999105339
DJI,"Djibouti",2009,1049110685
DJI,"Djibouti",2010,1128611700
DJI,"Djibouti",2011,1239144502
DJI,"Djibouti",2012,1353632942
DJI,"Djibouti",2013,2044440443
DJI,"Djibouti",2014,2220637966
DJI,"Djibouti",2015,2424391785
DJI,"Djibouti",2016,2604955229
DJI,"Djibouti",2017,2762581334
DJI,"Djibouti",2018,2913464658
DJI,"Djibouti",2019,3088851450
DJI,"Djibouti",2020,3144136197
DJI,"Djibouti",2021,3392796953
DJI,"Djibouti",2022,3562814909
DJI,"Djibouti",2023,3898447007
DJI,"Djibouti",2024,4152145940
DMA,"Dominica",1995,274522222
DMA,"Dominica",1996,292285185
DMA,"Dominica",1997,302988889
DMA,"Dominica",1998,322411111
DMA,"Dominica",1999,331759259
DMA,"Dominica",2000,333470370
DMA,"Dominica",2001,377462963
DMA,"Dominica",2002,375200000
DMA,"Dominica",2003,373318519
DMA,"Dominica",2004,396711111
DMA,"Dominica",2005,391455556
DMA,"Dominica",2006,416674074
DMA,"Dominica",2007,444685185
DMA,"Dominica",2008,480003704
DMA,"Dominica",2009,515618519
DMA,"Dominica",2010,519859259
DMA,"Dominica",2011,532081481
DMA,"Dominica",2012,520355556
DMA,"Dominica",2013,545325926
DMA,"Dominica",2014,572255556
DMA,"Dominica",2015,583177778
DMA,"Dominica",2016,612711111
DMA,"Dominica",2017,563355556
DMA,"Dominica",2018,628244444
DMA,"Dominica",2019,644259259
DMA,"Dominica",2020,528944444
DMA,"Dominica",2021,562911111
DMA,"Dominica",2022,623062963
DMA,"Dominica",2023,659311111
DMA,"Dominica",2024,688881481
DNK,"Denmark",1995,184848481008
DNK,"Denmark",1996,187481157846
DNK,"Denmark",1997,173241365735
DNK,"Denmark",1998,176877077513
DNK,"Denmark",1999,177887720536
DNK,"Denmark",2000,164043817224
DNK,"Denmark",2001,164881594415
DNK,"Denmark",2002,178788209558
DNK,"Denmark",2003,218421193436
DNK,"Denmark",2004,251986155631
DNK,"Denmark",2005,265150087712
DNK,"Denmark",2006,283386151544
DNK,"Denmark",2007,320213157595
DNK,"Denmark",2008,354979471960
DNK,"Denmark",2009,322619152195
DNK,"Denmark",2010,322345594075
DNK,"Denmark",2011,344315595263
DNK,"Denmark",2012,326792574245
DNK,"Denmark",2013,344631016965
DNK,"Denmark",2014,352832602064
DNK,"Denmark",2015,301758922338
DNK,"Denmark",2016,312181849372
DNK,"Denmark",2017,331610593962
DNK,"Denmark",2018,355293374912
DNK,"Denmark",2019,345401473013
DNK,"Denmark",2020,355631021932
DNK,"Denmark",2021,406110162088
DNK,"Denmark",2022,400114306337
DNK,"Denmark",2023,404651706118
DNK,"Denmark",2024,424524722037
DOM,"Dominican Republic",1995,16637370839
DOM,"Dominican Republic",1996,18241622548
DOM,"Dominican Republic",1997,20017450041
DOM,"Dominican Republic",1998,21672215547
DOM,"Dominican Republic",1999,22136579397
DOM,"Dominican Republic",2000,24305780629
DOM,"Dominican Republic",2001,25601823688
DOM,"Dominican Republic",2002,27137440786
DOM,"Dominican Republic",2003,21403167848
DOM,"Dominican Republic",2004,22322387382
DOM,"Dominican Republic",2005,35777560684
DOM,"Dominican Republic",2006,37879830084
DOM,"Dominican Republic",2007,43965458509
DOM,"Dominican Republic",2008,48091433554
DOM,"Dominican Republic",2009,48223781477
DOM,"Dominican Republic",2010,53801053353
DOM,"Dominican Republic",2011,57948261616
DOM,"Dominican Republic",2012,60561635556
DOM,"Dominican Republic",2013,62555417415
DOM,"Dominican Republic",2014,67014329100
DOM,"Dominican Republic",2015,70966782572
DOM,"Dominican Republic",2016,75552902636
DOM,"Dominican Republic",2017,79070274743
DOM,"Dominican Republic",2018,84994732049
DOM,"Dominican Republic",2019,89146130745
DOM,"Dominican Republic",2020,78546672407
DOM,"Dominican Republic",2021,94850719517
DOM,"Dominican Republic",2022,113478103598
DOM,"Dominican Republic",2023,120456239154
DOM,"Dominican Republic",2024,124282245639
DZA,"Algeria",1995,41764291672
DZA,"Algeria",1996,46941554225
DZA,"Algeria",1997,48177612042
DZA,"Algeria",1998,48187781984
DZA,"Algeria",1999,48640671735
DZA,"Algeria",2000,54790398570
DZA,"Algeria",2001,59413400924
DZA,"Algeria",2002,61516103406
DZA,"Algeria",2003,73482264191
DZA,"Algeria",2004,91913680985
DZA,"Algeria",2005,107046618670
DZA,"Algeria",2006,123084258693
DZA,"Algeria",2007,142482739810
DZA,"Algeria",2008,180383848331
DZA,"Algeria",2009,150317292079
DZA,"Algeria",2010,177785053940
DZA,"Algeria",2011,218331946925
DZA,"Algeria",2012,227143746076
DZA,"Algeria",2013,229701430292
DZA,"Algeria",2014,238942664193
DZA,"Algeria",2015,187493855609
DZA,"Algeria",2016,180763839522
DZA,"Algeria",2017,189880896903
DZA,"Algeria",2018,194554483656
DZA,"Algeria",2019,193459662091
DZA,"Algeria",2020,164873415325
DZA,"Algeria",2021,186231205262
DZA,"Algeria",2022,225581644703
DZA,"Algeria",2023,247923887215
DZA,"Algeria",2024,269322281665
EAP,"East Asia & Pacific (excluding high income)",1995,1325739943459
EAP,"East Asia & Pacific (excluding high income)",1996,1523108085149
EAP,"East Asia & Pacific (excluding high income)",1997,1576765689263
EAP,"East Asia & Pacific (excluding high income)",1998,1441284604893
EAP,"East Asia & Pacific (excluding high income)",1999,1587766769234
EAP,"East Asia & Pacific (excluding high income)",2000,1748618348962
EAP,"East Asia & Pacific (excluding high income)",2001,1862932027334
EAP,"East Asia & Pacific (excluding high income)",2002,2063860728513
EAP,"East Asia & Pacific (excluding high income)",2003,2337899791170
EAP,"East Asia & Pacific (excluding high income)",2004,2712364424547
EAP,"East Asia & Pacific (excluding high income)",2005,3140095880510
EAP,"East Asia & Pacific (excluding high income)",2006,3783277937264
EAP,"East Asia & Pacific (excluding high income)",2007,4787055911780
EAP,"East Asia & Pacific (excluding high income)",2008,6062020651660
EAP,"East Asia & Pacific (excluding high income)",2009,6581355241401
EAP,"East Asia & Pacific (excluding high income)",2010,8008612939930
EAP,"East Asia & Pacific (excluding high income)",2011,9774260422790
EAP,"East Asia & Pacific (excluding high income)",2012,10905339110889
EAP,"East Asia & Pacific (excluding high income)",2013,12047618706549
EAP,"East Asia & Pacific (excluding high income)",2014,13004796624150
EAP,"East Asia & Pacific (excluding high income)",2015,13549001701885
EAP,"East Asia & Pacific (excluding high income)",2016,13844229287201
EAP,"East Asia & Pacific (excluding high income)",2017,15115746338831
EAP,"East Asia & Pacific (excluding high income)",2018,16902232225492
EAP,"East Asia & Pacific (excluding high income)",2019,17503400404142
EAP,"East Asia & Pacific (excluding high income)",2020,17805087162973
EAP,"East Asia & Pacific (excluding high income)",2021,21231427856678
EAP,"East Asia & Pacific (excluding high income)",2022,21564016559632
EAP,"East Asia & Pacific (excluding high income)",2023,21645526054900
EAP,"East Asia & Pacific (excluding high income)",2024,22248728139844
EAR,"Early-demographic dividend",1995,2616760247006
EAR,"Early-demographic dividend",1996,2836276821588
EAR,"Early-demographic dividend",1997,3029896330910
EAR,"Early-demographic dividend",1998,2921202598159
EAR,"Early-demographic dividend",1999,3090767584478
EAR,"Early-demographic dividend",2000,3378193447814
EAR,"Early-demographic dividend",2001,3351551499259
EAR,"Early-demographic dividend",2002,3255788416656
EAR,"Early-demographic dividend",2003,3622383752487
EAR,"Early-demographic dividend",2004,4209610787469
EAR,"Early-demographic dividend",2005,4897661936724
EAR,"Early-demographic dividend",2006,5600150744579
EAR,"Early-demographic dividend",2007,6630769690203
EAR,"Early-demographic dividend",2008,7464456008410
EAR,"Early-demographic dividend",2009,7181684474649
EAR,"Early-demographic dividend",2010,8728192674220
EAR,"Early-demographic dividend",2011,9842609213387
EAR,"Early-demographic dividend",2012,10284904242407
EAR,"Early-demographic dividend",2013,10342396461018
EAR,"Early-demographic dividend",2014,10547017467024
EAR,"Early-demographic dividend",2015,10141599371579
EAR,"Early-demographic dividend",2016,10435095271534
EAR,"Early-demographic dividend",2017,11321429912095
EAR,"Early-demographic dividend",2018,11470147555427
EAR,"Early-demographic dividend",2019,11681340567084
EAR,"Early-demographic dividend",2020,10818113835120
EAR,"Early-demographic dividend",2021,12689608907980
EAR,"Early-demographic dividend",2022,13943279396111
EAR,"Early-demographic dividend",2023,14791485754640
EAR,"Early-demographic dividend",2024,15648921855176
EAS,"East Asia & Pacific",1995,8528716916021
EAS,"East Asia & Pacific",1996,8228628055250
EAS,"East Asia & Pacific",1997,7860107080825
EAS,"East Asia & Pacific",1998,7007987267443
EAS,"East Asia & Pacific",1999,7826875274858
EAS,"East Asia & Pacific",2000,8486535433030
EAS,"East Asia & Pacific",2001,7890593533287
EAS,"East Asia & Pacific",2002,8019320137888
EAS,"East Asia & Pacific",2003,8807340167908
EAS,"East Asia & Pacific",2004,9868085960845
EAS,"East Asia & Pacific",2005,10526916106060
EAS,"East Asia & Pacific",2006,11166176306011
EAS,"East Asia & Pacific",2007,12482468447983
EAS,"East Asia & Pacific",2008,14397041627177
EAS,"East Asia & Pacific",2009,14811619687571
EAS,"East Asia & Pacific",2010,17291859920838
EAS,"East Asia & Pacific",2011,20025003264160
EAS,"East Asia & Pacific",2012,21443742650234
EAS,"East Asia & Pacific",2013,21719346361875
EAS,"East Asia & Pacific",2014,22461065423932
EAS,"East Asia & Pacific",2015,22388696608294
EAS,"East Asia & Pacific",2016,23197528991928
EAS,"East Asia & Pacific",2017,24764692848732
EAS,"East Asia & Pacific",2018,26967805751611
EAS,"East Asia & Pacific",2019,27555988315219
EAS,"East Asia & Pacific",2020,27716337916114
EAS,"East Asia & Pacific",2021,31866900585288
EAS,"East Asia & Pacific",2022,31457553986144
EAS,"East Asia & Pacific",2023,31597454903563
EAS,"East Asia & Pacific",2024,32200466782431
ECA,"Europe & Central Asia (excluding high income)",1995,373850853755
ECA,"Europe & Central Asia (excluding high income)",1996,395418991592
ECA,"Europe & Central Asia (excluding high income)",1997,420620916290
ECA,"Europe & Central Asia (excluding high income)",1998,421392804209
ECA,"Europe & Central Asia (excluding high income)",1999,384494001094
ECA,"Europe & Central Asia (excluding high income)",2000,391265288460
ECA,"Europe & Central Asia (excluding high income)",2001,335654261833
ECA,"Europe & Central Asia (excluding high income)",2002,390539574548
ECA,"Europe & Central Asia (excluding high income)",2003,498100392298
ECA,"Europe & Central Asia (excluding high income)",2004,641354851059
ECA,"Europe & Central Asia (excluding high income)",2005,798910158033
ECA,"Europe & Central Asia (excluding high income)",2006,929653913666
ECA,"Europe & Central Asia (excluding high income)",2007,1171564532813
ECA,"Europe & Central Asia (excluding high income)",2008,1402469464526
ECA,"Europe & Central Asia (excluding high income)",2009,1169850373592
ECA,"Europe & Central Asia (excluding high income)",2010,1390857073642
ECA,"Europe & Central Asia (excluding high income)",2011,1581470670924
ECA,"Europe & Central Asia (excluding high income)",2012,1666784947849
ECA,"Europe & Central Asia (excluding high income)",2013,1818186938934
ECA,"Europe & Central Asia (excluding high income)",2014,1745687745481
ECA,"Europe & Central Asia (excluding high income)",2015,1521842301869
ECA,"Europe & Central Asia (excluding high income)",2016,1459048873590
ECA,"Europe & Central Asia (excluding high income)",2017,1497595120805
ECA,"Europe & Central Asia (excluding high income)",2018,1465381526737
ECA,"Europe & Central Asia (excluding high income)",2019,1500446538706
ECA,"Europe & Central Asia (excluding high income)",2020,1435629650684
ECA,"Europe & Central Asia (excluding high income)",2021,1670530886782
ECA,"Europe & Central Asia (excluding high income)",2022,1819829713207
ECA,"Europe & Central Asia (excluding high income)",2023,2141252006537
ECA,"Europe & Central Asia (excluding high income)",2024,2454291731125
ECS,"Europe & Central Asia",1995,10940729460750
ECS,"Europe & Central Asia",1996,11168606418196
ECS,"Europe & Central Asia",1997,10603796378823
ECS,"Europe & Central Asia",1998,10797712209603
ECS,"Europe & Central Asia",1999,10686389670550
ECS,"Europe & Central Asia",2000,10078047371487
ECS,"Europe & Central Asia",2001,10182615561468
ECS,"Europe & Central Asia",2002,11150184165051
ECS,"Europe & Central Asia",2003,13558532492379
ECS,"Europe & Central Asia",2004,15806093490341
ECS,"Europe & Central Asia",2005,16828963477327
ECS,"Europe & Central Asia",2006,18232780756499
ECS,"Europe & Central Asia",2007,21312176373246
ECS,"Europe & Central Asia",2008,23464214449944
ECS,"Europe & Central Asia",2009,20665617638433
ECS,"Europe & Central Asia",2010,21144686639874
ECS,"Europe & Central Asia",2011,23462080654159
ECS,"Europe & Central Asia",2012,22592146410958
ECS,"Europe & Central Asia",2013,23610195160751
ECS,"Europe & Central Asia",2014,23959718523184
ECS,"Europe & Central Asia",2015,20639397476662
ECS,"Europe & Central Asia",2016,20560352355735
ECS,"Europe & Central Asia",2017,21814876277944
ECS,"Europe & Central Asia",2018,23360537744962
ECS,"Europe & Central Asia",2019,23089828216900
ECS,"Europe & Central Asia",2020,22340802078287
ECS,"Europe & Central Asia",2021,25606138714522
ECS,"Europe & Central Asia",2022,25850174701132
ECS,"Europe & Central Asia",2023,27758730809930
ECS,"Europe & Central Asia",2024,29371366035247
ECU,"Ecuador",1995,24432884442
ECU,"Ecuador",1996,25226393197
ECU,"Ecuador",1997,28162053027
ECU,"Ecuador",1998,27981896948
ECU,"Ecuador",1999,19645272636
ECU,"Ecuador",2000,17539454727
ECU,"Ecuador",2001,23127055000
ECU,"Ecuador",2002,27054197000
ECU,"Ecuador",2003,30965208000
ECU,"Ecuador",2004,35194947000
ECU,"Ecuador",2005,40278849000
ECU,"Ecuador",2006,45690762000
ECU,"Ecuador",2007,49848725000
ECU,"Ecuador",2008,61139438000
ECU,"Ecuador",2009,60094978000
ECU,"Ecuador",2010,68151329000
ECU,"Ecuador",2011,78986648000
ECU,"Ecuador",2012,87735048000
ECU,"Ecuador",2013,96570334000
ECU,"Ecuador",2014,102717794000
ECU,"Ecuador",2015,97209558000
ECU,"Ecuador",2016,97671433000
ECU,"Ecuador",2017,104467486000
ECU,"Ecuador",2018,107478961000
ECU,"Ecuador",2019,107595830000
ECU,"Ecuador",2020,95865473000
ECU,"Ecuador",2021,107179074000
ECU,"Ecuador",2022,116133121000
ECU,"Ecuador",2023,120792801000
ECU,"Ecuador",2024,123802374000
EGY,"Egypt, Arab Rep.",1995,60159245060
EGY,"Egypt, Arab Rep.",1996,67629716981
EGY,"Egypt, Arab Rep.",1997,78436578171
EGY,"Egypt, Arab Rep.",1998,84828807556
EGY,"Egypt, Arab Rep.",1999,90710704807
EGY,"Egypt, Arab Rep.",2000,99838543960
EGY,"Egypt, Arab Rep.",2001,96684636119
EGY,"Egypt, Arab Rep.",2002,85146067416
EGY,"Egypt, Arab Rep.",2003,80288461538
EGY,"Egypt, Arab Rep.",2004,78782467532
EGY,"Egypt, Arab Rep.",2005,89660339660
EGY,"Egypt, Arab Rep.",2006,107426086957
EGY,"Egypt, Arab Rep.",2007,130437828371
EGY,"Egypt, Arab Rep.",2008,162818181818
EGY,"Egypt, Arab Rep.",2009,189147005445
EGY,"Egypt, Arab Rep.",2010,218983666062
EGY,"Egypt, Arab Rep.",2011,235989672978
EGY,"Egypt, Arab Rep.",2012,279116666667
EGY,"Egypt, Arab Rep.",2013,288434108527
EGY,"Egypt, Arab Rep.",2014,305595408895
EGY,"Egypt, Arab Rep.",2015,329366576819
EGY,"Egypt, Arab Rep.",2016,332441717791
EGY,"Egypt, Arab Rep.",2017,248362771739
EGY,"Egypt, Arab Rep.",2018,262588632527
EGY,"Egypt, Arab Rep.",2019,318678815490
EGY,"Egypt, Arab Rep.",2020,383817841547
EGY,"Egypt, Arab Rep.",2021,424671765456
EGY,"Egypt, Arab Rep.",2022,476747720365
EGY,"Egypt, Arab Rep.",2023,395926071448
EGY,"Egypt, Arab Rep.",2024,389059910593
EMU,"Euro area",1995,7553162009471
EMU,"Euro area",1996,7635464160643
EMU,"Euro area",1997,6983168724241
EMU,"Euro area",1998,7182324521394
EMU,"Euro area",1999,7152815111746
EMU,"Euro area",2000,6533285976077
EMU,"Euro area",2001,6636734730022
EMU,"Euro area",2002,7247791094759
EMU,"Euro area",2003,8929519218444
EMU,"Euro area",2004,10242911187425
EMU,"Euro area",2005,10627971366602
EMU,"Euro area",2006,11309041991993
EMU,"Euro area",2007,13035176682197
EMU,"Euro area",2008,14346208350010
EMU,"Euro area",2009,13135138604358
EMU,"Euro area",2010,12835436183866
EMU,"Euro area",2011,13866247656132
EMU,"Euro area",2012,12839246579841
EMU,"Euro area",2013,13413105856915
EMU,"Euro area",2014,13739142693292
EMU,"Euro area",2015,11880603228444
EMU,"Euro area",2016,12177215800581
EMU,"Euro area",2017,12901130483442
EMU,"Euro area",2018,13937879176172
EMU,"Euro area",2019,13658286442180
EMU,"Euro area",2020,13338044901392
EMU,"Euro area",2021,15008955622791
EMU,"Euro area",2022,14578675912328
EMU,"Euro area",2023,15957338405376
EMU,"Euro area",2024,16601464538082
ERI,"Eritrea",1995,578015625
ERI,"Eritrea",1996,693535954
ERI,"Eritrea",1997,686490090
ERI,"Eritrea",1998,745523117
ERI,"Eritrea",1999,688918537
ERI,"Eritrea",2000,706370816
ERI,"Eritrea",2001,752371689
ERI,"Eritrea",2002,729321680
ERI,"Eritrea",2003,870248268
ERI,"Eritrea",2004,1109054005
ERI,"Eritrea",2005,1098424686
ERI,"Eritrea",2006,1211161880
ERI,"Eritrea",2007,1317974491
ERI,"Eritrea",2008,1380188800
ERI,"Eritrea",2009,1856695551
ERI,"Eritrea",2010,1589515447
ERI,"Eritrea",2011,2065001626
ESP,"Spain",1995,614170002669
ESP,"Spain",1996,642251412058
ESP,"Spain",1997,589739772727
ESP,"Spain",1998,618731484575
ESP,"Spain",1999,634394904387
ESP,"Spain",2000,598102854756
ESP,"Spain",2001,627798682379
ESP,"Spain",2002,708938227244
ESP,"Spain",2003,907963217058
ESP,"Spain",2004,1069829382515
ESP,"Spain",2005,1154667551776
ESP,"Spain",2006,1261846683275
ESP,"Spain",2007,1476746276855
ESP,"Spain",2008,1636115447612
ESP,"Spain",2009,1496587590848
ESP,"Spain",2010,1427989078917
ESP,"Spain",2011,1487568659241
ESP,"Spain",2012,1330994811670
ESP,"Spain",2013,1362186923158
ESP,"Spain",2014,1380244561362
ESP,"Spain",2015,1206164777553
ESP,"Spain",2016,1243015667917
ESP,"Spain",2017,1321754088819
ESP,"Spain",2018,1431642809327
ESP,"Spain",2019,1403496387686
ESP,"Spain",2020,1289783836971
ESP,"Spain",2021,1461244901853
ESP,"Spain",2022,1448850658407
ESP,"Spain",2023,1619481980720
ESP,"Spain",2024,1725671652742
EST,"Estonia",1995,4502970889
EST,"Estonia",1996,4786018988
EST,"Estonia",1997,5154420649
EST,"Estonia",1998,5674080543
EST,"Estonia",1999,5756912266
EST,"Estonia",2000,5686579748
EST,"Estonia",2001,6250218423
EST,"Estonia",2002,7370119619
EST,"Estonia",2003,9876595528
EST,"Estonia",2004,12148595031
EST,"Estonia",2005,14109491357
EST,"Estonia",2006,17025671810
EST,"Estonia",2007,22450264166
EST,"Estonia",2008,24342935404
EST,"Estonia",2009,19633984440
EST,"Estonia",2010,19524355419
EST,"Estonia",2011,23303915795
EST,"Estonia",2012,23237406116
EST,"Estonia",2013,25451032781
EST,"Estonia",2014,27055689003
EST,"Estonia",2015,23311847751
EST,"Estonia",2016,24561027788
EST,"Estonia",2017,27469461919
EST,"Estonia",2018,31222632741
EST,"Estonia",2019,31873748770
EST,"Estonia",2020,31820771494
EST,"Estonia",2021,37201101171
EST,"Estonia",2022,38226641740
EST,"Estonia",2023,41470344395
EST,"Estonia",2024,43130419829
ETH,"Ethiopia",1995,7855205207
ETH,"Ethiopia",1996,8761215548
ETH,"Ethiopia",1997,8803539988
ETH,"Ethiopia",1998,8013274132
ETH,"Ethiopia",1999,7892973532
ETH,"Ethiopia",2000,8242349618
ETH,"Ethiopia",2001,8231326016
ETH,"Ethiopia",2002,7850809498
ETH,"Ethiopia",2003,8623691300
ETH,"Ethiopia",2004,10131187261
ETH,"Ethiopia",2005,12401139454
ETH,"Ethiopia",2006,15280861835
ETH,"Ethiopia",2007,19707616773
ETH,"Ethiopia",2008,27066912635
ETH,"Ethiopia",2009,32437389116
ETH,"Ethiopia",2010,29933790334
ETH,"Ethiopia",2011,31952763089
ETH,"Ethiopia",2012,43310721414
ETH,"Ethiopia",2013,47648276605
ETH,"Ethiopia",2014,55612228234
ETH,"Ethiopia",2015,62103418182
ETH,"Ethiopia",2016,68475871210
ETH,"Ethiopia",2017,76366081767
ETH,"Ethiopia",2018,83337901072
ETH,"Ethiopia",2019,91834517114
ETH,"Ethiopia",2020,98676811062
ETH,"Ethiopia",2021,109070960371
ETH,"Ethiopia",2022,123140304665
ETH,"Ethiopia",2023,135874093203
ETH,"Ethiopia",2024,149740297952
EUU,"European Union",1995,8292479629104
EUU,"European Union",1996,8427282888819
EUU,"European Union",1997,7730067215825
EUU,"European Union",1998,7963038897258
EUU,"European Union",1999,7926425566614
EUU,"European Union",2000,7279892216792
EUU,"European Union",2001,7398267811405
EUU,"European Union",2002,8089955515957
EUU,"European Union",2003,9944006859363
EUU,"European Union",2004,11434848361292
EUU,"European Union",2005,11940626626680
EUU,"European Union",2006,12754718274524
EUU,"European Union",2007,14779905573600
EUU,"European Union",2008,16360464416206
EUU,"European Union",2009,14844850799682
EUU,"European Union",2010,14641776061063
EUU,"European Union",2011,15874716537129
EUU,"European Union",2012,14731878294328
EUU,"European Union",2013,15398511081475
EUU,"European Union",2014,15763599531005
EUU,"European Union",2015,13656255577703
EUU,"European Union",2016,13988150566299
EUU,"European Union",2017,14871316217996
EUU,"European Union",2018,16092407006604
EUU,"European Union",2019,15809077129406
EUU,"European Union",2020,15504058553908
EUU,"European Union",2021,17495257191726
EUU,"European Union",2022,17023620598906
EUU,"European Union",2023,18659279022583
EUU,"European Union",2024,19501078750999
FIN,"Finland",1995,134060457516
FIN,"Finland",1996,131991975149
FIN,"Finland",1997,126862902302
FIN,"Finland",1998,133990876725
FIN,"Finland",1999,135234241918
FIN,"Finland",2000,125967821111
FIN,"Finland",2001,129519672869
FIN,"Finland",2002,140360963812
FIN,"Finland",2003,171612867736
FIN,"Finland",2004,197458297640
FIN,"Finland",2005,204859368791
FIN,"Finland",2006,217044068234
FIN,"Finland",2007,256360251538
FIN,"Finland",2008,285698662071
FIN,"Finland",2009,253480783439
FIN,"Finland",2010,249429613683
FIN,"Finland",2011,275126915516
FIN,"Finland",2012,257443384493
FIN,"Finland",2013,270268036626
FIN,"Finland",2014,273478528955
FIN,"Finland",2015,233210733506
FIN,"Finland",2016,238777818793
FIN,"Finland",2017,253846138440
FIN,"Finland",2018,273869255596
FIN,"Finland",2019,267014821129
FIN,"Finland",2020,270000311606
FIN,"Finland",2021,294223210496
FIN,"Finland",2022,280253099309
FIN,"Finland",2023,295191741637
FIN,"Finland",2024,298729432712
FJI,"Fiji",1995,1970301486
FJI,"Fiji",1996,2128696644
FJI,"Fiji",1997,2090221137
FJI,"Fiji",1998,1653146717
FJI,"Fiji",1999,1936459986
FJI,"Fiji",2000,1678219508
FJI,"Fiji",2001,1652462023
FJI,"Fiji",2002,1833279985
FJI,"Fiji",2003,2300492465
FJI,"Fiji",2004,2708078477
FJI,"Fiji",2005,2980403845
FJI,"Fiji",2006,3076305453
FJI,"Fiji",2007,3378314600
FJI,"Fiji",2008,3523185920
FJI,"Fiji",2009,2870624636
FJI,"Fiji",2010,3140166713
FJI,"Fiji",2011,3779411899
FJI,"Fiji",2012,3972028104
FJI,"Fiji",2013,4189967999
FJI,"Fiji",2014,4857104769
FJI,"Fiji",2015,4682479894
FJI,"Fiji",2016,4930213644
FJI,"Fiji",2017,5353469174
FJI,"Fiji",2018,5581425327
FJI,"Fiji",2019,5344907153
FJI,"Fiji",2020,4227719873
FJI,"Fiji",2021,4158873156
FJI,"Fiji",2022,4977861886
FJI,"Fiji",2023,5476673518
FJI,"Fiji",2024,5968125909
FRA,"France",1995,1595219345512
FRA,"France",1996,1598889216566
FRA,"France",1997,1449392222971
FRA,"France",1998,1496906382032
FRA,"France",1999,1486915879702
FRA,"France",2000,1360959069477
FRA,"France",2001,1370376677299
FRA,"France",2002,1492427756382
FRA,"France",2003,1835095983049
FRA,"France",2004,2109792297237
FRA,"France",2005,2192146403028
FRA,"France",2006,2317861544691
FRA,"France",2007,2655816911867
FRA,"France",2008,2926802941586
FRA,"France",2009,2700075882519
FRA,"France",2010,2646230027988
FRA,"France",2011,2870408553990
FRA,"France",2012,2683007095787
FRA,"France",2013,2816077607875
FRA,"France",2014,2861236112552
FRA,"France",2015,2442483452642
FRA,"France",2016,2470407619777
FRA,"France",2017,2588868323335
FRA,"France",2018,2781576320884
FRA,"France",2019,2722793515172
FRA,"France",2020,2647926055110
FRA,"France",2021,2966433692008
FRA,"France",2022,2794788137067
FRA,"France",2023,3056250648138
FRA,"France",2024,3160442622465
FRO,"Faroe Islands",1995,901404710
FRO,"Faroe Islands",1996,989536915
FRO,"Faroe Islands",1997,933763083
FRO,"Faroe Islands",1998,1104744235
FRO,"Faroe Islands",1999,1127684827
FRO,"Faroe Islands",2000,1067109531
FRO,"Faroe Islands",2001,1160268212
FRO,"Faroe Islands",2002,1275093689
FRO,"Faroe Islands",2003,1501941581
FRO,"Faroe Islands",2004,1724770771
FRO,"Faroe Islands",2005,1759739599
FRO,"Faroe Islands",2006,2017680835
FRO,"Faroe Islands",2007,2339015313
FRO,"Faroe Islands",2008,2489873250
FRO,"Faroe Islands",2009,2296065170
FRO,"Faroe Islands",2010,2331796784
FRO,"Faroe Islands",2011,2505740669
FRO,"Faroe Islands",2012,2427200389
FRO,"Faroe Islands",2013,2690110521
FRO,"Faroe Islands",2014,2914012679
FRO,"Faroe Islands",2015,2573905971
FRO,"Faroe Islands",2016,2813278869
FRO,"Faroe Islands",2017,2980057378
FRO,"Faroe Islands",2018,3188600927
FRO,"Faroe Islands",2019,3266432734
FRO,"Faroe Islands",2020,3271813312
FRO,"Faroe Islands",2021,3699551717
FRO,"Faroe Islands",2022,3615241801
FRO,"Faroe Islands",2023,3943131022
FRO,"Faroe Islands",2024,4052937170
FSM,"Micronesia, Fed. Sts.",1995,219930000
FSM,"Micronesia, Fed. Sts.",1996,216546000
FSM,"Micronesia, Fed. Sts.",1997,204397200
FSM,"Micronesia, Fed. Sts.",1998,216520600
FSM,"Micronesia, Fed. Sts.",1999,217198900
FSM,"Micronesia, Fed. Sts.",2000,229616800
FSM,"Micronesia, Fed. Sts.",2001,236387700
FSM,"Micronesia, Fed. Sts.",2002,237654300
FSM,"Micronesia, Fed. Sts.",2003,240949900
FSM,"Micronesia, Fed. Sts.",2004,235538100
FSM,"Micronesia, Fed. Sts.",2005,247000000
FSM,"Micronesia, Fed. Sts.",2006,250000000
FSM,"Micronesia, Fed. Sts.",2007,253000000
FSM,"Micronesia, Fed. Sts.",2008,261000000
FSM,"Micronesia, Fed. Sts.",2009,277000000
FSM,"Micronesia, Fed. Sts.",2010,292000000
FSM,"Micronesia, Fed. Sts.",2011,308000000
FSM,"Micronesia, Fed. Sts.",2012,324000000
FSM,"Micronesia, Fed. Sts.",2013,314000000
FSM,"Micronesia, Fed. Sts.",2014,316000000
FSM,"Micronesia, Fed. Sts.",2015,312000000
FSM,"Micronesia, Fed. Sts.",2016,327000000
FSM,"Micronesia, Fed. Sts.",2017,361000000
FSM,"Micronesia, Fed. Sts.",2018,394000000
FSM,"Micronesia, Fed. Sts.",2019,395000000
FSM,"Micronesia, Fed. Sts.",2020,372902700
FSM,"Micronesia, Fed. Sts.",2021,391601900
FSM,"Micronesia, Fed. Sts.",2022,415232900
FSM,"Micronesia, Fed. Sts.",2023,442975600
FSM,"Micronesia, Fed. Sts.",2024,481121300
GAB,"Gabon",1995,4958845648
GAB,"Gabon",1996,5694040003
GAB,"Gabon",1997,5326817115
GAB,"Gabon",1998,4483417310
GAB,"Gabon",1999,4662992036
GAB,"Gabon",2000,5080483629
GAB,"Gabon",2001,5023265413
GAB,"Gabon",2002,5335451100
GAB,"Gabon",2003,6511903365
GAB,"Gabon",2004,7770219008
GAB,"Gabon",2005,9582783991
GAB,"Gabon",2006,10327598306
GAB,"Gabon",2007,12455409587
GAB,"Gabon",2008,15571348344
GAB,"Gabon",2009,12113699068
GAB,"Gabon",2010,14372593020
GAB,"Gabon",2011,18210307744
GAB,"Gabon",2012,17170464016
GAB,"Gabon",2013,17595744798
GAB,"Gabon",2014,18203966896
GAB,"Gabon",2015,14383107763
GAB,"Gabon",2016,14023890265
GAB,"Gabon",2017,14929487485
GAB,"Gabon",2018,16867326402
GAB,"Gabon",2019,16874405465
GAB,"Gabon",2020,15342236164
GAB,"Gabon",2021,19444935097
GAB,"Gabon",2022,20440655695
GAB,"Gabon",2023,19388372071
GAB,"Gabon",2024,20895684426
GBR,"United Kingdom",1995,1349094208616
GBR,"United Kingdom",1996,1425287051482
GBR,"United Kingdom",1997,1569317288802
GBR,"United Kingdom",1998,1660821464061
GBR,"United Kingdom",1999,1693458987219
GBR,"United Kingdom",2000,1671597821153
GBR,"United Kingdom",2001,1656171009069
GBR,"United Kingdom",2002,1790536570743
GBR,"United Kingdom",2003,2061227755102
GBR,"United Kingdom",2004,2429774807763
GBR,"United Kingdom",2005,2551361818182
GBR,"United Kingdom",2006,2719558417663
GBR,"United Kingdom",2007,3104699879952
GBR,"United Kingdom",2008,2945251838235
GBR,"United Kingdom",2009,2429358155476
GBR,"United Kingdom",2010,2496740681057
GBR,"United Kingdom",2011,2675590034129
GBR,"United Kingdom",2012,2719715961540
GBR,"United Kingdom",2013,2796908333283
GBR,"United Kingdom",2014,3085362169410
GBR,"United Kingdom",2015,2945579890258
GBR,"United Kingdom",2016,2706807606539
GBR,"United Kingdom",2017,2699118387873
GBR,"United Kingdom",2018,2897028009916
GBR,"United Kingdom",2019,2875710080015
GBR,"United Kingdom",2020,2724001478305
GBR,"United Kingdom",2021,3194559188926
GBR,"United Kingdom",2022,3181244350465
GBR,"United Kingdom",2023,3420796653789
GBR,"United Kingdom",2024,3695539513534
GEO,"Georgia",1995,2693732612
GEO,"Georgia",1996,3094936177
GEO,"Georgia",1997,3510520231
GEO,"Georgia",1998,3613497317
GEO,"Georgia",1999,2800025883
GEO,"Georgia",2000,3057475335
GEO,"Georgia",2001,3219462262
GEO,"Georgia",2002,3395766678
GEO,"Georgia",2003,3991377904
GEO,"Georgia",2004,5125365192
GEO,"Georgia",2005,6410912050
GEO,"Georgia",2006,7745250734
GEO,"Georgia",2007,10172931089
GEO,"Georgia",2008,12795145131
GEO,"Georgia",2009,10766920066
GEO,"Georgia",2010,12426907967
GEO,"Georgia",2011,15475290469
GEO,"Georgia",2012,16894392033
GEO,"Georgia",2013,17517660144
GEO,"Georgia",2014,17966015109
GEO,"Georgia",2015,15223796149
GEO,"Georgia",2016,15444548902
GEO,"Georgia",2017,16473125375
GEO,"Georgia",2018,17902544881
GEO,"Georgia",2019,17638337117
GEO,"Georgia",2020,16010869216
GEO,"Georgia",2021,18853115589
GEO,"Georgia",2022,24984568960
GEO,"Georgia",2023,30777833601
GEO,"Georgia",2024,34189423333
GHA,"Ghana",1995,6464382808
GHA,"Ghana",1996,6932991739
GHA,"Ghana",1997,6891443192
GHA,"Ghana",1998,7482069162
GHA,"Ghana",1999,7718109982
GHA,"Ghana",2000,4982850662
GHA,"Ghana",2001,5314872854
GHA,"Ghana",2002,6166197848
GHA,"Ghana",2003,7632723556
GHA,"Ghana",2004,8881417907
GHA,"Ghana",2005,10744568381
GHA,"Ghana",2006,20885037597
GHA,"Ghana",2007,24827339138
GHA,"Ghana",2008,28679383241
GHA,"Ghana",2009,26048720006
GHA,"Ghana",2010,32197655567
GHA,"Ghana",2011,39336668081
GHA,"Ghana",2012,41271701061
GHA,"Ghana",2013,62845721960
GHA,"Ghana",2014,54678533806
GHA,"Ghana",2015,49436806230
GHA,"Ghana",2016,56144179398
GHA,"Ghana",2017,60385409435
GHA,"Ghana",2018,67259353966
GHA,"Ghana",2019,68352629246
GHA,"Ghana",2020,70008243860
GHA,"Ghana",2021,79514204730
GHA,"Ghana",2022,73919003212
GHA,"Ghana",2023,80547146876
GHA,"Ghana",2024,83288585604
GIN,"Guinea",1995,5385704166
GIN,"Guinea",1996,5641243100
GIN,"Guinea",1997,5516916163
GIN,"Guinea",1998,5232118046
GIN,"Guinea",1999,5046806783
GIN,"Guinea",2000,4367458867
GIN,"Guinea",2001,4125527603
GIN,"Guinea",2002,4301608753
GIN,"Guinea",2003,5025167975
GIN,"Guinea",2004,5300767961
GIN,"Guinea",2005,4282468637
GIN,"Guinea",2006,4220019845
GIN,"Guinea",2007,6281918226
GIN,"Guinea",2008,6964179983
GIN,"Guinea",2009,6716905340
GIN,"Guinea",2010,6853467146
GIN,"Guinea",2011,6785137203
GIN,"Guinea",2012,7638044557
GIN,"Guinea",2013,8376613539
GIN,"Guinea",2014,8778473373
GIN,"Guinea",2015,8794201743
GIN,"Guinea",2016,8595955222
GIN,"Guinea",2017,10324668271
GIN,"Guinea",2018,11857030367
GIN,"Guinea",2019,13442861496
GIN,"Guinea",2020,14088693743
GIN,"Guinea",2021,17069115738
GIN,"Guinea",2022,19910452542
GIN,"Guinea",2023,22407615556
GIN,"Guinea",2024,25008678293
GMB,"Gambia, The",1995,785999865
GMB,"Gambia, The",1996,848239446
GMB,"Gambia, The",1997,803633342
GMB,"Gambia, The",1998,840285265
GMB,"Gambia, The",1999,814724032
GMB,"Gambia, The",2000,782913872
GMB,"Gambia, The",2001,687410645
GMB,"Gambia, The",2002,578235309
GMB,"Gambia, The",2003,487038685
GMB,"Gambia, The",2004,961900651
GMB,"Gambia, The",2005,1027701068
GMB,"Gambia, The",2006,1054112488
GMB,"Gambia, The",2007,1279703047
GMB,"Gambia, The",2008,1561766956
GMB,"Gambia, The",2009,1450142509
GMB,"Gambia, The",2010,1543294927
GMB,"Gambia, The",2011,1409693597
GMB,"Gambia, The",2012,1415004738
GMB,"Gambia, The",2013,1375609453
GMB,"Gambia, The",2014,1229461721
GMB,"Gambia, The",2015,1378176609
GMB,"Gambia, The",2016,1484578886
GMB,"Gambia, The",2017,1504909463
GMB,"Gambia, The",2018,1670671328
GMB,"Gambia, The",2019,1813609692
GMB,"Gambia, The",2020,1812170891
GMB,"Gambia, The",2021,2014158842
GMB,"Gambia, The",2022,2204734528
GMB,"Gambia, The",2023,2382262185
GMB,"Gambia, The",2024,2404888738
GNB,"Guinea-Bissau",1995,660195402
GNB,"Guinea-Bissau",1996,702965148
GNB,"Guinea-Bissau",1997,698107222
GNB,"Guinea-Bissau",1998,591034143
GNB,"Guinea-Bissau",1999,579365780
GNB,"Guinea-Bissau",2000,391345597
GNB,"Guinea-Bissau",2001,412610872
GNB,"Guinea-Bissau",2002,466773711
GNB,"Guinea-Bissau",2003,553614800
GNB,"Guinea-Bissau",2004,582169841
GNB,"Guinea-Bissau",2005,639776041
GNB,"Guinea-Bissau",2006,634781901
GNB,"Guinea-Bissau",2007,753162998
GNB,"Guinea-Bissau",2008,952667544
GNB,"Guinea-Bissau",2009,890167833
GNB,"Guinea-Bissau",2010,940112539
GNB,"Guinea-Bissau",2011,1157074319
GNB,"Guinea-Bissau",2012,1049412177
GNB,"Guinea-Bissau",2013,1109682824
GNB,"Guinea-Bissau",2014,1135250721
GNB,"Guinea-Bissau",2015,1152384167
GNB,"Guinea-Bissau",2016,1245074264
GNB,"Guinea-Bissau",2017,1469978606
GNB,"Guinea-Bissau",2018,1554133594
GNB,"Guinea-Bissau",2019,1596214680
GNB,"Guinea-Bissau",2020,1705062170
GNB,"Guinea-Bissau",2021,1907611288
GNB,"Guinea-Bissau",2022,1856239955
GNB,"Guinea-Bissau",2023,2076748678
GNB,"Guinea-Bissau",2024,2197777210
GNQ,"Equatorial Guinea",1995,141853361
GNQ,"Equatorial Guinea",1996,232463023
GNQ,"Equatorial Guinea",1997,442337871
GNQ,"Equatorial Guinea",1998,370687634
GNQ,"Equatorial Guinea",1999,621117886
GNQ,"Equatorial Guinea",2000,1045998496
GNQ,"Equatorial Guinea",2001,1461139022
GNQ,"Equatorial Guinea",2002,1806742742
GNQ,"Equatorial Guinea",2003,2484745935
GNQ,"Equatorial Guinea",2004,4410764339
GNQ,"Equatorial Guinea",2005,8217369093
GNQ,"Equatorial Guinea",2006,10086528699
GNQ,"Equatorial Guinea",2007,13071718759
GNQ,"Equatorial Guinea",2008,19749893536
GNQ,"Equatorial Guinea",2009,15027795173
GNQ,"Equatorial Guinea",2010,16314443436
GNQ,"Equatorial Guinea",2011,21357343669
GNQ,"Equatorial Guinea",2012,22388344144
GNQ,"Equatorial Guinea",2013,21948834284
GNQ,"Equatorial Guinea",2014,21765453082
GNQ,"Equatorial Guinea",2015,13185496881
GNQ,"Equatorial Guinea",2016,11240808848
GNQ,"Equatorial Guinea",2017,12200913879
GNQ,"Equatorial Guinea",2018,13097012134
GNQ,"Equatorial Guinea",2019,11364133550
GNQ,"Equatorial Guinea",2020,9893816008
GNQ,"Equatorial Guinea",2021,12215878033
GNQ,"Equatorial Guinea",2022,13687643436
GNQ,"Equatorial Guinea",2023,12541814273
GNQ,"Equatorial Guinea",2024,13254388261
GRC,"Greece",1995,134974613914
GRC,"Greece",1996,142502984145
GRC,"Greece",1997,138766067640
GRC,"Greece",1998,139612812176
GRC,"Greece",1999,137131371955
GRC,"Greece",2000,125760166225
GRC,"Greece",2001,132050474720
GRC,"Greece",2002,150253800086
GRC,"Greece",2003,196930509813
GRC,"Greece",2004,234979615898
GRC,"Greece",2005,242315668619
GRC,"Greece",2006,269073415334
GRC,"Greece",2007,314226996944
GRC,"Greece",2008,351121399546
GRC,"Greece",2009,326829054686
GRC,"Greece",2010,296417644404
GRC,"Greece",2011,283228079776
GRC,"Greece",2012,238841140018
GRC,"Greece",2013,236556279641
GRC,"Greece",2014,233911581521
GRC,"Greece",2015,194567373678
GRC,"Greece",2016,193097239006
GRC,"Greece",2017,200381103984
GRC,"Greece",2018,213298873494
GRC,"Greece",2019,207305649887
GRC,"Greece",2020,191362985555
GRC,"Greece",2021,218303801895
GRC,"Greece",2022,217990189601
GRC,"Greece",2023,242946187738
GRC,"Greece",2024,256238371778
GRD,"Grenada",1995,342172519
GRD,"Grenada",1996,366911444
GRD,"Grenada",1997,392190593
GRD,"Grenada",1998,445903593
GRD,"Grenada",1999,482009370
GRD,"Grenada",2000,520044370
GRD,"Grenada",2001,520444185
GRD,"Grenada",2002,540336926
GRD,"Grenada",2003,591018407
GRD,"Grenada",2004,599118593
GRD,"Grenada",2005,695555556
GRD,"Grenada",2006,698700667
GRD,"Grenada",2007,758683593
GRD,"Grenada",2008,825976037
GRD,"Grenada",2009,771275556
GRD,"Grenada",2010,771014815
GRD,"Grenada",2011,778655556
GRD,"Grenada",2012,799881481
GRD,"Grenada",2013,842618519
GRD,"Grenada",2014,911496296
GRD,"Grenada",2015,997007407
GRD,"Grenada",2016,1061640741
GRD,"Grenada",2017,1125685185
GRD,"Grenada",2018,1166514815
GRD,"Grenada",2019,1213485185
GRD,"Grenada",2020,1043411111
GRD,"Grenada",2021,1122222222
GRD,"Grenada",2022,1224007407
GRD,"Grenada",2023,1336418519
GRD,"Grenada",2024,1351270370
GRL,"Greenland",1995,1208953287
GRL,"Greenland",1996,1197515569
GRL,"Greenland",1997,1072154434
GRL,"Greenland",1998,1149858070
GRL,"Greenland",1999,1131555107
GRL,"Greenland",2000,1068025016
GRL,"Greenland",2001,1086170704
GRL,"Greenland",2002,1169136716
GRL,"Greenland",2003,1558759823
GRL,"Greenland",2004,1822499769
GRL,"Greenland",2005,1849802648
GRL,"Greenland",2006,2013106930
GRL,"Greenland",2007,2249811296
GRL,"Greenland",2008,2499092314
GRL,"Greenland",2009,2529963903
GRL,"Greenland",2010,2503167187
GRL,"Greenland",2011,2684461375
GRL,"Greenland",2012,2609678486
GRL,"Greenland",2013,2684946990
GRL,"Greenland",2014,2842065708
GRL,"Greenland",2015,2499113023
GRL,"Greenland",2016,2707139544
GRL,"Greenland",2017,2851613679
GRL,"Greenland",2018,3055782146
GRL,"Greenland",2019,2997309972
GRL,"Greenland",2020,3089625554
GRL,"Greenland",2021,3293578468
GRL,"Greenland",2022,3152334772
GRL,"Greenland",2023,3326543974
GTM,"Guatemala",1995,14655404433
GTM,"Guatemala",1996,15674835615
GTM,"Guatemala",1997,17790026222
GTM,"Guatemala",1998,19395491993
GTM,"Guatemala",1999,18318412251
GTM,"Guatemala",2000,19288929030
GTM,"Guatemala",2001,18405220247
GTM,"Guatemala",2002,20444205991
GTM,"Guatemala",2003,21576351799
GTM,"Guatemala",2004,23577298095
GTM,"Guatemala",2005,26783389294
GTM,"Guatemala",2006,29744246827
GTM,"Guatemala",2007,33567850824
GTM,"Guatemala",2008,38503720224
GTM,"Guatemala",2009,37126148265
GTM,"Guatemala",2010,40676578423
GTM,"Guatemala",2011,46876006272
GTM,"Guatemala",2012,49593929487
GTM,"Guatemala",2013,52996420177
GTM,"Guatemala",2014,57852159008
GTM,"Guatemala",2015,62186066548
GTM,"Guatemala",2016,66053408206
GTM,"Guatemala",2017,71653780740
GTM,"Guatemala",2018,73328356008
GTM,"Guatemala",2019,77172331693
GTM,"Guatemala",2020,77719468248
GTM,"Guatemala",2021,86455522273
GTM,"Guatemala",2022,95609727056
GTM,"Guatemala",2023,104298081429
GTM,"Guatemala",2024,113215575151
GUM,"Guam",2002,3394000000
GUM,"Guam",2003,3569000000
GUM,"Guam",2004,3869000000
GUM,"Guam",2005,4213000000
GUM,"Guam",2006,4238000000
GUM,"Guam",2007,4397000000
GUM,"Guam",2008,4658000000
GUM,"Guam",2009,4828000000
GUM,"Guam",2010,4949000000
GUM,"Guam",2011,4984000000
GUM,"Guam",2012,5265000000
GUM,"Guam",2013,5399000000
GUM,"Guam",2014,5610000000
GUM,"Guam",2015,5799000000
GUM,"Guam",2016,5901000000
GUM,"Guam",2017,6013000000
GUM,"Guam",2018,6051000000
GUM,"Guam",2019,6355000000
GUM,"Guam",2020,5916000000
GUM,"Guam",2021,6234000000
GUM,"Guam",2022,6910000000
GUY,"Guyana",1995,621626786
GUY,"Guyana",1996,705406001
GUY,"Guyana",1997,749138010
GUY,"Guyana",1998,717530683
GUY,"Guyana",1999,694754988
GUY,"Guyana",2000,712667897
GUY,"Guyana",2001,712167450
GUY,"Guyana",2002,726131435
GUY,"Guyana",2003,743063950
GUY,"Guyana",2004,787814379
GUY,"Guyana",2005,824880550
GUY,"Guyana",2006,2379817991
GUY,"Guyana",2007,2730971595
GUY,"Guyana",2008,3025187433
GUY,"Guyana",2009,3165663153
GUY,"Guyana",2010,3432912517
GUY,"Guyana",2011,3691384318
GUY,"Guyana",2012,4063088536
GUY,"Guyana",2013,4167800929
GUY,"Guyana",2014,4127660152
GUY,"Guyana",2015,4279840194
GUY,"Guyana",2016,4482697337
GUY,"Guyana",2017,4748174334
GUY,"Guyana",2018,4787636998
GUY,"Guyana",2019,5173760192
GUY,"Guyana",2020,5471256595
GUY,"Guyana",2021,8041362110
GUY,"Guyana",2022,14718388489
GUY,"Guyana",2023,16918503597
GUY,"Guyana",2024,24662714628
HKG,"Hong Kong SAR, China",1995,144652295364
HKG,"Hong Kong SAR, China",1996,159718183551
HKG,"Hong Kong SAR, China",1997,177353174850
HKG,"Hong Kong SAR, China",1998,168885443660
HKG,"Hong Kong SAR, China",1999,165768095392
HKG,"Hong Kong SAR, China",2000,171668891194
HKG,"Hong Kong SAR, China",2001,169404327617
HKG,"Hong Kong SAR, China",2002,166348866131
HKG,"Hong Kong SAR, China",2003,161385558802
HKG,"Hong Kong SAR, China",2004,169099768875
HKG,"Hong Kong SAR, China",2005,181569311742
HKG,"Hong Kong SAR, China",2006,193535442896
HKG,"Hong Kong SAR, China",2007,211596944504
HKG,"Hong Kong SAR, China",2008,219278749140
HKG,"Hong Kong SAR, China",2009,214047795659
HKG,"Hong Kong SAR, China",2010,228638668727
HKG,"Hong Kong SAR, China",2011,248513617677
HKG,"Hong Kong SAR, China",2012,262628865880
HKG,"Hong Kong SAR, China",2013,275696879835
HKG,"Hong Kong SAR, China",2014,291459995979
HKG,"Hong Kong SAR, China",2015,309385622601
HKG,"Hong Kong SAR, China",2016,320860317563
HKG,"Hong Kong SAR, China",2017,341273289534
HKG,"Hong Kong SAR, China",2018,361731070996
HKG,"Hong Kong SAR, China",2019,363074545072
HKG,"Hong Kong SAR, China",2020,344943149590
HKG,"Hong Kong SAR, China",2021,368954169749
HKG,"Hong Kong SAR, China",2022,358673532517
HKG,"Hong Kong SAR, China",2023,380762296025
HKG,"Hong Kong SAR, China",2024,408368682415
HND,"Honduras",1995,4672346194
HND,"Honduras",1996,4798834459
HND,"Honduras",1997,5569178707
HND,"Honduras",1998,6163707533
HND,"Honduras",1999,6394090592
HND,"Honduras",2000,7186638029
HND,"Honduras",2001,7651162302
HND,"Honduras",2002,7858255413
HND,"Honduras",2003,8230391347
HND,"Honduras",2004,8869299234
HND,"Honduras",2005,9757012697
HND,"Honduras",2006,10917477066
HND,"Honduras",2007,12361257681
HND,"Honduras",2008,13881731876
HND,"Honduras",2009,14587496229
HND,"Honduras",2010,15839344592
HND,"Honduras",2011,17710275685
HND,"Honduras",2012,18528554398
HND,"Honduras",2013,18499729215
HND,"Honduras",2014,19756533972
HND,"Honduras",2015,20979791685
HND,"Honduras",2016,21717604952
HND,"Honduras",2017,23136247991
HND,"Honduras",2018,24067750760
HND,"Honduras",2019,24882225742
HND,"Honduras",2020,23352232484
HND,"Honduras",2021,28144331507
HND,"Honduras",2022,31426041807
HND,"Honduras",2023,34355805528
HND,"Honduras",2024,36980171442
HPC,"Heavily indebted poor countries (HIPC)",1995,141395905528
HPC,"Heavily indebted poor countries (HIPC)",1996,154688747451
HPC,"Heavily indebted poor countries (HIPC)",1997,161933433655
HPC,"Heavily indebted poor countries (HIPC)",1998,167620980707
HPC,"Heavily indebted poor countries (HIPC)",1999,168431404824
HPC,"Heavily indebted poor countries (HIPC)",2000,181929508087
HPC,"Heavily indebted poor countries (HIPC)",2001,175879852361
HPC,"Heavily indebted poor countries (HIPC)",2002,190891346466
HPC,"Heavily indebted poor countries (HIPC)",2003,216610034974
HPC,"Heavily indebted poor countries (HIPC)",2004,249571115303
HPC,"Heavily indebted poor countries (HIPC)",2005,288591119561
HPC,"Heavily indebted poor countries (HIPC)",2006,338947673939
HPC,"Heavily indebted poor countries (HIPC)",2007,404319749775
HPC,"Heavily indebted poor countries (HIPC)",2008,481564738214
HPC,"Heavily indebted poor countries (HIPC)",2009,475142721102
HPC,"Heavily indebted poor countries (HIPC)",2010,518681650291
HPC,"Heavily indebted poor countries (HIPC)",2011,573435618293
HPC,"Heavily indebted poor countries (HIPC)",2012,595060811937
HPC,"Heavily indebted poor countries (HIPC)",2013,667216081742
HPC,"Heavily indebted poor countries (HIPC)",2014,705379811037
HPC,"Heavily indebted poor countries (HIPC)",2015,674525283734
HPC,"Heavily indebted poor countries (HIPC)",2016,677053478623
HPC,"Heavily indebted poor countries (HIPC)",2017,735134788679
HPC,"Heavily indebted poor countries (HIPC)",2018,790361943446
HPC,"Heavily indebted poor countries (HIPC)",2019,811080887285
HPC,"Heavily indebted poor countries (HIPC)",2020,816212465074
HPC,"Heavily indebted poor countries (HIPC)",2021,924437668151
HPC,"Heavily indebted poor countries (HIPC)",2022,1002950189403
HPC,"Heavily indebted poor countries (HIPC)",2023,1060851525653
HPC,"Heavily indebted poor countries (HIPC)",2024,1147966586427
HRV,"Croatia",1995,22772224146
HRV,"Croatia",1996,24151469717
HRV,"Croatia",1997,24175272572
HRV,"Croatia",1998,25889813449
HRV,"Croatia",1999,23776940769
HRV,"Croatia",2000,22134069750
HRV,"Croatia",2001,23067071478
HRV,"Croatia",2002,26757633353
HRV,"Croatia",2003,35244797329
HRV,"Croatia",2004,41836096243
HRV,"Croatia",2005,45012776906
HRV,"Croatia",2006,49583643048
HRV,"Croatia",2007,59290547254
HRV,"Croatia",2008,68473103477
HRV,"Croatia",2009,62315450611
HRV,"Croatia",2010,58975127201
HRV,"Croatia",2011,62889150894
HRV,"Croatia",2012,57547495860
HRV,"Croatia",2013,59846869999
HRV,"Croatia",2014,59607109597
HRV,"Croatia",2015,50999271059
HRV,"Croatia",2016,52650804052
HRV,"Croatia",2017,56182225079
HRV,"Croatia",2018,61668280700
HRV,"Croatia",2019,61467261345
HRV,"Croatia",2020,57959824238
HRV,"Croatia",2021,69002262505
HRV,"Croatia",2022,71196460237
HRV,"Croatia",2023,85621337533
HRV,"Croatia",2024,92981894168
HTI,"Haiti",1995,2813313279
HTI,"Haiti",1996,2907517604
HTI,"Haiti",1997,3338949152
HTI,"Haiti",1998,3723903724
HTI,"Haiti",1999,4153725884
HTI,"Haiti",2000,6813566099
HTI,"Haiti",2001,6331970324
HTI,"Haiti",2002,6205847214
HTI,"Haiti",2003,5071947798
HTI,"Haiti",2004,6087360684
HTI,"Haiti",2005,7030149730
HTI,"Haiti",2006,7638739123
HTI,"Haiti",2007,9228637768
HTI,"Haiti",2008,10432962635
HTI,"Haiti",2009,11597002835
HTI,"Haiti",2010,11859312725
HTI,"Haiti",2011,13008746039
HTI,"Haiti",2012,13708925477
HTI,"Haiti",2013,14902488604
HTI,"Haiti",2014,15146883498
HTI,"Haiti",2015,14849629309
HTI,"Haiti",2016,14069277526
HTI,"Haiti",2017,15093357161
HTI,"Haiti",2018,16403864618
HTI,"Haiti",2019,15016090930
HTI,"Haiti",2020,14508222518
HTI,"Haiti",2021,20754978152
HTI,"Haiti",2022,20113007126
HTI,"Haiti",2023,19572288894
HTI,"Haiti",2024,24255657481
HUN,"Hungary",1995,46577614589
HUN,"Hungary",1996,46833767124
HUN,"Hungary",1997,47398564799
HUN,"Hungary",1998,48784412624
HUN,"Hungary",1999,49160204397
HUN,"Hungary",2000,47275954429
HUN,"Hungary",2001,53800068066
HUN,"Hungary",2002,67636468625
HUN,"Hungary",2003,85190469121
HUN,"Hungary",2004,104015363080
HUN,"Hungary",2005,113098237571
HUN,"Hungary",2006,115604111412
HUN,"Hungary",2007,140123326896
HUN,"Hungary",2008,158228265916
HUN,"Hungary",2009,130807441076
HUN,"Hungary",2010,131898737241
HUN,"Hungary",2011,141712804954
HUN,"Hungary",2012,128470269690
HUN,"Hungary",2013,135646053779
HUN,"Hungary",2014,141128696412
HUN,"Hungary",2015,125244126623
HUN,"Hungary",2016,128983560865
HUN,"Hungary",2017,143335098992
HUN,"Hungary",2018,161184691014
HUN,"Hungary",2019,164936682034
HUN,"Hungary",2020,158468487754
HUN,"Hungary",2021,183282685440
HUN,"Hungary",2022,177002580544
HUN,"Hungary",2023,213029511029
HUN,"Hungary",2024,222848211034
IBD,"IBRD only",1995,4987839099170
IBD,"IBRD only",1996,5443875017792
IBD,"IBRD only",1997,5775060591518
IBD,"IBRD only",1998,5550058379298
IBD,"IBRD only",1999,5408484188258
IBD,"IBRD only",2000,5886134978693
IBD,"IBRD only",2001,5971611141415
IBD,"IBRD only",2002,6065785974351
IBD,"IBRD only",2003,6814154037539
IBD,"IBRD only",2004,8117393631130
IBD,"IBRD only",2005,9694742216243
IBD,"IBRD only",2006,11501211498156
IBD,"IBRD only",2007,14287517909878
IBD,"IBRD only",2008,17147397340377
IBD,"IBRD only",2009,16646670816085
IBD,"IBRD only",2010,20239797714297
IBD,"IBRD only",2011,23955878375012
IBD,"IBRD only",2012,25461967052263
IBD,"IBRD only",2013,26787319485055
IBD,"IBRD only",2014,27552867783541
IBD,"IBRD only",2015,25941217987927
IBD,"IBRD only",2016,26134891989406
IBD,"IBRD only",2017,28849480049391
IBD,"IBRD only",2018,30727224343894
IBD,"IBRD only",2019,31370912490347
IBD,"IBRD only",2020,30194051534424
IBD,"IBRD only",2021,35868904968938
IBD,"IBRD only",2022,37847494888633
IBD,"IBRD only",2023,39083500948085
IBD,"IBRD only",2024,40766443406773
IBT,"IDA & IBRD total",1995,5468656850572
IBT,"IDA & IBRD total",1996,5998032496243
IBT,"IDA & IBRD total",1997,6355351844568
IBT,"IDA & IBRD total",1998,6153797551256
IBT,"IDA & IBRD total",1999,5860980124816
IBT,"IDA & IBRD total",2000,6405161916664
IBT,"IDA & IBRD total",2001,6484663039123
IBT,"IDA & IBRD total",2002,6618955701161
IBT,"IDA & IBRD total",2003,7438051094245
IBT,"IDA & IBRD total",2004,8846953925342
IBT,"IDA & IBRD total",2005,10543941001744
IBT,"IDA & IBRD total",2006,12515788445512
IBT,"IDA & IBRD total",2007,15478350774972
IBT,"IDA & IBRD total",2008,18566849399860
IBT,"IDA & IBRD total",2009,18030309686510
IBT,"IDA & IBRD total",2010,21843599755374
IBT,"IDA & IBRD total",2011,25767419601409
IBT,"IDA & IBRD total",2012,27373456462077
IBT,"IDA & IBRD total",2013,28868139569390
IBT,"IDA & IBRD total",2014,29793136753561
IBT,"IDA & IBRD total",2015,28118750119954
IBT,"IDA & IBRD total",2016,28299821225498
IBT,"IDA & IBRD total",2017,31121226985041
IBT,"IDA & IBRD total",2018,33140778408492
IBT,"IDA & IBRD total",2019,34074782748272
IBT,"IDA & IBRD total",2020,32817339931222
IBT,"IDA & IBRD total",2021,38735463663159
IBT,"IDA & IBRD total",2022,40927482641800
IBT,"IDA & IBRD total",2023,42011330091983
IBT,"IDA & IBRD total",2024,43660232631553
IDA,"IDA total",1995,481971986421
IDA,"IDA total",1996,555986446839
IDA,"IDA total",1997,582084646128
IDA,"IDA total",1998,606361225727
IDA,"IDA total",1999,452400909421
IDA,"IDA total",2000,519441856818
IDA,"IDA total",2001,513296405076
IDA,"IDA total",2002,553836284401
IDA,"IDA total",2003,624678232124
IDA,"IDA total",2004,730312504981
IDA,"IDA total",2005,849808229882
IDA,"IDA total",2006,1015393219998
IDA,"IDA total",2007,1190938893682
IDA,"IDA total",2008,1419452059483
IDA,"IDA total",2009,1383638870425
IDA,"IDA total",2010,1603802041077
IDA,"IDA total",2011,1811541226397
IDA,"IDA total",2012,1911489409815
IDA,"IDA total",2013,2080820084335
IDA,"IDA total",2014,2240268970019
IDA,"IDA total",2015,2177532132027
IDA,"IDA total",2016,2164929236092
IDA,"IDA total",2017,2271746935650
IDA,"IDA total",2018,2413554064598
IDA,"IDA total",2019,2703870257925
IDA,"IDA total",2020,2623288396798
IDA,"IDA total",2021,2866558694221
IDA,"IDA total",2022,3079987753167
IDA,"IDA total",2023,2927829143898
IDA,"IDA total",2024,2893789224780
IDB,"IDA blend",1995,267309715975
IDB,"IDA blend",1996,328495025650
IDB,"IDA blend",1997,344040187983
IDB,"IDA blend",1998,360890034245
IDB,"IDA blend",1999,203538006167
IDB,"IDA blend",2000,244290144706
IDB,"IDA blend",2001,243968067390
IDB,"IDA blend",2002,267621509358
IDB,"IDA blend",2003,302939673629
IDB,"IDA blend",2004,365116376619
IDB,"IDA blend",2005,428328538127
IDB,"IDA blend",2006,526645636934
IDB,"IDA blend",2007,609839841032
IDB,"IDA blend",2008,714771797938
IDB,"IDA blend",2009,669157586077
IDB,"IDA blend",2010,786359231668
IDB,"IDA blend",2011,895839926019
IDB,"IDA blend",2012,990701519035
IDB,"IDA blend",2013,1081001766014
IDB,"IDA blend",2014,1175043316340
IDB,"IDA blend",2015,1116256560392
IDB,"IDA blend",2016,1047494187996
IDB,"IDA blend",2017,1067274924060
IDB,"IDA blend",2018,1127900531097
IDB,"IDA blend",2019,1357319294877
IDB,"IDA blend",2020,1262159381016
IDB,"IDA blend",2021,1373195862361
IDB,"IDA blend",2022,1461048245645
IDB,"IDA blend",2023,1277421993702
IDB,"IDA blend",2024,1123047633991
IDN,"Indonesia",1995,202132028723
IDN,"Indonesia",1996,227369679375
IDN,"Indonesia",1997,215748998610
IDN,"Indonesia",1998,95445547873
IDN,"Indonesia",1999,140001351215
IDN,"Indonesia",2000,165021012078
IDN,"Indonesia",2001,160446947785
IDN,"Indonesia",2002,195660611165
IDN,"Indonesia",2003,234772463824
IDN,"Indonesia",2004,256836875295
IDN,"Indonesia",2005,285868619196
IDN,"Indonesia",2006,364570515618
IDN,"Indonesia",2007,432216737775
IDN,"Indonesia",2008,510228634992
IDN,"Indonesia",2009,539580085612
IDN,"Indonesia",2010,755094157622
IDN,"Indonesia",2011,892969104563
IDN,"Indonesia",2012,917869913333
IDN,"Indonesia",2013,912524136718
IDN,"Indonesia",2014,890814755534
IDN,"Indonesia",2015,860854232686
IDN,"Indonesia",2016,931877364038
IDN,"Indonesia",2017,1015618744160
IDN,"Indonesia",2018,1042271532989
IDN,"Indonesia",2019,1119099871350
IDN,"Indonesia",2020,1059054842698
IDN,"Indonesia",2021,1186509691087
IDN,"Indonesia",2022,1319101183380
IDN,"Indonesia",2023,1371166925750
IDN,"Indonesia",2024,1396301788462
IDX,"IDA only",1995,213394230364
IDX,"IDA only",1996,225170917307
IDX,"IDA only",1997,235609683373
IDX,"IDA only",1998,242828324964
IDX,"IDA only",1999,249690571092
IDX,"IDA only",2000,275650920075
IDX,"IDA only",2001,269747437393
IDX,"IDA only",2002,286540275918
IDX,"IDA only",2003,322074306128
IDX,"IDA only",2004,365272291016
IDX,"IDA only",2005,421468030604
IDX,"IDA only",2006,488304362309
IDX,"IDA only",2007,580806156919
IDX,"IDA only",2008,704680261545
IDX,"IDA only",2009,714481284348
IDX,"IDA only",2010,817442809409
IDX,"IDA only",2011,915701300378
IDX,"IDA only",2012,920787890780
IDX,"IDA only",2013,999818318320
IDX,"IDA only",2014,1065225653680
IDX,"IDA only",2015,1061275571635
IDX,"IDA only",2016,1117435048096
IDX,"IDA only",2017,1204472011591
IDX,"IDA only",2018,1285653533502
IDX,"IDA only",2019,1346550963048
IDX,"IDA only",2020,1361129015783
IDX,"IDA only",2021,1493362831860
IDX,"IDA only",2022,1618939507522
IDX,"IDA only",2023,1650407150196
IDX,"IDA only",2024,1770741590789
IMN,"Isle of Man",1995,922269213
IMN,"Isle of Man",1996,1007205928
IMN,"Isle of Man",1997,1178261297
IMN,"Isle of Man",1998,1385124213
IMN,"Isle of Man",1999,1573742113
IMN,"Isle of Man",2000,1601050083
IMN,"Isle of Man",2001,1668684324
IMN,"Isle of Man",2002,1891002698
IMN,"Isle of Man",2003,2252620408
IMN,"Isle of Man",2004,2802206152
IMN,"Isle of Man",2005,3032411027
IMN,"Isle of Man",2006,3422733202
IMN,"Isle of Man",2007,4466350656
IMN,"Isle of Man",2008,5928791505
IMN,"Isle of Man",2009,5486921247
IMN,"Isle of Man",2010,5920369790
IMN,"Isle of Man",2011,6565667053
IMN,"Isle of Man",2012,6690228372
IMN,"Isle of Man",2013,7001175623
IMN,"Isle of Man",2014,7708454412
IMN,"Isle of Man",2015,7084800892
IMN,"Isle of Man",2016,6846377563
IMN,"Isle of Man",2017,6979788334
IMN,"Isle of Man",2018,7491649456
IMN,"Isle of Man",2019,7314967866
IMN,"Isle of Man",2020,6684225641
IMN,"Isle of Man",2021,7931193222
IMN,"Isle of Man",2022,7431257411
IMN,"Isle of Man",2023,7576129933
IND,"India",1995,360281909643
IND,"India",1996,392896866205
IND,"India",1997,415867563593
IND,"India",1998,421351317225
IND,"India",1999,458821052616
IND,"India",2000,468395521654
IND,"India",2001,485440139204
IND,"India",2002,514939140319
IND,"India",2003,607700687237
IND,"India",2004,709152728831
IND,"India",2005,820383763511
IND,"India",2006,940259888788
IND,"India",2007,1216736438835
IND,"India",2008,1198895139006
IND,"India",2009,1341888016995
IND,"India",2010,1675615519485
IND,"India",2011,1823051829895
IND,"India",2012,1827637590410
IND,"India",2013,1856721507622
IND,"India",2014,2039126479155
IND,"India",2015,2103588360045
IND,"India",2016,2294796885663
IND,"India",2017,2651474262755
IND,"India",2018,2702929641649
IND,"India",2019,2835606256558
IND,"India",2020,2674851578587
IND,"India",2021,3167270623260
IND,"India",2022,3249938492013
IND,"India",2023,3500906030645
IND,"India",2024,3760813470501
IRL,"Ireland",1995,69139823232
IRL,"Ireland",1996,75790786290
IRL,"Ireland",1997,82856648758
IRL,"Ireland",1998,90199410116
IRL,"Ireland",1999,98893958263
IRL,"Ireland",2000,100207610430
IRL,"Ireland",2001,109346669230
IRL,"Ireland",2002,128596035288
IRL,"Ireland",2003,164670771260
IRL,"Ireland",2004,194372115041
IRL,"Ireland",2005,211876989656
IRL,"Ireland",2006,232180617162
IRL,"Ireland",2007,270079279420
IRL,"Ireland",2008,275447471451
IRL,"Ireland",2009,236443115854
IRL,"Ireland",2010,221732824603
IRL,"Ireland",2011,240975871047
IRL,"Ireland",2012,226921827888
IRL,"Ireland",2013,242924245719
IRL,"Ireland",2014,266490442124
IRL,"Ireland",2015,302101388556
IRL,"Ireland",2016,305431252709
IRL,"Ireland",2017,348355212569
IRL,"Ireland",2018,395780319817
IRL,"Ireland",2019,407211793801
IRL,"Ireland",2020,436009027819
IRL,"Ireland",2021,530394123830
IRL,"Ireland",2022,548341794599
IRL,"Ireland",2023,567372737459
IRL,"Ireland",2024,609157459747
IRN,"Iran, Islamic Rep.",1995,96419225744
IRN,"Iran, Islamic Rep.",1996,120403931885
IRN,"Iran, Islamic Rep.",1997,113919163421
IRN,"Iran, Islamic Rep.",1998,110276913363
IRN,"Iran, Islamic Rep.",1999,113848450088
IRN,"Iran, Islamic Rep.",2000,109591707802
IRN,"Iran, Islamic Rep.",2001,126878750296
IRN,"Iran, Islamic Rep.",2002,128626917504
IRN,"Iran, Islamic Rep.",2003,151911222119
IRN,"Iran, Islamic Rep.",2004,187754571248
IRN,"Iran, Islamic Rep.",2005,224970371325
IRN,"Iran, Islamic Rep.",2006,265602187404
IRN,"Iran, Islamic Rep.",2007,349736591832
IRN,"Iran, Islamic Rep.",2008,406070949554
IRN,"Iran, Islamic Rep.",2009,414059094949
IRN,"Iran, Islamic Rep.",2010,487069570464
IRN,"Iran, Islamic Rep.",2011,629082257472
IRN,"Iran, Islamic Rep.",2012,644019315004
IRN,"Iran, Islamic Rep.",2013,500399839840
IRN,"Iran, Islamic Rep.",2014,462284793281
IRN,"Iran, Islamic Rep.",2015,409191686497
IRN,"Iran, Islamic Rep.",2016,478618064871
IRN,"Iran, Islamic Rep.",2017,510239893418
IRN,"Iran, Islamic Rep.",2018,411903303606
IRN,"Iran, Islamic Rep.",2019,347988400958
IRN,"Iran, Islamic Rep.",2020,280934329280
IRN,"Iran, Islamic Rep.",2021,407350685583
IRN,"Iran, Islamic Rep.",2022,422662261526
IRN,"Iran, Islamic Rep.",2023,457510482317
IRN,"Iran, Islamic Rep.",2024,475252089215
IRQ,"Iraq",1995,12894029888
IRQ,"Iraq",1996,10433698621
IRQ,"Iraq",1997,20764857056
IRQ,"Iraq",1998,20617405044
IRQ,"Iraq",1999,36881601584
IRQ,"Iraq",2000,48364250944
IRQ,"Iraq",2001,36176430129
IRQ,"Iraq",2002,32928454672
IRQ,"Iraq",2003,21921569479
IRQ,"Iraq",2004,36633669269
IRQ,"Iraq",2005,50065104668
IRQ,"Iraq",2006,65147051918
IRQ,"Iraq",2007,88837057320
IRQ,"Iraq",2008,131614434154
IRQ,"Iraq",2009,111657580326
IRQ,"Iraq",2010,138516722650
IRQ,"Iraq",2011,185749664444
IRQ,"Iraq",2012,218002476129
IRQ,"Iraq",2013,234637675129
IRQ,"Iraq",2014,228415656175
IRQ,"Iraq",2015,166774104959
IRQ,"Iraq",2016,166743557748
IRQ,"Iraq",2017,187217660051
IRQ,"Iraq",2018,227367469034
IRQ,"Iraq",2019,233636097800
IRQ,"Iraq",2020,180898797517
IRQ,"Iraq",2021,209691945713
IRQ,"Iraq",2022,287372232138
IRQ,"Iraq",2023,268881051644
IRQ,"Iraq",2024,279641257615
ISL,"Iceland",1995,7372640169
ISL,"Iceland",1996,7686566105
ISL,"Iceland",1997,7716781803
ISL,"Iceland",1998,8637732542
ISL,"Iceland",1999,9107644691
ISL,"Iceland",2000,9140168922
ISL,"Iceland",2001,8323401820
ISL,"Iceland",2002,9416199700
ISL,"Iceland",2003,11564687742
ISL,"Iceland",2004,13963943244
ISL,"Iceland",2005,17146410561
ISL,"Iceland",2006,17671649843
ISL,"Iceland",2007,21960110030
ISL,"Iceland",2008,18247921360
ISL,"Iceland",2009,13212543838
ISL,"Iceland",2010,13922711577
ISL,"Iceland",2011,15394005872
ISL,"Iceland",2012,14943757823
ISL,"Iceland",2013,16244319959
ISL,"Iceland",2014,18052183515
ISL,"Iceland",2015,17700486957
ISL,"Iceland",2016,21083713310
ISL,"Iceland",2017,25060086488
ISL,"Iceland",2018,26677652544
ISL,"Iceland",2019,24985687022
ISL,"Iceland",2020,22034665041
ISL,"Iceland",2021,26234872402
ISL,"Iceland",2022,29176227825
ISL,"Iceland",2023,31701996434
ISL,"Iceland",2024,33186621855
ISR,"Israel",1995,105432315611
ISR,"Israel",1996,115051957577
ISR,"Israel",1997,119389303067
ISR,"Israel",1998,120468659246
ISR,"Israel",1999,121329240042
ISR,"Israel",2000,136409902632
ISR,"Israel",2001,134889159474
ISR,"Israel",2002,125215963105
ISR,"Israel",2003,131278887815
ISR,"Israel",2004,139925423025
ISR,"Israel",2005,147346035831
ISR,"Israel",2006,158706516002
ISR,"Israel",2007,184448882452
ISR,"Israel",2008,220952472408
ISR,"Israel",2009,213112649594
ISR,"Israel",2010,239372857534
ISR,"Israel",2011,267739352609
ISR,"Israel",2012,263172104091
ISR,"Israel",2013,298045324736
ISR,"Israel",2014,314376760832
ISR,"Israel",2015,302841190258
ISR,"Israel",2016,321083954798
ISR,"Israel",2017,357360816857
ISR,"Israel",2018,375470422244
ISR,"Israel",2019,399207771082
ISR,"Israel",2020,410908899711
ISR,"Israel",2021,489735019666
ISR,"Israel",2022,525157951213
ISR,"Israel",2023,513393395492
ISR,"Israel",2024,542284494491
ITA,"Italy",1995,1177369428266
ITA,"Italy",1996,1314776508972
ITA,"Italy",1997,1244988176444
ITA,"Italy",1998,1272729786997
ITA,"Italy",1999,1255004736464
ITA,"Italy",2000,1149661363439
ITA,"Italy",2001,1172041488806
ITA,"Italy",2002,1281746271196
ITA,"Italy",2003,1582930016539
ITA,"Italy",2004,1812808753295
ITA,"Italy",2005,1864982261287
ITA,"Italy",2006,1958563654386
ITA,"Italy",2007,2222524108128
ITA,"Italy",2008,2417508414187
ITA,"Italy",2009,2209484319013
ITA,"Italy",2010,2144936254535
ITA,"Italy",2011,2306974020278
ITA,"Italy",2012,2097929495122
ITA,"Italy",2013,2153225581941
ITA,"Italy",2014,2173255507986
ITA,"Italy",2015,1845428048839
ITA,"Italy",2016,1887111188177
ITA,"Italy",2017,1970720904585
ITA,"Italy",2018,2099435266459
ITA,"Italy",2019,2019606796584
ITA,"Italy",2020,1907481094079
ITA,"Italy",2021,2179207773596
ITA,"Italy",2022,2104067630319
ITA,"Italy",2023,2316882296366
ITA,"Italy",2024,2383435562458
JAM,"Jamaica",1995,6577520643
JAM,"Jamaica",1996,7393891921
JAM,"Jamaica",1997,8400041724
JAM,"Jamaica",1998,8787195622
JAM,"Jamaica",1999,8887057997
JAM,"Jamaica",2000,9005064475
JAM,"Jamaica",2001,9194727831
JAM,"Jamaica",2002,9719009495
JAM,"Jamaica",2003,9430234811
JAM,"Jamaica",2004,10174664854
JAM,"Jamaica",2005,11243865778
JAM,"Jamaica",2006,11930179090
JAM,"Jamaica",2007,12799600047
JAM,"Jamaica",2008,13709401520
JAM,"Jamaica",2009,12120458115
JAM,"Jamaica",2010,13220549908
JAM,"Jamaica",2011,14444661522
JAM,"Jamaica",2012,14807086556
JAM,"Jamaica",2013,14264205153
JAM,"Jamaica",2014,13899217680
JAM,"Jamaica",2015,14963589916
JAM,"Jamaica",2016,14898999754
JAM,"Jamaica",2017,15783583237
JAM,"Jamaica",2018,16855447986
JAM,"Jamaica",2019,17026269263
JAM,"Jamaica",2020,15000214216
JAM,"Jamaica",2021,15963885376
JAM,"Jamaica",2022,18813516805
JAM,"Jamaica",2023,21418797833
JAM,"Jamaica",2024,22014429051
JOR,"Jordan",1995,6727597032
JOR,"Jordan",1996,6927503526
JOR,"Jordan",1997,7245839210
JOR,"Jordan",1998,7912270804
JOR,"Jordan",1999,8149929478
JOR,"Jordan",2000,8460789845
JOR,"Jordan",2001,8975814653
JOR,"Jordan",2002,9582510578
JOR,"Jordan",2003,10195627645
JOR,"Jordan",2004,11411706629
JOR,"Jordan",2005,12588998590
JOR,"Jordan",2006,15056981664
JOR,"Jordan",2007,17110437236
JOR,"Jordan",2008,25651620831
JOR,"Jordan",2009,27462496197
JOR,"Jordan",2010,30202773521
JOR,"Jordan",2011,32640291549
JOR,"Jordan",2012,34854017887
JOR,"Jordan",2013,37873362958
JOR,"Jordan",2014,40535098592
JOR,"Jordan",2015,42394049296
JOR,"Jordan",2016,43688498732
JOR,"Jordan",2017,45535614366
JOR,"Jordan",2018,47435850423
JOR,"Jordan",2019,48640273803
JOR,"Jordan",2020,47931770986
JOR,"Jordan",2021,50702940986
JOR,"Jordan",2022,53516930141
JOR,"Jordan",2023,56123472113
JOR,"Jordan",2024,58618380563
JPN,"Japan",1995,5639649753986
JPN,"Japan",1996,5021441618840
JPN,"Japan",1997,4579780793432
JPN,"Japan",1998,4150359076370
JPN,"Japan",1999,4688983449627
JPN,"Japan",2000,5042381838343
JPN,"Japan",2001,4438792748062
JPN,"Japan",2002,4245946980572
JPN,"Japan",2003,4573413206709
JPN,"Japan",2004,4941485123807
JPN,"Japan",2005,4875648486366
JPN,"Japan",2006,4648058930707
JPN,"Japan",2007,4624670179655
JPN,"Japan",2008,5160197175876
JPN,"Japan",2009,5336765697589
JPN,"Japan",2010,5811578109447
JPN,"Japan",2011,6279422550219
JPN,"Japan",2012,6333803928788
JPN,"Japan",2013,5272297037397
JPN,"Japan",2014,4985763289561
JPN,"Japan",2015,4534438580495
JPN,"Japan",2016,5110357383254
JPN,"Japan",2017,5038231631661
JPN,"Japan",2018,5154293721630
JPN,"Japan",2019,5245755000479
JPN,"Japan",2020,5189197543645
JPN,"Japan",2021,5225933520753
JPN,"Japan",2022,4447976207315
JPN,"Japan",2023,4384854269962
JPN,"Japan",2024,4190008188359
KAZ,"Kazakhstan",1995,20374302652
KAZ,"Kazakhstan",1996,21035357937
KAZ,"Kazakhstan",1997,22165932063
KAZ,"Kazakhstan",1998,22135245507
KAZ,"Kazakhstan",1999,16870817182
KAZ,"Kazakhstan",2000,18291990662
KAZ,"Kazakhstan",2001,22152689180
KAZ,"Kazakhstan",2002,24636598527
KAZ,"Kazakhstan",2003,30833692900
KAZ,"Kazakhstan",2004,43151647003
KAZ,"Kazakhstan",2005,57123671734
KAZ,"Kazakhstan",2006,81003864630
KAZ,"Kazakhstan",2007,104849915058
KAZ,"Kazakhstan",2008,133441648852
KAZ,"Kazakhstan",2009,115308686941
KAZ,"Kazakhstan",2010,148047348241
KAZ,"Kazakhstan",2011,192626464617
KAZ,"Kazakhstan",2012,207998568866
KAZ,"Kazakhstan",2013,236634603409
KAZ,"Kazakhstan",2014,221415613595
KAZ,"Kazakhstan",2015,184388404706
KAZ,"Kazakhstan",2016,137278320084
KAZ,"Kazakhstan",2017,166805788827
KAZ,"Kazakhstan",2018,179339977690
KAZ,"Kazakhstan",2019,181667184855
KAZ,"Kazakhstan",2020,171082365861
KAZ,"Kazakhstan",2021,197112255361
KAZ,"Kazakhstan",2022,225496328925
KAZ,"Kazakhstan",2023,261840101060
KAZ,"Kazakhstan",2024,291480274649
KEN,"Kenya",1995,9046320255
KEN,"Kenya",1996,12045865396
KEN,"Kenya",1997,13115764358
KEN,"Kenya",1998,14093998844
KEN,"Kenya",1999,12896010459
KEN,"Kenya",2000,12705350098
KEN,"Kenya",2001,12986007426
KEN,"Kenya",2002,13147736899
KEN,"Kenya",2003,14904517650
KEN,"Kenya",2004,16095337094
KEN,"Kenya",2005,18737895513
KEN,"Kenya",2006,25825512284
KEN,"Kenya",2007,31958195182
KEN,"Kenya",2008,35895153328
KEN,"Kenya",2009,42347217913
KEN,"Kenya",2010,45405615064
KEN,"Kenya",2011,46869473151
KEN,"Kenya",2012,56396704672
KEN,"Kenya",2013,61671440408
KEN,"Kenya",2014,68285796514
KEN,"Kenya",2015,70120446897
KEN,"Kenya",2016,74815144164
KEN,"Kenya",2017,82036510877
KEN,"Kenya",2018,92202979985
KEN,"Kenya",2019,100378436207
KEN,"Kenya",2020,100657505751
KEN,"Kenya",2021,109703658905
KEN,"Kenya",2022,114448978153
KEN,"Kenya",2023,107500884685
KEN,"Kenya",2024,120397537850
KGZ,"Kyrgyz Republic",1995,1661147035
KGZ,"Kyrgyz Republic",1996,1827570586
KGZ,"Kyrgyz Republic",1997,1767864036
KGZ,"Kyrgyz Republic",1998,1645963750
KGZ,"Kyrgyz Republic",1999,1249061487
KGZ,"Kyrgyz Republic",2000,1369688498
KGZ,"Kyrgyz Republic",2001,1525116370
KGZ,"Kyrgyz Republic",2002,1605643105
KGZ,"Kyrgyz Republic",2003,1919008090
KGZ,"Kyrgyz Republic",2004,2211534585
KGZ,"Kyrgyz Republic",2005,2460246766
KGZ,"Kyrgyz Republic",2006,2834168889
KGZ,"Kyrgyz Republic",2007,3802570553
KGZ,"Kyrgyz Republic",2008,5139958909
KGZ,"Kyrgyz Republic",2009,4690061381
KGZ,"Kyrgyz Republic",2010,4794361863
KGZ,"Kyrgyz Republic",2011,6197765984
KGZ,"Kyrgyz Republic",2012,6605142884
KGZ,"Kyrgyz Republic",2013,7335033801
KGZ,"Kyrgyz Republic",2014,7468102413
KGZ,"Kyrgyz Republic",2015,6678177512
KGZ,"Kyrgyz Republic",2016,6813095379
KGZ,"Kyrgyz Republic",2017,7702938379
KGZ,"Kyrgyz Republic",2018,8271106235
KGZ,"Kyrgyz Republic",2019,9371275264
KGZ,"Kyrgyz Republic",2020,8270468614
KGZ,"Kyrgyz Republic",2021,9249133946
KGZ,"Kyrgyz Republic",2022,12134931018
KGZ,"Kyrgyz Republic",2023,15180842369
KGZ,"Kyrgyz Republic",2024,18161630699
KHM,"Cambodia",1995,3441205693
KHM,"Cambodia",1996,3506695720
KHM,"Cambodia",1997,3443413389
KHM,"Cambodia",1998,3120425503
KHM,"Cambodia",1999,3517242477
KHM,"Cambodia",2000,3694168979
KHM,"Cambodia",2001,4145665970
KHM,"Cambodia",2002,4501227627
KHM,"Cambodia",2003,5046693484
KHM,"Cambodia",2004,5883297160
KHM,"Cambodia",2005,7066296463
KHM,"Cambodia",2006,8350531017
KHM,"Cambodia",2007,10127916460
KHM,"Cambodia",2008,12174303999
KHM,"Cambodia",2009,12502901170
KHM,"Cambodia",2010,13808673288
KHM,"Cambodia",2011,16032622024
KHM,"Cambodia",2012,17826536700
KHM,"Cambodia",2013,19807135253
KHM,"Cambodia",2014,22041463968
KHM,"Cambodia",2015,24174170369
KHM,"Cambodia",2016,26556545153
KHM,"Cambodia",2017,29355665910
KHM,"Cambodia",2018,33145892169
KHM,"Cambodia",2019,36685356408
KHM,"Cambodia",2020,34818073901
KHM,"Cambodia",2021,36790163687
KHM,"Cambodia",2022,39994532960
KHM,"Cambodia",2023,42335646896
KHM,"Cambodia",2024,46352647037
KIR,"Kiribati",1995,68596395
KIR,"Kiribati",1996,81456854
KIR,"Kiribati",1997,80205807
KIR,"Kiribati",1998,74905706
KIR,"Kiribati",1999,77323978
KIR,"Kiribati",2000,74910527
KIR,"Kiribati",2001,64935850
KIR,"Kiribati",2002,74743869
KIR,"Kiribati",2003,96105619
KIR,"Kiribati",2004,104085892
KIR,"Kiribati",2005,113895437
KIR,"Kiribati",2006,112338353
KIR,"Kiribati",2007,138054946
KIR,"Kiribati",2008,147017895
KIR,"Kiribati",2009,140177384
KIR,"Kiribati",2010,165458433
KIR,"Kiribati",2011,195970140
KIR,"Kiribati",2012,207001546
KIR,"Kiribati",2013,201730861
KIR,"Kiribati",2014,200287282
KIR,"Kiribati",2015,191559399
KIR,"Kiribati",2016,206467819
KIR,"Kiribati",2017,223029865
KIR,"Kiribati",2018,233859230
KIR,"Kiribati",2019,216891541
KIR,"Kiribati",2020,220909307
KIR,"Kiribati",2021,285451584
KIR,"Kiribati",2022,271214375
KIR,"Kiribati",2023,291657338
KIR,"Kiribati",2024,343153235
KNA,"St. Kitts and Nevis",1995,313485185
KNA,"St. Kitts and Nevis",1996,333944444
KNA,"St. Kitts and Nevis",1997,374641308
KNA,"St. Kitts and Nevis",1998,383257331
KNA,"St. Kitts and Nevis",1999,406595484
KNA,"St. Kitts and Nevis",2000,421695770
KNA,"St. Kitts and Nevis",2001,458643829
KNA,"St. Kitts and Nevis",2002,481077374
KNA,"St. Kitts and Nevis",2003,469869870
KNA,"St. Kitts and Nevis",2004,506900000
KNA,"St. Kitts and Nevis",2005,547203704
KNA,"St. Kitts and Nevis",2006,644414815
KNA,"St. Kitts and Nevis",2007,689285185
KNA,"St. Kitts and Nevis",2008,777692593
KNA,"St. Kitts and Nevis",2009,774274074
KNA,"St. Kitts and Nevis",2010,778718519
KNA,"St. Kitts and Nevis",2011,836092593
KNA,"St. Kitts and Nevis",2012,824585185
KNA,"St. Kitts and Nevis",2013,874548148
KNA,"St. Kitts and Nevis",2014,952111111
KNA,"St. Kitts and Nevis",2015,957222222
KNA,"St. Kitts and Nevis",2016,1006818519
KNA,"St. Kitts and Nevis",2017,1056977778
KNA,"St. Kitts and Nevis",2018,1076548148
KNA,"St. Kitts and Nevis",2019,1107855556
KNA,"St. Kitts and Nevis",2020,883922222
KNA,"St. Kitts and Nevis",2021,858622222
KNA,"St. Kitts and Nevis",2022,981429630
KNA,"St. Kitts and Nevis",2023,1055651852
KNA,"St. Kitts and Nevis",2024,1122388889
KOR,"Korea, Rep.",1995,586286469401
KOR,"Korea, Rep.",1996,631196863758
KOR,"Korea, Rep.",1997,589202526424
KOR,"Korea, Rep.",1998,397297216492
KOR,"Korea, Rep.",1999,515697079289
KOR,"Korea, Rep.",2000,597487173479
KOR,"Korea, Rep.",2001,567564806235
KOR,"Korea, Rep.",2002,650014391470
KOR,"Korea, Rep.",2003,728516494684
KOR,"Korea, Rep.",2004,823251107639
KOR,"Korea, Rep.",2005,971740329984
KOR,"Korea, Rep.",2006,1095175538508
KOR,"Korea, Rep.",2007,1220911904593
KOR,"Korea, Rep.",2008,1091580692542
KOR,"Korea, Rep.",2009,983065242417
KOR,"Korea, Rep.",2010,1192830015738
KOR,"Korea, Rep.",2011,1307103477219
KOR,"Korea, Rep.",2012,1335343586438
KOR,"Korea, Rep.",2013,1434669686502
KOR,"Korea, Rep.",2014,1556252422020
KOR,"Korea, Rep.",2015,1539212301136
KOR,"Korea, Rep.",2016,1579150518945
KOR,"Korea, Rep.",2017,1710196756713
KOR,"Korea, Rep.",2018,1824251454307
KOR,"Korea, Rep.",2019,1751045752055
KOR,"Korea, Rep.",2020,1744070276373
KOR,"Korea, Rep.",2021,1942313560966
KOR,"Korea, Rep.",2022,1799363116867
KOR,"Korea, Rep.",2023,1844800934392
KOR,"Korea, Rep.",2024,1875388209407
KWT,"Kuwait",1995,27186980647
KWT,"Kuwait",1996,31492373309
KWT,"Kuwait",1997,30350190704
KWT,"Kuwait",1998,25943705784
KWT,"Kuwait",1999,30122365849
KWT,"Kuwait",2000,37718743480
KWT,"Kuwait",2001,34889559870
KWT,"Kuwait",2002,38135788414
KWT,"Kuwait",2003,47874582232
KWT,"Kuwait",2004,59439090601
KWT,"Kuwait",2005,80798630137
KWT,"Kuwait",2006,101557330723
KWT,"Kuwait",2007,114634043362
KWT,"Kuwait",2008,147379737230
KWT,"Kuwait",2009,105968691905
KWT,"Kuwait",2010,115416245242
KWT,"Kuwait",2011,154039231246
KWT,"Kuwait",2012,174047662680
KWT,"Kuwait",2013,174168116535
KWT,"Kuwait",2014,162650450685
KWT,"Kuwait",2015,114585555689
KWT,"Kuwait",2016,109406674125
KWT,"Kuwait",2017,120687539806
KWT,"Kuwait",2018,138646316351
KWT,"Kuwait",2019,140856394861
KWT,"Kuwait",2020,111045470606
KWT,"Kuwait",2021,148350671489
KWT,"Kuwait",2022,183502046694
KWT,"Kuwait",2023,165462656227
KWT,"Kuwait",2024,160903106639
LAC,"Latin America & Caribbean (excluding high income)",1995,1762996031342
LAC,"Latin America & Caribbean (excluding high income)",1996,1911521633510
LAC,"Latin America & Caribbean (excluding high income)",1997,2094953882737
LAC,"Latin America & Caribbean (excluding high income)",1998,2116252056668
LAC,"Latin America & Caribbean (excluding high income)",1999,1893935164371
LAC,"Latin America & Caribbean (excluding high income)",2000,2103632373623
LAC,"Latin America & Caribbean (excluding high income)",2001,2058411677043
LAC,"Latin America & Caribbean (excluding high income)",2002,1833442255112
LAC,"Latin America & Caribbean (excluding high income)",2003,1860329009942
LAC,"Latin America & Caribbean (excluding high income)",2004,2137560387893
LAC,"Latin America & Caribbean (excluding high income)",2005,2596008248707
LAC,"Latin America & Caribbean (excluding high income)",2006,3041888570283
LAC,"Latin America & Caribbean (excluding high income)",2007,3605106967514
LAC,"Latin America & Caribbean (excluding high income)",2008,4216556735122
LAC,"Latin America & Caribbean (excluding high income)",2009,3942282553724
LAC,"Latin America & Caribbean (excluding high income)",2010,4911947255842
LAC,"Latin America & Caribbean (excluding high income)",2011,5594126981027
LAC,"Latin America & Caribbean (excluding high income)",2012,5622404703959
LAC,"Latin America & Caribbean (excluding high income)",2013,5644127674358
LAC,"Latin America & Caribbean (excluding high income)",2014,5620010717339
LAC,"Latin America & Caribbean (excluding high income)",2015,4703989762871
LAC,"Latin America & Caribbean (excluding high income)",2016,4551782151518
LAC,"Latin America & Caribbean (excluding high income)",2017,5076766505995
LAC,"Latin America & Caribbean (excluding high income)",2018,4918723143161
LAC,"Latin America & Caribbean (excluding high income)",2019,4821625109315
LAC,"Latin America & Caribbean (excluding high income)",2020,4034164122635
LAC,"Latin America & Caribbean (excluding high income)",2021,4694652116377
LAC,"Latin America & Caribbean (excluding high income)",2022,5425723261081
LAC,"Latin America & Caribbean (excluding high income)",2023,6114807611698
LAC,"Latin America & Caribbean (excluding high income)",2024,6266421572816
LAO,"Lao PDR",1995,1763536305
LAO,"Lao PDR",1996,1873671550
LAO,"Lao PDR",1997,1747011857
LAO,"Lao PDR",1998,1280177839
LAO,"Lao PDR",1999,1454430642
LAO,"Lao PDR",2000,1731198022
LAO,"Lao PDR",2001,1768619058
LAO,"Lao PDR",2002,1758176653
LAO,"Lao PDR",2003,2023324407
LAO,"Lao PDR",2004,2366398120
LAO,"Lao PDR",2005,2735558735
LAO,"Lao PDR",2006,3455030061
LAO,"Lao PDR",2007,4223152739
LAO,"Lao PDR",2008,5446433157
LAO,"Lao PDR",2009,5836137330
LAO,"Lao PDR",2010,7131771015
LAO,"Lao PDR",2011,8750104617
LAO,"Lao PDR",2012,10192846339
LAO,"Lao PDR",2013,11983252627
LAO,"Lao PDR",2014,13279245886
LAO,"Lao PDR",2015,14426380126
LAO,"Lao PDR",2016,15912501723
LAO,"Lao PDR",2017,17071155481
LAO,"Lao PDR",2018,18141641090
LAO,"Lao PDR",2019,18740561513
LAO,"Lao PDR",2020,18981805250
LAO,"Lao PDR",2021,18827148531
LAO,"Lao PDR",2022,15468785204
LAO,"Lao PDR",2023,15843155731
LAO,"Lao PDR",2024,16502933121
LBN,"Lebanon",1995,11718795529
LBN,"Lebanon",1996,13690217334
LBN,"Lebanon",1997,15751867489
LBN,"Lebanon",1998,17247179006
LBN,"Lebanon",1999,17391056369
LBN,"Lebanon",2000,17260364842
LBN,"Lebanon",2001,17649751244
LBN,"Lebanon",2002,19152238806
LBN,"Lebanon",2003,20082918740
LBN,"Lebanon",2004,21159827992
LBN,"Lebanon",2005,21497336499
LBN,"Lebanon",2006,22022709851
LBN,"Lebanon",2007,24827355015
LBN,"Lebanon",2008,29118916105
LBN,"Lebanon",2009,35399582929
LBN,"Lebanon",2010,38443907042
LBN,"Lebanon",2011,39927125962
LBN,"Lebanon",2012,44016799516
LBN,"Lebanon",2013,46880103081
LBN,"Lebanon",2014,48095213747
LBN,"Lebanon",2015,49929337837
LBN,"Lebanon",2016,51147308774
LBN,"Lebanon",2017,53027680686
LBN,"Lebanon",2018,54901519156
LBN,"Lebanon",2019,51605959131
LBN,"Lebanon",2020,31712128254
LBN,"Lebanon",2021,23131941557
LBN,"Lebanon",2022,20992421949
LBN,"Lebanon",2023,20078620357
LBN,"Lebanon",2024,25971643441
LBR,"Liberia",1995,134800000
LBR,"Liberia",1996,159400000
LBR,"Liberia",1997,295900000
LBR,"Liberia",1998,359600000
LBR,"Liberia",1999,441800000
LBR,"Liberia",2000,874000000
LBR,"Liberia",2001,906000000
LBR,"Liberia",2002,927000000
LBR,"Liberia",2003,748000000
LBR,"Liberia",2004,897000000
LBR,"Liberia",2005,949000000
LBR,"Liberia",2006,1119000000
LBR,"Liberia",2007,1373000000
LBR,"Liberia",2008,1726000000
LBR,"Liberia",2009,1768000000
LBR,"Liberia",2010,1998000000
LBR,"Liberia",2011,2398000000
LBR,"Liberia",2012,2791614000
LBR,"Liberia",2013,3177198100
LBR,"Liberia",2014,3225652000
LBR,"Liberia",2015,3227075700
LBR,"Liberia",2016,3398419600
LBR,"Liberia",2017,3390703400
LBR,"Liberia",2018,3422754800
LBR,"Liberia",2019,3319596500
LBR,"Liberia",2020,3176126300
LBR,"Liberia",2021,3513049500
LBR,"Liberia",2022,4001047000
LBR,"Liberia",2023,4390000000
LBR,"Liberia",2024,4779300900
LBY,"Libya",1995,25541379187
LBY,"Libya",1996,27884615385
LBY,"Libya",1997,30700897875
LBY,"Libya",1998,27251301398
LBY,"Libya",1999,35975860857
LBY,"Libya",2000,38270954138
LBY,"Libya",2001,34112093927
LBY,"Libya",2002,20481889764
LBY,"Libya",2003,26265625000
LBY,"Libya",2004,33122307692
LBY,"Libya",2005,47334691241
LBY,"Libya",2006,60094231607
LBY,"Libya",2007,68032978391
LBY,"Libya",2008,86710767415
LBY,"Libya",2009,60808562033
LBY,"Libya",2010,75380825062
LBY,"Libya",2011,48169263294
LBY,"Libya",2012,92540938129
LBY,"Libya",2013,75351107029
LBY,"Libya",2014,57372355592
LBY,"Libya",2015,48717501321
LBY,"Libya",2016,49912073701
LBY,"Libya",2017,67157452182
LBY,"Libya",2018,76686029772
LBY,"Libya",2019,69254496472
LBY,"Libya",2020,46854285441
LBY,"Libya",2021,35217995647
LBY,"Libya",2022,43246297922
LBY,"Libya",2023,44027664915
LBY,"Libya",2024,48487151215
LCA,"St. Lucia",1995,762962963
LCA,"St. Lucia",1996,788888889
LCA,"St. Lucia",1997,805925926
LCA,"St. Lucia",1998,877407407
LCA,"St. Lucia",1999,921851852
LCA,"St. Lucia",2000,932592593
LCA,"St. Lucia",2001,892592593
LCA,"St. Lucia",2002,900000000
LCA,"St. Lucia",2003,987407407
LCA,"St. Lucia",2004,1066666667
LCA,"St. Lucia",2005,1135555556
LCA,"St. Lucia",2006,1268319185
LCA,"St. Lucia",2007,1336088815
LCA,"St. Lucia",2008,1437731111
LCA,"St. Lucia",2009,1401507889
LCA,"St. Lucia",2010,1482385185
LCA,"St. Lucia",2011,1568370370
LCA,"St. Lucia",2012,1598207407
LCA,"St. Lucia",2013,1660392593
LCA,"St. Lucia",2014,1749185185
LCA,"St. Lucia",2015,1807640741
LCA,"St. Lucia",2016,1868544444
LCA,"St. Lucia",2017,1998503704
LCA,"St. Lucia",2018,2060955556
LCA,"St. Lucia",2019,2090074074
LCA,"St. Lucia",2020,1521740741
LCA,"St. Lucia",2021,1871111111
LCA,"St. Lucia",2022,2319888889
LCA,"St. Lucia",2023,2441259259
LCA,"St. Lucia",2024,2605148148
LCN,"Latin America & Caribbean",1995,1942345373687
LCN,"Latin America & Caribbean",1996,2100954032184
LCN,"Latin America & Caribbean",1997,2303665490980
LCN,"Latin America & Caribbean",1998,2331974611877
LCN,"Latin America & Caribbean",1999,2107674024427
LCN,"Latin America & Caribbean",2000,2326960808220
LCN,"Latin America & Caribbean",2001,2282616598587
LCN,"Latin America & Caribbean",2002,2052785896654
LCN,"Latin America & Caribbean",2003,2091901149500
LCN,"Latin America & Caribbean",2004,2405470324871
LCN,"Latin America & Caribbean",2005,2903225604298
LCN,"Latin America & Caribbean",2006,3397326624081
LCN,"Latin America & Caribbean",2007,3998763226331
LCN,"Latin America & Caribbean",2008,4644092806763
LCN,"Latin America & Caribbean",2009,4357538710237
LCN,"Latin America & Caribbean",2010,5397655976518
LCN,"Latin America & Caribbean",2011,6139314989246
LCN,"Latin America & Caribbean",2012,6201531036318
LCN,"Latin America & Caribbean",2013,6252125316235
LCN,"Latin America & Caribbean",2014,6218059801942
LCN,"Latin America & Caribbean",2015,5289417937086
LCN,"Latin America & Caribbean",2016,5148783766945
LCN,"Latin America & Caribbean",2017,5715231248363
LCN,"Latin America & Caribbean",2018,5581213957025
LCN,"Latin America & Caribbean",2019,5473792638347
LCN,"Latin America & Caribbean",2020,4627829769474
LCN,"Latin America & Caribbean",2021,5383564425117
LCN,"Latin America & Caribbean",2022,6147092422712
LCN,"Latin America & Caribbean",2023,6909980461601
LCN,"Latin America & Caribbean",2024,7088767706235
LDC,"Least developed countries: UN classification",1995,172091208742
LDC,"Least developed countries: UN classification",1996,181565021319
LDC,"Least developed countries: UN classification",1997,189340363935
LDC,"Least developed countries: UN classification",1998,192210596422
LDC,"Least developed countries: UN classification",1999,197805574801
LDC,"Least developed countries: UN classification",2000,224564439989
LDC,"Least developed countries: UN classification",2001,216586451094
LDC,"Least developed countries: UN classification",2002,238997145476
LDC,"Least developed countries: UN classification",2003,270939943316
LDC,"Least developed countries: UN classification",2004,311792443178
LDC,"Least developed countries: UN classification",2005,370634107575
LDC,"Least developed countries: UN classification",2006,430668720016
LDC,"Least developed countries: UN classification",2007,517201448592
LDC,"Least developed countries: UN classification",2008,635498688013
LDC,"Least developed countries: UN classification",2009,628091006955
LDC,"Least developed countries: UN classification",2010,711177667873
LDC,"Least developed countries: UN classification",2011,810040727730
LDC,"Least developed countries: UN classification",2012,849501067175
LDC,"Least developed countries: UN classification",2013,924587754782
LDC,"Least developed countries: UN classification",2014,993293176452
LDC,"Least developed countries: UN classification",2015,945963113669
LDC,"Least developed countries: UN classification",2016,953366743642
LDC,"Least developed countries: UN classification",2017,1045823616291
LDC,"Least developed countries: UN classification",2018,1117321176649
LDC,"Least developed countries: UN classification",2019,1169533458406
LDC,"Least developed countries: UN classification",2020,1179620504897
LDC,"Least developed countries: UN classification",2021,1302642870996
LDC,"Least developed countries: UN classification",2022,1471699265269
LDC,"Least developed countries: UN classification",2023,1459140154701
LDC,"Least developed countries: UN classification",2024,1542009429615
LIE,"Liechtenstein",1995,2428525061
LIE,"Liechtenstein",1996,2504012993
LIE,"Liechtenstein",1997,2298389803
LIE,"Liechtenstein",1998,2479699106
LIE,"Liechtenstein",1999,2664105901
LIE,"Liechtenstein",2000,2483889858
LIE,"Liechtenstein",2001,2491800559
LIE,"Liechtenstein",2002,2688618747
LIE,"Liechtenstein",2003,3070803051
LIE,"Liechtenstein",2004,3454373798
LIE,"Liechtenstein",2005,3659319117
LIE,"Liechtenstein",2006,4000102086
LIE,"Liechtenstein",2007,4601429897
LIE,"Liechtenstein",2008,5081479840
LIE,"Liechtenstein",2009,4504375348
LIE,"Liechtenstein",2010,5082337238
LIE,"Liechtenstein",2011,5739706005
LIE,"Liechtenstein",2012,5456102482
LIE,"Liechtenstein",2013,6391708311
LIE,"Liechtenstein",2014,6657526980
LIE,"Liechtenstein",2015,6268515276
LIE,"Liechtenstein",2016,6237302034
LIE,"Liechtenstein",2017,6474308718
LIE,"Liechtenstein",2018,6692620692
LIE,"Liechtenstein",2019,6436467007
LIE,"Liechtenstein",2020,6405870210
LIE,"Liechtenstein",2021,7912602342
LIE,"Liechtenstein",2022,7426856243
LIE,"Liechtenstein",2023,8239379403
LIE,"Liechtenstein",2024,8905764270
LKA,"Sri Lanka",1995,13029697561
LKA,"Sri Lanka",1996,13897738375
LKA,"Sri Lanka",1997,15091913884
LKA,"Sri Lanka",1998,15760736956
LKA,"Sri Lanka",1999,15711933513
LKA,"Sri Lanka",2000,16595882819
LKA,"Sri Lanka",2001,15749753805
LKA,"Sri Lanka",2002,16536535647
LKA,"Sri Lanka",2003,18881765437
LKA,"Sri Lanka",2004,20662525941
LKA,"Sri Lanka",2005,24405791045
LKA,"Sri Lanka",2006,28267410543
LKA,"Sri Lanka",2007,32350238760
LKA,"Sri Lanka",2008,40713826215
LKA,"Sri Lanka",2009,42066224093
LKA,"Sri Lanka",2010,58636049581
LKA,"Sri Lanka",2011,67753285882
LKA,"Sri Lanka",2012,70447216891
LKA,"Sri Lanka",2013,76976204075
LKA,"Sri Lanka",2014,82531125462
LKA,"Sri Lanka",2015,85090300896
LKA,"Sri Lanka",2016,88000210878
LKA,"Sri Lanka",2017,94369350439
LKA,"Sri Lanka",2018,94450015983
LKA,"Sri Lanka",2019,88998706178
LKA,"Sri Lanka",2020,84335574372
LKA,"Sri Lanka",2021,88556699052
LKA,"Sri Lanka",2022,74143020304
LKA,"Sri Lanka",2023,84080307356
LKA,"Sri Lanka",2024,99616111266
LMY,"Low & middle income",1995,4763797923693
LMY,"Low & middle income",1996,5273504290076
LMY,"Low & middle income",1997,5609087530584
LMY,"Low & middle income",1998,5514938515915
LMY,"Low & middle income",1999,5319459832733
LMY,"Low & middle income",2000,5796667553560
LMY,"Low & middle income",2001,5812896698083
LMY,"Low & middle income",2002,5897424611643
LMY,"Low & middle income",2003,6582329229106
LMY,"Low & middle income",2004,7738117921918
LMY,"Low & middle income",2005,9153616469907
LMY,"Low & middle income",2006,10792069669289
LMY,"Low & middle income",2007,13261896828487
LMY,"Low & middle income",2008,15800077993603
LMY,"Low & middle income",2009,15860983059370
LMY,"Low & middle income",2010,19281238913054
LMY,"Low & middle income",2011,22556775919423
LMY,"Low & middle income",2012,24026419350636
LMY,"Low & middle income",2013,25380075062403
LMY,"Low & middle income",2014,26519136607008
LMY,"Low & middle income",2015,25659752659960
LMY,"Low & middle income",2016,25917599955465
LMY,"Low & middle income",2017,28319199325293
LMY,"Low & middle income",2018,30124203119691
LMY,"Low & middle income",2019,31024374981412
LMY,"Low & middle income",2020,30018039872474
LMY,"Low & middle income",2021,35394243111591
LMY,"Low & middle income",2022,37082867531465
LMY,"Low & middle income",2023,38155314219988
LMY,"Low & middle income",2024,39490940514620
LSO,"Lesotho",1995,1001894000
LSO,"Lesotho",1996,946112493
LSO,"Lesotho",1997,998004259
LSO,"Lesotho",1998,928460893
LSO,"Lesotho",1999,912773681
LSO,"Lesotho",2000,887291688
LSO,"Lesotho",2001,825706961
LSO,"Lesotho",2002,775777239
LSO,"Lesotho",2003,1157825435
LSO,"Lesotho",2004,1511236656
LSO,"Lesotho",2005,1682343527
LSO,"Lesotho",2006,1800092564
LSO,"Lesotho",2007,1682131785
LSO,"Lesotho",2008,1766902709
LSO,"Lesotho",2009,1740894965
LSO,"Lesotho",2010,2234754242
LSO,"Lesotho",2011,2579409620
LSO,"Lesotho",2012,2477702216
LSO,"Lesotho",2013,2367112932
LSO,"Lesotho",2014,2441063054
LSO,"Lesotho",2015,2359686725
LSO,"Lesotho",2016,2114426452
LSO,"Lesotho",2017,2306741672
LSO,"Lesotho",2018,2556247292
LSO,"Lesotho",2019,2390702296
LSO,"Lesotho",2020,2053699864
LSO,"Lesotho",2021,2412130057
LSO,"Lesotho",2022,2354980960
LSO,"Lesotho",2023,2129871530
LSO,"Lesotho",2024,2391282548
LTE,"Late-demographic dividend",1995,3023905067448
LTE,"Late-demographic dividend",1996,3335133915922
LTE,"Late-demographic dividend",1997,3493738971286
LTE,"Late-demographic dividend",1998,3367800746255
LTE,"Late-demographic dividend",1999,3112522628018
LTE,"Late-demographic dividend",2000,3418913200755
LTE,"Late-demographic dividend",2001,3536187082459
LTE,"Late-demographic dividend",2002,3750348820903
LTE,"Late-demographic dividend",2003,4273780094502
LTE,"Late-demographic dividend",2004,5137669562692
LTE,"Late-demographic dividend",2005,6197282356459
LTE,"Late-demographic dividend",2006,7482372535432
LTE,"Late-demographic dividend",2007,9435731160312
LTE,"Late-demographic dividend",2008,11746008266260
LTE,"Late-demographic dividend",2009,11368249341335
LTE,"Late-demographic dividend",2010,13681203944218
LTE,"Late-demographic dividend",2011,16665376053801
LTE,"Late-demographic dividend",2012,17836299691343
LTE,"Late-demographic dividend",2013,19233517996186
LTE,"Late-demographic dividend",2014,19998109363135
LTE,"Late-demographic dividend",2015,18797219516599
LTE,"Late-demographic dividend",2016,18841938118214
LTE,"Late-demographic dividend",2017,20889290528064
LTE,"Late-demographic dividend",2018,22907807978183
LTE,"Late-demographic dividend",2019,23366922633046
LTE,"Late-demographic dividend",2020,22869846935931
LTE,"Late-demographic dividend",2021,27284909409699
LTE,"Late-demographic dividend",2022,28553586772076
LTE,"Late-demographic dividend",2023,28909440099233
LTE,"Late-demographic dividend",2024,29983452735875
LTU,"Lithuania",1995,7921210340
LTU,"Lithuania",1996,8430207164
LTU,"Lithuania",1997,10168271903
LTU,"Lithuania",1998,11289161847
LTU,"Lithuania",1999,11022095814
LTU,"Lithuania",2000,11550695727
LTU,"Lithuania",2001,12260761329
LTU,"Lithuania",2002,14282292665
LTU,"Lithuania",2003,18809197970
LTU,"Lithuania",2004,22743164431
LTU,"Lithuania",2005,26105207115
LTU,"Lithuania",2006,30116192747
LTU,"Lithuania",2007,39729151615
LTU,"Lithuania",2008,47831254208
LTU,"Lithuania",2009,37494380039
LTU,"Lithuania",2010,36638128534
LTU,"Lithuania",2011,43186501863
LTU,"Lithuania",2012,42709372067
LTU,"Lithuania",2013,46303660422
LTU,"Lithuania",2014,48306546657
LTU,"Lithuania",2015,41540954817
LTU,"Lithuania",2016,42970749245
LTU,"Lithuania",2017,47756764508
LTU,"Lithuania",2018,54261795149
LTU,"Lithuania",2019,55122066226
LTU,"Lithuania",2020,57412038533
LTU,"Lithuania",2021,67072165721
LTU,"Lithuania",2022,70639687326
LTU,"Lithuania",2023,80356613555
LTU,"Lithuania",2024,85503938574
LUX,"Luxembourg",1995,20853093870
LUX,"Luxembourg",1996,20895314658
LUX,"Luxembourg",1997,19563836265
LUX,"Luxembourg",1998,20150055568
LUX,"Luxembourg",1999,21899317599
LUX,"Luxembourg",2000,21230200538
LUX,"Luxembourg",2001,21387550720
LUX,"Luxembourg",2002,23649832387
LUX,"Luxembourg",2003,29667268248
LUX,"Luxembourg",2004,35064843793
LUX,"Luxembourg",2005,37672311223
LUX,"Luxembourg",2006,42910153830
LUX,"Luxembourg",2007,51587401416
LUX,"Luxembourg",2008,58844277702
LUX,"Luxembourg",2009,54467289898
LUX,"Luxembourg",2010,56213985987
LUX,"Luxembourg",2011,61696281326
LUX,"Luxembourg",2012,59776383527
LUX,"Luxembourg",2013,65203276467
LUX,"Luxembourg",2014,68804814555
LUX,"Luxembourg",2015,60071584216
LUX,"Luxembourg",2016,62216885436
LUX,"Luxembourg",2017,65712180343
LUX,"Luxembourg",2018,71085623495
LUX,"Luxembourg",2019,69872035114
LUX,"Luxembourg",2020,73670782100
LUX,"Luxembourg",2021,86386759695
LUX,"Luxembourg",2022,80801680397
LUX,"Luxembourg",2023,88788881539
LUX,"Luxembourg",2024,93279851863
LVA,"Latvia",1995,5608208785
LVA,"Latvia",1996,5799465288
LVA,"Latvia",1997,6349481007
LVA,"Latvia",1998,6974112951
LVA,"Latvia",1999,7324192890
LVA,"Latvia",2000,7761252607
LVA,"Latvia",2001,8190888740
LVA,"Latvia",2002,9249030241
LVA,"Latvia",2003,11244337720
LVA,"Latvia",2004,13827070379
LVA,"Latvia",2005,16306935905
LVA,"Latvia",2006,20434922247
LVA,"Latvia",2007,29420499248
LVA,"Latvia",2008,34135200994
LVA,"Latvia",2009,25691530442
LVA,"Latvia",2010,23468324572
LVA,"Latvia",2011,26575547901
LVA,"Latvia",2012,27116149949
LVA,"Latvia",2013,29152128168
LVA,"Latvia",2014,30277203767
LVA,"Latvia",2015,26344565877
LVA,"Latvia",2016,27117105060
LVA,"Latvia",2017,29391059767
LVA,"Latvia",2018,33247935477
LVA,"Latvia",2019,33099503951
LVA,"Latvia",2020,33379927435
LVA,"Latvia",2021,38183326785
LVA,"Latvia",2022,38003198509
LVA,"Latvia",2023,42779550937
LVA,"Latvia",2024,44001275013
MAC,"Macao SAR, China",1995,7046147737
MAC,"Macao SAR, China",1996,7176892950
MAC,"Macao SAR, China",1997,7267570893
MAC,"Macao SAR, China",1998,6796914862
MAC,"Macao SAR, China",1999,6547169929
MAC,"Macao SAR, China",2000,6773944355
MAC,"Macao SAR, China",2001,6860272608
MAC,"Macao SAR, China",2002,7371692774
MAC,"Macao SAR, China",2003,8246479566
MAC,"Macao SAR, China",2004,10643253553
MAC,"Macao SAR, China",2005,12160056122
MAC,"Macao SAR, China",2006,14874098692
MAC,"Macao SAR, China",2007,18439981612
MAC,"Macao SAR, China",2008,21027018333
MAC,"Macao SAR, China",2009,21589540351
MAC,"Macao SAR, China",2010,28244172834
MAC,"Macao SAR, China",2011,36848881945
MAC,"Macao SAR, China",2012,43193350976
MAC,"Macao SAR, China",2013,51559125350
MAC,"Macao SAR, China",2014,54930501310
MAC,"Macao SAR, China",2015,44940613353
MAC,"Macao SAR, China",2016,44964868324
MAC,"Macao SAR, China",2017,50297028371
MAC,"Macao SAR, China",2018,55076322634
MAC,"Macao SAR, China",2019,55025172016
MAC,"Macao SAR, China",2020,25280064168
MAC,"Macao SAR, China",2021,30633941629
MAC,"Macao SAR, China",2022,24929307447
MAC,"Macao SAR, China",2023,45626467280
MAC,"Macao SAR, China",2024,49467258923
MAF,"St. Martin (French part)",2011,775875749
MAF,"St. Martin (French part)",2014,772921959
MAF,"St. Martin (French part)",2019,652206037
MAF,"St. Martin (French part)",2021,649206263
MAR,"Morocco",1995,39030285468
MAR,"Morocco",1996,43161571528
MAR,"Morocco",1997,39147844526
MAR,"Morocco",1998,46497608725
MAR,"Morocco",1999,46266428648
MAR,"Morocco",2000,43017455402
MAR,"Morocco",2001,43831480208
MAR,"Morocco",2002,47077192188
MAR,"Morocco",2003,58029363354
MAR,"Morocco",2004,66114145451
MAR,"Morocco",2005,68852658069
MAR,"Morocco",2006,75883823301
MAR,"Morocco",2007,86947913287
MAR,"Morocco",2008,101822906949
MAR,"Morocco",2009,101154952241
MAR,"Morocco",2010,100865329473
MAR,"Morocco",2011,110080631332
MAR,"Morocco",2012,106937392311
MAR,"Morocco",2013,115739287305
MAR,"Morocco",2014,119130841412
MAR,"Morocco",2015,110413823842
MAR,"Morocco",2016,111572947005
MAR,"Morocco",2017,118540573368
MAR,"Morocco",2018,127341147582
MAR,"Morocco",2019,128920266409
MAR,"Morocco",2020,121353645057
MAR,"Morocco",2021,142022058447
MAR,"Morocco",2022,131245312804
MAR,"Morocco",2023,146036093667
MAR,"Morocco",2024,160610994055
MCO,"Monaco",1995,3130309995
MCO,"Monaco",1996,3137886995
MCO,"Monaco",1997,2840195190
MCO,"Monaco",1998,2934593468
MCO,"Monaco",1999,2907118417
MCO,"Monaco",2000,2654462466
MCO,"Monaco",2001,2673722829
MCO,"Monaco",2002,2919647992
MCO,"Monaco",2003,3597090047
MCO,"Monaco",2004,4043553261
MCO,"Monaco",2005,4204651894
MCO,"Monaco",2006,4586828062
MCO,"Monaco",2007,5875787545
MCO,"Monaco",2008,6502945305
MCO,"Monaco",2009,5474381528
MCO,"Monaco",2010,5367561640
MCO,"Monaco",2011,6088690667
MCO,"Monaco",2012,5742748406
MCO,"Monaco",2013,6555590642
MCO,"Monaco",2014,7070015474
MCO,"Monaco",2015,6264753586
MCO,"Monaco",2016,6471287669
MCO,"Monaco",2017,6430258225
MCO,"Monaco",2018,7184336760
MCO,"Monaco",2019,7383494129
MCO,"Monaco",2020,6730733231
MCO,"Monaco",2021,8623241327
MCO,"Monaco",2022,8800432774
MCO,"Monaco",2023,10003897341
MCO,"Monaco",2024,11125788838
MDA,"Moldova",1995,1752999370
MDA,"Moldova",1996,1695122174
MDA,"Moldova",1997,1930081169
MDA,"Moldova",1998,1698717505
MDA,"Moldova",1999,1170782957
MDA,"Moldova",2000,1288429392
MDA,"Moldova",2001,1480673594
MDA,"Moldova",2002,1661818168
MDA,"Moldova",2003,1980907435
MDA,"Moldova",2004,2598249556
MDA,"Moldova",2005,2988342907
MDA,"Moldova",2006,3408255451
MDA,"Moldova",2007,4401173152
MDA,"Moldova",2008,6054824248
MDA,"Moldova",2009,5439434272
MDA,"Moldova",2010,6974982370
MDA,"Moldova",2011,8414352020
MDA,"Moldova",2012,8709138635
MDA,"Moldova",2013,9496717876
MDA,"Moldova",2014,9402090138
MDA,"Moldova",2015,7797667197
MDA,"Moldova",2016,7980917076
MDA,"Moldova",2017,9514404016
MDA,"Moldova",2018,11252353421
MDA,"Moldova",2019,11736797055
MDA,"Moldova",2020,11530746234
MDA,"Moldova",2021,13691869264
MDA,"Moldova",2022,14525337524
MDA,"Moldova",2023,16711906746
MDA,"Moldova",2024,18206842141
MDG,"Madagascar",1995,3838100904
MDG,"Madagascar",1996,4931861039
MDG,"Madagascar",1997,4262965420
MDG,"Madagascar",1998,4401967633
MDG,"Madagascar",1999,4277903780
MDG,"Madagascar",2000,4629247204
MDG,"Madagascar",2001,5438332602
MDG,"Madagascar",2002,5351701663
MDG,"Madagascar",2003,6372498890
MDG,"Madagascar",2004,5064732626
MDG,"Madagascar",2005,5859269753
MDG,"Madagascar",2006,6395712491
MDG,"Madagascar",2007,8524620890
MDG,"Madagascar",2008,10725137724
MDG,"Madagascar",2009,9616879409
MDG,"Madagascar",2010,9982711338
MDG,"Madagascar",2011,11551819618
MDG,"Madagascar",2012,11578975062
MDG,"Madagascar",2013,12423555455
MDG,"Madagascar",2014,12522957399
MDG,"Madagascar",2015,11323020701
MDG,"Madagascar",2016,11848613858
MDG,"Madagascar",2017,13176313594
MDG,"Madagascar",2018,13760033282
MDG,"Madagascar",2019,14104664679
MDG,"Madagascar",2020,13051441204
MDG,"Madagascar",2021,14354731964
MDG,"Madagascar",2022,15342178598
MDG,"Madagascar",2023,16036707976
MDG,"Madagascar",2024,17592832696
MDV,"Maldives",1995,398988955
MDV,"Maldives",1996,450382328
MDV,"Maldives",1997,508223602
MDV,"Maldives",1998,540096398
MDV,"Maldives",1999,589239754
MDV,"Maldives",2000,624337145
MDV,"Maldives",2001,870031677
MDV,"Maldives",2002,897031250
MDV,"Maldives",2003,1052121055
MDV,"Maldives",2004,1226829562
MDV,"Maldives",2005,1163362438
MDV,"Maldives",2006,1575200391
MDV,"Maldives",2007,1868383461
MDV,"Maldives",2008,2271646188
MDV,"Maldives",2009,2345294875
MDV,"Maldives",2010,2588176055
MDV,"Maldives",2011,2774350240
MDV,"Maldives",2012,2886163997
MDV,"Maldives",2013,3295009238
MDV,"Maldives",2014,3697353039
MDV,"Maldives",2015,4129505319
MDV,"Maldives",2016,4409942624
MDV,"Maldives",2017,4816426257
MDV,"Maldives",2018,5404344163
MDV,"Maldives",2019,5726094799
MDV,"Maldives",2020,3712604583
MDV,"Maldives",2021,5252457370
MDV,"Maldives",2022,6177123352
MDV,"Maldives",2023,6621008704
MDV,"Maldives",2024,7061608267
MEA,"Middle East, North Africa, Afghanistan & Pakistan",1995,779320006737
MEA,"Middle East, North Africa, Afghanistan & Pakistan",1996,862935523841
MEA,"Middle East, North Africa, Afghanistan & Pakistan",1997,900703249117
MEA,"Middle East, North Africa, Afghanistan & Pakistan",1998,881949381134
MEA,"Middle East, North Africa, Afghanistan & Pakistan",1999,954642370741
MEA,"Middle East, North Africa, Afghanistan & Pakistan",2000,1098655593166
MEA,"Middle East, North Africa, Afghanistan & Pakistan",2001,1090274286299
MEA,"Middle East, North Africa, Afghanistan & Pakistan",2002,1084280957544
MEA,"Middle East, North Africa, Afghanistan & Pakistan",2003,1208787816829
MEA,"Middle East, North Africa, Afghanistan & Pakistan",2004,1425039121627
MEA,"Middle East, North Africa, Afghanistan & Pakistan",2005,1696746049955
MEA,"Middle East, North Africa, Afghanistan & Pakistan",2006,1984464158643
MEA,"Middle East, North Africa, Afghanistan & Pakistan",2007,2340610689868
MEA,"Middle East, North Africa, Afghanistan & Pakistan",2008,2892703776066
MEA,"Middle East, North Africa, Afghanistan & Pakistan",2009,2608280183520
MEA,"Middle East, North Africa, Afghanistan & Pakistan",2010,3045879622174
MEA,"Middle East, North Africa, Afghanistan & Pakistan",2011,3665474220712
MEA,"Middle East, North Africa, Afghanistan & Pakistan",2012,3953860671042
MEA,"Middle East, North Africa, Afghanistan & Pakistan",2013,3918727955940
MEA,"Middle East, North Africa, Afghanistan & Pakistan",2014,3958172789906
MEA,"Middle East, North Africa, Afghanistan & Pakistan",2015,3561595503548
MEA,"Middle East, North Africa, Afghanistan & Pakistan",2016,3627179370572
MEA,"Middle East, North Africa, Afghanistan & Pakistan",2017,3798189271504
MEA,"Middle East, North Africa, Afghanistan & Pakistan",2018,4053744446046
MEA,"Middle East, North Africa, Afghanistan & Pakistan",2019,4022588786208
MEA,"Middle East, North Africa, Afghanistan & Pakistan",2020,3592277157539
MEA,"Middle East, North Africa, Afghanistan & Pakistan",2021,4315472921456
MEA,"Middle East, North Africa, Afghanistan & Pakistan",2022,5035779695255
MEA,"Middle East, North Africa, Afghanistan & Pakistan",2023,4902253052059
MEA,"Middle East, North Africa, Afghanistan & Pakistan",2024,5103019931843
MEX,"Mexico",1995,380157469867
MEX,"Mexico",1996,432157945024
MEX,"Mexico",1997,523449530464
MEX,"Mexico",1998,557461102631
MEX,"Mexico",1999,631249359702
MEX,"Mexico",2000,742061329749
MEX,"Mexico",2001,796064590549
MEX,"Mexico",2002,810666116402
MEX,"Mexico",2003,765549967889
MEX,"Mexico",2004,819459227375
MEX,"Mexico",2005,917571853437
MEX,"Mexico",2006,1020265057882
MEX,"Mexico",2007,1102355554880
MEX,"Mexico",2008,1161553459985
MEX,"Mexico",2009,943437414951
MEX,"Mexico",2010,1105424238652
MEX,"Mexico",2011,1229013703417
MEX,"Mexico",2012,1255110424742
MEX,"Mexico",2013,1327436290439
MEX,"Mexico",2014,1364507717689
MEX,"Mexico",2015,1213294467654
MEX,"Mexico",2016,1112233497453
MEX,"Mexico",2017,1190721475853
MEX,"Mexico",2018,1256300182984
MEX,"Mexico",2019,1304106204006
MEX,"Mexico",2020,1121064767169
MEX,"Mexico",2021,1316569466834
MEX,"Mexico",2022,1466934724243
MEX,"Mexico",2023,1794410347718
MEX,"Mexico",2024,1830489311089
MHL,"Marshall Islands",1995,120230000
MHL,"Marshall Islands",1996,110858000
MHL,"Marshall Islands",1997,109884700
MHL,"Marshall Islands",1998,112070100
MHL,"Marshall Islands",1999,113352100
MHL,"Marshall Islands",2000,114838500
MHL,"Marshall Islands",2001,122406100
MHL,"Marshall Islands",2002,131960000
MHL,"Marshall Islands",2003,131128500
MHL,"Marshall Islands",2004,132900000
MHL,"Marshall Islands",2005,138000000
MHL,"Marshall Islands",2006,143200000
MHL,"Marshall Islands",2007,150500000
MHL,"Marshall Islands",2008,146600000
MHL,"Marshall Islands",2009,151200000
MHL,"Marshall Islands",2010,161100000
MHL,"Marshall Islands",2011,172300000
MHL,"Marshall Islands",2012,180700000
MHL,"Marshall Islands",2013,186400000
MHL,"Marshall Islands",2014,186000000
MHL,"Marshall Islands",2015,183700000
MHL,"Marshall Islands",2016,201800000
MHL,"Marshall Islands",2017,213700000
MHL,"Marshall Islands",2018,220000000
MHL,"Marshall Islands",2019,232900000
MHL,"Marshall Islands",2020,241800000
MHL,"Marshall Islands",2021,261245500
MHL,"Marshall Islands",2022,258723500
MHL,"Marshall Islands",2023,264000000
MHL,"Marshall Islands",2024,285000000
MIC,"Middle income",1995,4669768346890
MIC,"Middle income",1996,5181157477394
MIC,"Middle income",1997,5510728497287
MIC,"Middle income",1998,5415771029696
MIC,"Middle income",1999,5220210300683
MIC,"Middle income",2000,5675807560244
MIC,"Middle income",2001,5698308087221
MIC,"Middle income",2002,5771947167690
MIC,"Middle income",2003,6442572753678
MIC,"Middle income",2004,7574430502189
MIC,"Middle income",2005,8955078429959
MIC,"Middle income",2006,10560130122161
MIC,"Middle income",2007,12979297389135
MIC,"Middle income",2008,15459320842699
MIC,"Middle income",2009,15524656827265
MIC,"Middle income",2010,18906893796333
MIC,"Middle income",2011,22151023341681
MIC,"Middle income",2012,23639759043792
MIC,"Middle income",2013,24981032983625
MIC,"Middle income",2014,26093245096360
MIC,"Middle income",2015,25243424508587
MIC,"Middle income",2016,25537051889994
MIC,"Middle income",2017,27920575307382
MIC,"Middle income",2018,29703780736504
MIC,"Middle income",2019,30585555169458
MIC,"Middle income",2020,29584575558650
MIC,"Middle income",2021,34913762453380
MIC,"Middle income",2022,36531426959365
MIC,"Middle income",2023,37598001937865
MIC,"Middle income",2024,38887384674053
MKD,"North Macedonia",1995,4707041315
MKD,"North Macedonia",1996,4642021256
MKD,"North Macedonia",1997,3912986091
MKD,"North Macedonia",1998,3765745023
MKD,"North Macedonia",1999,3863619285
MKD,"North Macedonia",2000,3772859034
MKD,"North Macedonia",2001,3709636031
MKD,"North Macedonia",2002,4018365747
MKD,"North Macedonia",2003,4946296599
MKD,"North Macedonia",2004,5682784472
MKD,"North Macedonia",2005,6258602873
MKD,"North Macedonia",2006,6861226972
MKD,"North Macedonia",2007,8336474974
MKD,"North Macedonia",2008,9909552435
MKD,"North Macedonia",2009,9401736825
MKD,"North Macedonia",2010,9407170321
MKD,"North Macedonia",2011,10494626768
MKD,"North Macedonia",2012,9745261301
MKD,"North Macedonia",2013,10817702346
MKD,"North Macedonia",2014,11362265253
MKD,"North Macedonia",2015,10064519963
MKD,"North Macedonia",2016,10672467073
MKD,"North Macedonia",2017,11307067070
MKD,"North Macedonia",2018,12683068114
MKD,"North Macedonia",2019,12606338449
MKD,"North Macedonia",2020,12361036914
MKD,"North Macedonia",2021,14000283827
MKD,"North Macedonia",2022,13932436550
MKD,"North Macedonia",2023,15855131189
MKD,"North Macedonia",2024,16951682221
MLI,"Mali",1995,3373322735
MLI,"Mali",1996,3743103420
MLI,"Mali",1997,3414879486
MLI,"Mali",1998,3894433432
MLI,"Mali",1999,4091446054
MLI,"Mali",2000,3521570876
MLI,"Mali",2001,4124281594
MLI,"Mali",2002,4647238257
MLI,"Mali",2003,5605613011
MLI,"Mali",2004,6485774930
MLI,"Mali",2005,7429066952
MLI,"Mali",2006,8212007554
MLI,"Mali",2007,9699047443
MLI,"Mali",2008,11462490840
MLI,"Mali",2009,12155217833
MLI,"Mali",2010,12710739160
MLI,"Mali",2011,15452791789
MLI,"Mali",2012,14795114603
MLI,"Mali",2013,15747192681
MLI,"Mali",2014,17081681993
MLI,"Mali",2015,15583181170
MLI,"Mali",2016,16743796800
MLI,"Mali",2017,18308362040
MLI,"Mali",2018,20368015381
MLI,"Mali",2019,20477421885
MLI,"Mali",2020,20698560939
MLI,"Mali",2021,22999245263
MLI,"Mali",2022,22539987719
MLI,"Mali",2023,24777941861
MLI,"Mali",2024,26761281077
MLT,"Malta",1995,3709396089
MLT,"Malta",1996,3822547151
MLT,"Malta",1997,3787023655
MLT,"Malta",1998,4010111652
MLT,"Malta",1999,4111857836
MLT,"Malta",2000,4036809767
MLT,"Malta",2001,4070867153
MLT,"Malta",2002,4455127398
MLT,"Malta",2003,5418315225
MLT,"Malta",2004,6104141501
MLT,"Malta",2005,6393234965
MLT,"Malta",2006,6749838862
MLT,"Malta",2007,7908412374
MLT,"Malta",2008,9172399573
MLT,"Malta",2009,8769897418
MLT,"Malta",2010,9097044301
MLT,"Malta",2011,9789363086
MLT,"Malta",2012,9609530619
MLT,"Malta",2013,10796780874
MLT,"Malta",2014,11888029752
MLT,"Malta",2015,11340789706
MLT,"Malta",2016,12025777078
MLT,"Malta",2017,14161374599
MLT,"Malta",2018,16153785817
MLT,"Malta",2019,16337788881
MLT,"Malta",2020,16404655808
MLT,"Malta",2021,19730119031
MLT,"Malta",2022,18938869147
MLT,"Malta",2023,22625329776
MLT,"Malta",2024,25042712191
MMR,"Myanmar",1995,5289174943
MMR,"Myanmar",1996,6123556717
MMR,"Myanmar",1997,4722288496
MMR,"Myanmar",1998,6459461639
MMR,"Myanmar",1999,8486832801
MMR,"Myanmar",2000,8905066164
MMR,"Myanmar",2001,6477790688
MMR,"Myanmar",2002,6777632512
MMR,"Myanmar",2003,10467109978
MMR,"Myanmar",2004,10567354056
MMR,"Myanmar",2005,11986972419
MMR,"Myanmar",2006,14502553710
MMR,"Myanmar",2007,20182477481
MMR,"Myanmar",2008,31862554102
MMR,"Myanmar",2009,36906181381
MMR,"Myanmar",2010,49540813342
MMR,"Myanmar",2011,59977326086
MMR,"Myanmar",2012,59937796648
MMR,"Myanmar",2013,60269732855
MMR,"Myanmar",2014,65531374200
MMR,"Myanmar",2015,59607290408
MMR,"Myanmar",2016,63298361996
MMR,"Myanmar",2017,66053040483
MMR,"Myanmar",2018,67860515990
MMR,"Myanmar",2019,75065106228
MMR,"Myanmar",2020,79006113643
MMR,"Myanmar",2021,66345291160
MMR,"Myanmar",2022,62253049892
MMR,"Myanmar",2023,66757619000
MMR,"Myanmar",2024,74068349524
MNA,"Middle East, North Africa, Afghanistan & Pakistan (excluding high income)",1995,403354671398
MNA,"Middle East, North Africa, Afghanistan & Pakistan (excluding high income)",1996,446894233272
MNA,"Middle East, North Africa, Afghanistan & Pakistan (excluding high income)",1997,465770068926
MNA,"Middle East, North Africa, Afghanistan & Pakistan (excluding high income)",1998,475820335215
MNA,"Middle East, North Africa, Afghanistan & Pakistan (excluding high income)",1999,515243741363
MNA,"Middle East, North Africa, Afghanistan & Pakistan (excluding high income)",2000,577555393311
MNA,"Middle East, North Africa, Afghanistan & Pakistan (excluding high income)",2001,580255087941
MNA,"Middle East, North Africa, Afghanistan & Pakistan (excluding high income)",2002,565029334318
MNA,"Middle East, North Africa, Afghanistan & Pakistan (excluding high income)",2003,624719536901
MNA,"Middle East, North Africa, Afghanistan & Pakistan (excluding high income)",2004,739740924020
MNA,"Middle East, North Africa, Afghanistan & Pakistan (excluding high income)",2005,857124962326
MNA,"Middle East, North Africa, Afghanistan & Pakistan (excluding high income)",2006,996469269796
MNA,"Middle East, North Africa, Afghanistan & Pakistan (excluding high income)",2007,1209996489936
MNA,"Middle East, North Africa, Afghanistan & Pakistan (excluding high income)",2008,1469142385235
MNA,"Middle East, North Africa, Afghanistan & Pakistan (excluding high income)",2009,1421593053226
MNA,"Middle East, North Africa, Afghanistan & Pakistan (excluding high income)",2010,1629127925063
MNA,"Middle East, North Africa, Afghanistan & Pakistan (excluding high income)",2011,1909176954973
MNA,"Middle East, North Africa, Afghanistan & Pakistan (excluding high income)",2012,2056110731998
MNA,"Middle East, North Africa, Afghanistan & Pakistan (excluding high income)",2013,1933842437519
MNA,"Middle East, North Africa, Afghanistan & Pakistan (excluding high income)",2014,1923472432973
MNA,"Middle East, North Africa, Afghanistan & Pakistan (excluding high income)",2015,1784466385696
MNA,"Middle East, North Africa, Afghanistan & Pakistan (excluding high income)",2016,1852920687942
MNA,"Middle East, North Africa, Afghanistan & Pakistan (excluding high income)",2017,1882187717766
MNA,"Middle East, North Africa, Afghanistan & Pakistan (excluding high income)",2018,1881940334176
MNA,"Middle East, North Africa, Afghanistan & Pakistan (excluding high income)",2019,1838491544906
MNA,"Middle East, North Africa, Afghanistan & Pakistan (excluding high income)",2020,1672646665965
MNA,"Middle East, North Africa, Afghanistan & Pakistan (excluding high income)",2021,1944658742702
MNA,"Middle East, North Africa, Afghanistan & Pakistan (excluding high income)",2022,2165681910516
MNA,"Middle East, North Africa, Afghanistan & Pakistan (excluding high income)",2023,2094194824252
MNA,"Middle East, North Africa, Afghanistan & Pakistan (excluding high income)",2024,2197681462519
MNE,"Montenegro",1997,838288806
MNE,"Montenegro",1998,854261161
MNE,"Montenegro",1999,828950327
MNE,"Montenegro",2000,984293044
MNE,"Montenegro",2001,1159869246
MNE,"Montenegro",2002,1286314054
MNE,"Montenegro",2003,1708196981
MNE,"Montenegro",2004,2077046942
MNE,"Montenegro",2005,2258016380
MNE,"Montenegro",2006,2719979875
MNE,"Montenegro",2007,3682586459
MNE,"Montenegro",2008,4559410049
MNE,"Montenegro",2009,4159063347
MNE,"Montenegro",2010,4136936244
MNE,"Montenegro",2011,4507127585
MNE,"Montenegro",2012,4071828832
MNE,"Montenegro",2013,4422097042
MNE,"Montenegro",2014,4579635404
MNE,"Montenegro",2015,4010884107
MNE,"Montenegro",2016,4357467226
MNE,"Montenegro",2017,4803964684
MNE,"Montenegro",2018,5433469311
MNE,"Montenegro",2019,5483622632
MNE,"Montenegro",2020,4734192593
MNE,"Montenegro",2021,5822908964
MNE,"Montenegro",2022,6259721790
MNE,"Montenegro",2023,7643318276
MNE,"Montenegro",2024,8274290506
MNG,"Mongolia",1995,1452165005
MNG,"Mongolia",1996,1345719472
MNG,"Mongolia",1997,1180934203
MNG,"Mongolia",1998,1124440205
MNG,"Mongolia",1999,1057408589
MNG,"Mongolia",2000,1136896124
MNG,"Mongolia",2001,1267997934
MNG,"Mongolia",2002,1396555720
MNG,"Mongolia",2003,1595297356
MNG,"Mongolia",2004,1992066808
MNG,"Mongolia",2005,2523471601
MNG,"Mongolia",2006,3414055662
MNG,"Mongolia",2007,4234999704
MNG,"Mongolia",2008,5623216608
MNG,"Mongolia",2009,4583850368
MNG,"Mongolia",2010,7189481999
MNG,"Mongolia",2011,10409797378
MNG,"Mongolia",2012,12292770632
MNG,"Mongolia",2013,12582122604
MNG,"Mongolia",2014,12226514668
MNG,"Mongolia",2015,11619892591
MNG,"Mongolia",2016,11181350649
MNG,"Mongolia",2017,11480847741
MNG,"Mongolia",2018,13178094720
MNG,"Mongolia",2019,14206359018
MNG,"Mongolia",2020,13312981429
MNG,"Mongolia",2021,15286441738
MNG,"Mongolia",2022,17146471714
MNG,"Mongolia",2023,20325121394
MNG,"Mongolia",2024,23794540025
MNP,"Northern Mariana Islands",2002,1284000000
MNP,"Northern Mariana Islands",2003,1239000000
MNP,"Northern Mariana Islands",2004,1210000000
MNP,"Northern Mariana Islands",2005,1061000000
MNP,"Northern Mariana Islands",2006,990000000
MNP,"Northern Mariana Islands",2007,938000000
MNP,"Northern Mariana Islands",2008,939000000
MNP,"Northern Mariana Islands",2009,795000000
MNP,"Northern Mariana Islands",2010,799000000
MNP,"Northern Mariana Islands",2011,729000000
MNP,"Northern Mariana Islands",2012,746000000
MNP,"Northern Mariana Islands",2013,772000000
MNP,"Northern Mariana Islands",2014,832000000
MNP,"Northern Mariana Islands",2015,910000000
MNP,"Northern Mariana Islands",2016,1230000000
MNP,"Northern Mariana Islands",2017,1560000000
MNP,"Northern Mariana Islands",2018,1301000000
MNP,"Northern Mariana Islands",2019,1179000000
MNP,"Northern Mariana Islands",2020,866000000
MNP,"Northern Mariana Islands",2021,914000000
MNP,"Northern Mariana Islands",2022,1096000000
MOZ,"Mozambique",1995,3061646174
MOZ,"Mozambique",1996,4030146135
MOZ,"Mozambique",1997,4873663775
MOZ,"Mozambique",1998,5551118149
MOZ,"Mozambique",1999,6285219691
MOZ,"Mozambique",2000,5930685215
MOZ,"Mozambique",2001,5650154067
MOZ,"Mozambique",2002,5950769427
MOZ,"Mozambique",2003,6583526861
MOZ,"Mozambique",2004,7937255565
MOZ,"Mozambique",2005,8868504900
MOZ,"Mozambique",2006,9509835537
MOZ,"Mozambique",2007,10811456006
MOZ,"Mozambique",2008,12920340965
MOZ,"Mozambique",2009,12263894790
MOZ,"Mozambique",2010,11411894724
MOZ,"Mozambique",2011,14619279989
MOZ,"Mozambique",2012,16688114144
MOZ,"Mozambique",2013,17198073057
MOZ,"Mozambique",2014,17978246586
MOZ,"Mozambique",2015,16208985770
MOZ,"Mozambique",2016,12069051237
MOZ,"Mozambique",2017,13264640646
MOZ,"Mozambique",2018,15017358953
MOZ,"Mozambique",2019,15512759047
MOZ,"Mozambique",2020,14235420174
MOZ,"Mozambique",2021,16168055475
MOZ,"Mozambique",2022,18884232599
MOZ,"Mozambique",2023,20927498317
MOZ,"Mozambique",2024,22752244245
MRT,"Mauritania",1995,2091726101
MRT,"Mauritania",1996,2132087009
MRT,"Mauritania",1997,2071996564
MRT,"Mauritania",1998,2032347665
MRT,"Mauritania",1999,1985922776
MRT,"Mauritania",2000,1779520886
MRT,"Mauritania",2001,1746063558
MRT,"Mauritania",2002,1777057481
MRT,"Mauritania",2003,2051147607
MRT,"Mauritania",2004,2362501023
MRT,"Mauritania",2005,2936019526
MRT,"Mauritania",2006,3919577286
MRT,"Mauritania",2007,4346212355
MRT,"Mauritania",2008,5206437194
MRT,"Mauritania",2009,4714595548
MRT,"Mauritania",2010,5628878798
MRT,"Mauritania",2011,6764627746
MRT,"Mauritania",2012,6728208836
MRT,"Mauritania",2013,7230646063
MRT,"Mauritania",2014,6615483550
MRT,"Mauritania",2015,6182303677
MRT,"Mauritania",2016,6407900701
MRT,"Mauritania",2017,6812472965
MRT,"Mauritania",2018,7475471310
MRT,"Mauritania",2019,7894764886
MRT,"Mauritania",2020,8260567357
MRT,"Mauritania",2021,9221044667
MRT,"Mauritania",2022,9562497461
MRT,"Mauritania",2023,10687541640
MRT,"Mauritania",2024,10879212033
MUS,"Mauritius",1995,4094741652
MUS,"Mauritius",1996,4481489762
MUS,"Mauritius",1997,4243755308
MUS,"Mauritius",1998,4225813976
MUS,"Mauritius",1999,4402193195
MUS,"Mauritius",2000,4726108622
MUS,"Mauritius",2001,4675755867
MUS,"Mauritius",2002,4906494249
MUS,"Mauritius",2003,5894873920
MUS,"Mauritius",2004,6667418752
MUS,"Mauritius",2005,6576108447
MUS,"Mauritius",2006,7137710413
MUS,"Mauritius",2007,8277474850
MUS,"Mauritius",2008,10127741915
MUS,"Mauritius",2009,9264482256
MUS,"Mauritius",2010,10144716155
MUS,"Mauritius",2011,11677718382
MUS,"Mauritius",2012,11832323837
MUS,"Mauritius",2013,12434596541
MUS,"Mauritius",2014,13230490082
MUS,"Mauritius",2015,12162211503
MUS,"Mauritius",2016,12757680847
MUS,"Mauritius",2017,13896938315
MUS,"Mauritius",2018,14957535716
MUS,"Mauritius",2019,14645235205
MUS,"Mauritius",2020,11566111138
MUS,"Mauritius",2021,11622048697
MUS,"Mauritius",2022,12936444123
MUS,"Mauritius",2023,14072212290
MUS,"Mauritius",2024,14938055690
MWI,"Malawi",1995,2033701498
MWI,"Malawi",1996,3319573750
MWI,"Malawi",1997,3875785863
MWI,"Malawi",1998,2547609590
MWI,"Malawi",1999,2584478924
MWI,"Malawi",2000,2537307580
MWI,"Malawi",2001,2498008665
MWI,"Malawi",2002,5087328438
MWI,"Malawi",2003,4669789300
MWI,"Malawi",2004,5058726350
MWI,"Malawi",2005,5320409651
MWI,"Malawi",2006,5818279739
MWI,"Malawi",2007,6451210219
MWI,"Malawi",2008,7743617352
MWI,"Malawi",2009,9009887947
MWI,"Malawi",2010,10128323011
MWI,"Malawi",2011,11648142958
MWI,"Malawi",2012,8773203178
MWI,"Malawi",2013,8031571928
MWI,"Malawi",2014,8801326169
MWI,"Malawi",2015,9219474379
MWI,"Malawi",2016,7909868618
MWI,"Malawi",2017,8943543794
MWI,"Malawi",2018,9879220354
MWI,"Malawi",2019,11051852713
MWI,"Malawi",2020,11769313598
MWI,"Malawi",2021,12378119199
MWI,"Malawi",2022,12429059928
MWI,"Malawi",2023,13363669673
MWI,"Malawi",2024,11311971400
MYS,"Malaysia",1995,88705342903
MYS,"Malaysia",1996,100855393910
MYS,"Malaysia",1997,100005323302
MYS,"Malaysia",1998,72167498981
MYS,"Malaysia",1999,79148421053
MYS,"Malaysia",2000,93789736842
MYS,"Malaysia",2001,92783947368
MYS,"Malaysia",2002,100845526316
MYS,"Malaysia",2003,110202368421
MYS,"Malaysia",2004,124749473684
MYS,"Malaysia",2005,143534405819
MYS,"Malaysia",2006,162692258307
MYS,"Malaysia",2007,193549569478
MYS,"Malaysia",2008,230811614370
MYS,"Malaysia",2009,202257453037
MYS,"Malaysia",2010,255017638456
MYS,"Malaysia",2011,297951668675
MYS,"Malaysia",2012,314443047642
MYS,"Malaysia",2013,323276235524
MYS,"Malaysia",2014,338066095097
MYS,"Malaysia",2015,301355266965
MYS,"Malaysia",2016,301256033870
MYS,"Malaysia",2017,319109094160
MYS,"Malaysia",2018,358788845713
MYS,"Malaysia",2019,365177721022
MYS,"Malaysia",2020,337456163961
MYS,"Malaysia",2021,373784553030
MYS,"Malaysia",2022,407830525990
MYS,"Malaysia",2023,399949418753
MYS,"Malaysia",2024,422227005429
NAC,"North America",1995,8247740840061
NAC,"North America",1996,8706425384133
NAC,"North America",1997,9235472549086
NAC,"North America",1998,9699947073918
NAC,"North America",1999,10312910648521
NAC,"North America",2000,10999205634932
NAC,"North America",2001,11324591275355
NAC,"North America",2002,11693695836552
NAC,"North America",2003,12356178599085
NAC,"North America",2004,13248371709918
NAC,"North America",2005,14217183637403
NAC,"North America",2006,15141018255289
NAC,"North America",2007,15949815407783
NAC,"North America",2008,16329835439550
NAC,"North America",2009,15859350766600
NAC,"North America",2010,16672954718092
NAC,"North America",2011,17399380418901
NAC,"North America",2012,18088707665072
NAC,"North America",2013,18733732587414
NAC,"North America",2014,19420303676809
NAC,"North America",2015,19858183921200
NAC,"North America",2016,20339809161641
NAC,"North America",2017,21268513812515
NAC,"North America",2018,22389072713238
NAC,"North America",2019,23291134417157
NAC,"North America",2020,23037855330882
NAC,"North America",2021,25755312987897
NAC,"North America",2022,28262944669046
NAC,"North America",2023,30016713196347
NAC,"North America",2024,31577283688683
NAM,"Namibia",1995,3978514206
NAM,"Namibia",1996,3989163197
NAM,"Namibia",1997,4154989950
NAM,"Namibia",1998,3873109866
NAM,"Namibia",1999,3868551730
NAM,"Namibia",2000,3922232165
NAM,"Namibia",2001,3557341215
NAM,"Namibia",2002,3349169826
NAM,"Namibia",2003,4926439384
NAM,"Namibia",2004,6609205995
NAM,"Namibia",2005,7248374838
NAM,"Namibia",2006,8001779551
NAM,"Namibia",2007,8839536476
NAM,"Namibia",2008,8607431497
NAM,"Namibia",2009,8938847189
NAM,"Namibia",2010,11431412421
NAM,"Namibia",2011,12523359441
NAM,"Namibia",2012,13042053592
NAM,"Namibia",2013,12043307277
NAM,"Namibia",2014,12435430970
NAM,"Namibia",2015,11335161084
NAM,"Namibia",2016,10722018732
NAM,"Namibia",2017,12895153371
NAM,"Namibia",2018,13682019076
NAM,"Namibia",2019,12541928303
NAM,"Namibia",2020,10583748542
NAM,"Namibia",2021,12402486184
NAM,"Namibia",2022,12569449123
NAM,"Namibia",2023,12522012874
NAM,"Namibia",2024,13641190683
NCL,"New Caledonia",1995,3628440505
NCL,"New Caledonia",1996,3606968436
NCL,"New Caledonia",1997,3291131281
NCL,"New Caledonia",1998,3556304833
NCL,"New Caledonia",1999,3647802050
NCL,"New Caledonia",2000,3420032041
NCL,"New Caledonia",2001,3297734891
NCL,"New Caledonia",2002,3740056748
NCL,"New Caledonia",2003,4915353827
NCL,"New Caledonia",2004,5895008978
NCL,"New Caledonia",2005,6238629487
NCL,"New Caledonia",2006,6979155388
NCL,"New Caledonia",2007,8819917180
NCL,"New Caledonia",2008,9067619760
NCL,"New Caledonia",2009,8704438102
NCL,"New Caledonia",2010,9364350077
NCL,"New Caledonia",2011,10351448005
NCL,"New Caledonia",2012,9659151917
NCL,"New Caledonia",2013,10151382933
NCL,"New Caledonia",2014,10635035595
NCL,"New Caledonia",2015,8738203074
NCL,"New Caledonia",2016,8724568955
NCL,"New Caledonia",2017,9174048682
NCL,"New Caledonia",2018,9896402284
NCL,"New Caledonia",2019,9475655325
NCL,"New Caledonia",2020,9454629468
NCL,"New Caledonia",2021,10071349664
NCL,"New Caledonia",2022,9623318718
NCL,"New Caledonia",2023,9769167530
NCL,"New Caledonia",2024,8548919387
NER,"Niger",1995,2302537562
NER,"Niger",1996,2405686940
NER,"Niger",1997,2290318910
NER,"Niger",1998,2643363519
NER,"Niger",1999,2537789821
NER,"Niger",2000,2241753193
NER,"Niger",2001,2448714704
NER,"Niger",2002,2782192879
NER,"Niger",2003,3394084732
NER,"Niger",2004,3760443738
NER,"Niger",2005,4383315965
NER,"Niger",2006,4756361252
NER,"Niger",2007,5731485052
NER,"Niger",2008,7297600226
NER,"Niger",2009,7352131310
NER,"Niger",2010,7851192502
NER,"Niger",2011,8772950778
NER,"Niger",2012,9426912648
NER,"Niger",2013,10224897438
NER,"Niger",2014,10862943544
NER,"Niger",2015,9683867926
NER,"Niger",2016,10341025540
NER,"Niger",2017,11359273443
NER,"Niger",2018,12800907986
NER,"Niger",2019,12420836507
NER,"Niger",2020,13648332190
NER,"Niger",2021,14936154253
NER,"Niger",2022,15531799641
NER,"Niger",2023,16949765464
NER,"Niger",2024,19729786047
NGA,"Nigeria",1995,140919776986
NGA,"Nigeria",1996,185730236700
NGA,"Nigeria",1997,200850397618
NGA,"Nigeria",1998,218416200673
NGA,"Nigeria",1999,59145077039
NGA,"Nigeria",2000,69171451627
NGA,"Nigeria",2001,73557840064
NGA,"Nigeria",2002,95054059303
NGA,"Nigeria",2003,104738954264
NGA,"Nigeria",2004,135764731646
NGA,"Nigeria",2005,175670569969
NGA,"Nigeria",2006,238454997161
NGA,"Nigeria",2007,278260846800
NGA,"Nigeria",2008,339476276258
NGA,"Nigeria",2009,295008835381
NGA,"Nigeria",2010,366990417129
NGA,"Nigeria",2011,414466676831
NGA,"Nigeria",2012,463971018239
NGA,"Nigeria",2013,520117180314
NGA,"Nigeria",2014,574183763412
NGA,"Nigeria",2015,493026682801
NGA,"Nigeria",2016,404649125252
NGA,"Nigeria",2017,375745731053
NGA,"Nigeria",2018,421739251509
NGA,"Nigeria",2019,668219992687
NGA,"Nigeria",2020,598586817817
NGA,"Nigeria",2021,609147716965
NGA,"Nigeria",2022,646950257575
NGA,"Nigeria",2023,487387801878
NGA,"Nigeria",2024,252261880140
NIC,"Nicaragua",1995,4140470000
NIC,"Nicaragua",1996,4308351903
NIC,"Nicaragua",1997,4389973490
NIC,"Nicaragua",1998,4635347386
NIC,"Nicaragua",1999,4856026259
NIC,"Nicaragua",2000,5109587050
NIC,"Nicaragua",2001,5351752034
NIC,"Nicaragua",2002,5223727303
NIC,"Nicaragua",2003,5322228351
NIC,"Nicaragua",2004,5792932838
NIC,"Nicaragua",2005,6321324279
NIC,"Nicaragua",2006,6763672381
NIC,"Nicaragua",2007,7423375015
NIC,"Nicaragua",2008,8496967597
NIC,"Nicaragua",2009,8298702489
NIC,"Nicaragua",2010,8758602233
NIC,"Nicaragua",2011,9774329333
NIC,"Nicaragua",2012,10532017232
NIC,"Nicaragua",2013,10982988249
NIC,"Nicaragua",2014,11880438824
NIC,"Nicaragua",2015,12756696261
NIC,"Nicaragua",2016,13286093388
NIC,"Nicaragua",2017,13785893007
NIC,"Nicaragua",2018,13025221974
NIC,"Nicaragua",2019,12699023614
NIC,"Nicaragua",2020,12726422432
NIC,"Nicaragua",2021,14209019392
NIC,"Nicaragua",2022,15634573556
NIC,"Nicaragua",2023,17805842221
NIC,"Nicaragua",2024,19696311850
NLD,"Netherlands",1995,452967334614
NLD,"Netherlands",1996,451372549020
NLD,"Netherlands",1997,417506211882
NLD,"Netherlands",1998,438612530549
NLD,"Netherlands",1999,447778514140
NLD,"Netherlands",2000,417649282154
NLD,"Netherlands",2001,432536219669
NLD,"Netherlands",2002,475529972123
NLD,"Netherlands",2003,582435617082
NLD,"Netherlands",2004,661224886143
NLD,"Netherlands",2005,688133699636
NLD,"Netherlands",2006,737593995289
NLD,"Netherlands",2007,853499460873
NLD,"Netherlands",2008,957901566041
NLD,"Netherlands",2009,878954223140
NLD,"Netherlands",2010,852464982433
NLD,"Netherlands",2011,913140741333
NLD,"Netherlands",2012,845689017066
NLD,"Netherlands",2013,883951539007
NLD,"Netherlands",2014,901556501756
NLD,"Netherlands",2015,775743675303
NLD,"Netherlands",2016,797163949290
NLD,"Netherlands",2017,848233537846
NLD,"Netherlands",2018,929733599797
NLD,"Netherlands",2019,928903005576
NLD,"Netherlands",2020,932560861701
NLD,"Netherlands",2021,1054472123450
NLD,"Netherlands",2022,1046540797549
NLD,"Netherlands",2023,1135475867551
NLD,"Netherlands",2024,1213936238063
NOR,"Norway",1995,151083627983
NOR,"Norway",1996,162427517132
NOR,"Norway",1997,160013571974
NOR,"Norway",1998,152955958172
NOR,"Norway",1999,161304620987
NOR,"Norway",2000,170620327660
NOR,"Norway",2001,173590978347
NOR,"Norway",2002,195359978957
NOR,"Norway",2003,229192678173
NOR,"Norway",2004,265662977688
NOR,"Norway",2005,311417306946
NOR,"Norway",2006,349773283645
NOR,"Norway",2007,407813774161
NOR,"Norway",2008,472060283688
NOR,"Norway",2009,395664488017
NOR,"Norway",2010,440132138425
NOR,"Norway",2011,512868581628
NOR,"Norway",2012,525082939407
NOR,"Norway",2013,540132255319
NOR,"Norway",2014,515829568897
NOR,"Norway",2015,400669174331
NOR,"Norway",2016,383284047619
NOR,"Norway",2017,415673181543
NOR,"Norway",2018,454588871811
NOR,"Norway",2019,424244886364
NOR,"Norway",2020,382252517922
NOR,"Norway",2021,521592200233
NOR,"Norway",2022,617321834099
NOR,"Norway",2023,502197633323
NOR,"Norway",2024,500886328034
NPL,"Nepal",1995,4401104418
NPL,"Nepal",1996,4521580381
NPL,"Nepal",1997,4918691917
NPL,"Nepal",1998,4856255044
NPL,"Nepal",1999,5033642384
NPL,"Nepal",2000,5494252208
NPL,"Nepal",2001,6007055042
NPL,"Nepal",2002,6050875807
NPL,"Nepal",2003,6330473097
NPL,"Nepal",2004,7273938315
NPL,"Nepal",2005,8130258378
NPL,"Nepal",2006,9043715356
NPL,"Nepal",2007,10325618017
NPL,"Nepal",2008,12545438605
NPL,"Nepal",2009,12854985464
NPL,"Nepal",2010,16002656434
NPL,"Nepal",2011,21573872421
NPL,"Nepal",2012,21703100877
NPL,"Nepal",2013,22162204925
NPL,"Nepal",2014,22731612922
NPL,"Nepal",2015,24360801287
NPL,"Nepal",2016,24524109484
NPL,"Nepal",2017,28971588940
NPL,"Nepal",2018,33111525237
NPL,"Nepal",2019,34186180699
NPL,"Nepal",2020,33433659301
NPL,"Nepal",2021,36924841394
NPL,"Nepal",2022,41182939520
NPL,"Nepal",2023,41049329851
NPL,"Nepal",2024,43298911700
NRU,"Naoero",1995,39969706
NRU,"Naoero",1996,37458801
NRU,"Naoero",1997,37331507
NRU,"Naoero",1998,29664451
NRU,"Naoero",1999,27328613
NRU,"Naoero",2000,26930980
NRU,"Naoero",2001,22613288
NRU,"Naoero",2002,21017424
NRU,"Naoero",2003,24778160
NRU,"Naoero",2004,30587566
NRU,"Naoero",2005,30070666
NRU,"Naoero",2006,29200359
NRU,"Naoero",2007,22766972
NRU,"Naoero",2008,37602265
NRU,"Naoero",2009,44176246
NRU,"Naoero",2010,47562845
NRU,"Naoero",2011,65071880
NRU,"Naoero",2012,101055723
NRU,"Naoero",2013,94385015
NRU,"Naoero",2014,99149244
NRU,"Naoero",2015,84863441
NRU,"Naoero",2016,97541943
NRU,"Naoero",2017,109355639
NRU,"Naoero",2018,130995566
NRU,"Naoero",2019,125160116
NRU,"Naoero",2020,124685688
NRU,"Naoero",2021,149268324
NRU,"Naoero",2022,180671357
NRU,"Naoero",2023,161531317
NRU,"Naoero",2024,167833415
NZL,"New Zealand",1995,63918703507
NZL,"New Zealand",1996,70140835299
NZL,"New Zealand",1997,66075143415
NZL,"New Zealand",1998,56227169851
NZL,"New Zealand",1999,58762260626
NZL,"New Zealand",2000,52623281957
NZL,"New Zealand",2001,53872425917
NZL,"New Zealand",2002,66627729311
NZL,"New Zealand",2003,88250885550
NZL,"New Zealand",2004,103905210084
NZL,"New Zealand",2005,114720129550
NZL,"New Zealand",2006,111538810713
NZL,"New Zealand",2007,137188946866
NZL,"New Zealand",2008,133437126590
NZL,"New Zealand",2009,121663439315
NZL,"New Zealand",2010,146887902524
NZL,"New Zealand",2011,168458838711
NZL,"New Zealand",2012,176508049114
NZL,"New Zealand",2013,190943478290
NZL,"New Zealand",2014,201435445068
NZL,"New Zealand",2015,178147457243
NZL,"New Zealand",2016,188980351891
NZL,"New Zealand",2017,206561943051
NZL,"New Zealand",2018,211726161989
NZL,"New Zealand",2019,213088034258
NZL,"New Zealand",2020,213318129989
NZL,"New Zealand",2021,253732493988
NZL,"New Zealand",2022,249723029451
NZL,"New Zealand",2023,256372177758
NZL,"New Zealand",2024,261497198364
OED,"OECD members",1995,25867831172925
OED,"OECD members",1996,26094310406312
OED,"OECD members",1997,25697173077083
OED,"OECD members",1998,25844629792769
OED,"OECD members",1999,27152879473912
OED,"OECD members",2000,27778488573283
OED,"OECD members",2001,27514799599350
OED,"OECD members",2002,28704330298726
OED,"OECD members",2003,32089713975113
OED,"OECD members",2004,35719361405775
OED,"OECD members",2005,37779302577053
OED,"OECD members",2006,39873621654155
OED,"OECD members",2007,43663244462480
OED,"OECD members",2008,46373966166330
OED,"OECD members",2009,43394862640332
OED,"OECD members",2010,45526677050420
OED,"OECD members",2011,48976221855397
OED,"OECD members",2012,48933153056613
OED,"OECD members",2013,49637322451830
OED,"OECD members",2014,50718548398933
OED,"OECD members",2015,47849615079402
OED,"OECD members",2016,48791020854024
OED,"OECD members",2017,50962966454996
OED,"OECD members",2018,53918014151383
OED,"OECD members",2019,54485019277771
OED,"OECD members",2020,53331159716241
OED,"OECD members",2021,59666281326989
OED,"OECD members",2022,61286449816070
OED,"OECD members",2023,65416979138063
OED,"OECD members",2024,68279421598474
OMN,"Oman",1995,15722236671
OMN,"Oman",1996,17402080624
OMN,"Oman",1997,18039791938
OMN,"Oman",1998,16044213264
OMN,"Oman",1999,17832769831
OMN,"Oman",2000,22259557867
OMN,"Oman",2001,22205721717
OMN,"Oman",2002,23065539662
OMN,"Oman",2003,24733680104
OMN,"Oman",2004,28378933680
OMN,"Oman",2005,35506892068
OMN,"Oman",2006,42577633290
OMN,"Oman",2007,48300390117
OMN,"Oman",2008,69804681404
OMN,"Oman",2009,55454096229
OMN,"Oman",2010,64993498049
OMN,"Oman",2011,77497529259
OMN,"Oman",2012,87408842653
OMN,"Oman",2013,89936020806
OMN,"Oman",2014,92699089727
OMN,"Oman",2015,78710793238
OMN,"Oman",2016,75128738622
OMN,"Oman",2017,80856697009
OMN,"Oman",2018,91505851756
OMN,"Oman",2019,88060858257
OMN,"Oman",2020,75909492848
OMN,"Oman",2021,87323797139
OMN,"Oman",2022,109852795839
OMN,"Oman",2023,106174707932
OMN,"Oman",2024,107137198700
OSS,"Other small states",1995,43750838246
OSS,"Other small states",1996,44988678260
OSS,"Other small states",1997,45001855639
OSS,"Other small states",1998,45175657701
OSS,"Other small states",1999,47126365643
OSS,"Other small states",2000,47447997452
OSS,"Other small states",2001,47626338310
OSS,"Other small states",2002,52122511272
OSS,"Other small states",2003,64819510796
OSS,"Other small states",2004,76950784903
OSS,"Other small states",2005,86284958293
OSS,"Other small states",2006,95908328760
OSS,"Other small states",2007,115445997132
OSS,"Other small states",2008,125254076612
OSS,"Other small states",2009,107852490662
OSS,"Other small states",2010,112786677893
OSS,"Other small states",2011,128764141898
OSS,"Other small states",2012,125764680258
OSS,"Other small states",2013,130969031867
OSS,"Other small states",2014,135415534454
OSS,"Other small states",2015,121433689793
OSS,"Other small states",2016,128159306241
OSS,"Other small states",2017,143284638054
OSS,"Other small states",2018,158084162754
OSS,"Other small states",2019,158537272265
OSS,"Other small states",2020,146178019948
OSS,"Other small states",2021,172054189148
OSS,"Other small states",2022,181929859030
OSS,"Other small states",2023,196776788551
OSS,"Other small states",2024,208356256434
PAK,"Pakistan",1995,60636071684
PAK,"Pakistan",1996,63320170084
PAK,"Pakistan",1997,62433340468
PAK,"Pakistan",1998,62191955814
PAK,"Pakistan",1999,62973857069
PAK,"Pakistan",2000,99484802345
PAK,"Pakistan",2001,97145618480
PAK,"Pakistan",2002,97923302809
PAK,"Pakistan",2003,112371913741
PAK,"Pakistan",2004,132216048339
PAK,"Pakistan",2005,145208562961
PAK,"Pakistan",2006,161871385506
PAK,"Pakistan",2007,184140869997
PAK,"Pakistan",2008,202203748584
PAK,"Pakistan",2009,187337783856
PAK,"Pakistan",2010,196709621850
PAK,"Pakistan",2011,230586581060
PAK,"Pakistan",2012,250106966105
PAK,"Pakistan",2013,258657231672
PAK,"Pakistan",2014,271390474858
PAK,"Pakistan",2015,299963590535
PAK,"Pakistan",2016,313630000130
PAK,"Pakistan",2017,339205534861
PAK,"Pakistan",2018,356128166705
PAK,"Pakistan",2019,320909472771
PAK,"Pakistan",2020,300425609818
PAK,"Pakistan",2021,348516647445
PAK,"Pakistan",2022,374890295667
PAK,"Pakistan",2023,336686348609
PAK,"Pakistan",2024,371747087751
PAN,"Panama",1995,9573813700
PAN,"Panama",1996,9197503300
PAN,"Panama",1997,10058854400
PAN,"Panama",1998,11019557700
PAN,"Panama",1999,11660704800
PAN,"Panama",2000,11966497000
PAN,"Panama",2001,12252906300
PAN,"Panama",2002,12800851300
PAN,"Panama",2003,13603456000
PAN,"Panama",2004,15100203400
PAN,"Panama",2005,16623906700
PAN,"Panama",2006,18659721500
PAN,"Panama",2007,21717433800
PAN,"Panama",2008,25721328000
PAN,"Panama",2009,27791215500
PAN,"Panama",2010,30231009500
PAN,"Panama",2011,35687738300
PAN,"Panama",2012,41595439700
PAN,"Panama",2013,46949496500
PAN,"Panama",2014,51427104900
PAN,"Panama",2015,55767806100
PAN,"Panama",2016,59760858700
PAN,"Panama",2017,64327688800
PAN,"Panama",2018,67316471200
PAN,"Panama",2019,69778991200
PAN,"Panama",2020,57059846500
PAN,"Panama",2021,67396392500
PAN,"Panama",2022,76479304500
PAN,"Panama",2023,83812155200
PAN,"Panama",2024,86523959100
PER,"Peru",1995,53312793687
PER,"Peru",1996,55252414130
PER,"Peru",1997,58147522523
PER,"Peru",1998,55501467877
PER,"Peru",1999,50187324568
PER,"Peru",2000,51744749133
PER,"Peru",2001,52030158775
PER,"Peru",2002,54777553515
PER,"Peru",2003,58731030122
PER,"Peru",2004,66768703498
PER,"Peru",2005,76060606061
PER,"Peru",2006,88643193062
PER,"Peru",2007,102170981144
PER,"Peru",2008,120550599815
PER,"Peru",2009,120822986521
PER,"Peru",2010,147527631521
PER,"Peru",2011,171761737047
PER,"Peru",2012,192650021649
PER,"Peru",2013,201175543571
PER,"Peru",2014,200786250583
PER,"Peru",2015,189802976286
PER,"Peru",2016,191898104390
PER,"Peru",2017,211007984081
PER,"Peru",2018,222597009739
PER,"Peru",2019,228346006004
PER,"Peru",2020,201409694756
PER,"Peru",2021,226406075009
PER,"Peru",2022,246169867863
PER,"Peru",2023,268025009709
PER,"Peru",2024,291751523019
PHL,"Philippines",1995,84644328727
PHL,"Philippines",1996,94648084429
PHL,"Philippines",1997,94106317565
PHL,"Philippines",1998,74492416330
PHL,"Philippines",1999,85640171045
PHL,"Philippines",2000,83669788377
PHL,"Philippines",2001,78921234458
PHL,"Philippines",2002,84307345888
PHL,"Philippines",2003,87039092974
PHL,"Philippines",2004,95001999685
PHL,"Philippines",2005,107419977318
PHL,"Philippines",2006,127652926368
PHL,"Philippines",2007,155980408673
PHL,"Philippines",2008,181624626327
PHL,"Philippines",2009,175974755881
PHL,"Philippines",2010,208368893151
PHL,"Philippines",2011,234216730291
PHL,"Philippines",2012,261920540963
PHL,"Philippines",2013,283902828589
PHL,"Philippines",2014,297483555338
PHL,"Philippines",2015,306445871242
PHL,"Philippines",2016,318627003017
PHL,"Philippines",2017,328480736803
PHL,"Philippines",2018,346841896587
PHL,"Philippines",2019,376823402239
PHL,"Philippines",2020,361751145452
PHL,"Philippines",2021,394087359848
PHL,"Philippines",2022,404353369605
PHL,"Philippines",2023,437055627245
PHL,"Philippines",2024,461671157905
PLW,"Palau",1995,121018500
PLW,"Palau",1996,137494600
PLW,"Palau",1997,143860800
PLW,"Palau",1998,149079600
PLW,"Palau",1999,144206500
PLW,"Palau",2000,149551484
PLW,"Palau",2001,159446234
PLW,"Palau",2002,162658719
PLW,"Palau",2003,154566781
PLW,"Palau",2004,166363734
PLW,"Palau",2005,185658172
PLW,"Palau",2006,190777422
PLW,"Palau",2007,196012719
PLW,"Palau",2008,199046109
PLW,"Palau",2009,184049766
PLW,"Palau",2010,184292328
PLW,"Palau",2011,195163578
PLW,"Palau",2012,214928297
PLW,"Palau",2013,226257828
PLW,"Palau",2014,245436547
PLW,"Palau",2015,283224750
PLW,"Palau",2016,303326125
PLW,"Palau",2017,289983656
PLW,"Palau",2018,288228344
PLW,"Palau",2019,281954000
PLW,"Palau",2020,258985859
PLW,"Palau",2021,235935734
PLW,"Palau",2022,247470812
PLW,"Palau",2023,276157406
PLW,"Palau",2024,321501812
PNG,"Papua New Guinea",1995,4636057476
PNG,"Papua New Guinea",1996,5155311077
PNG,"Papua New Guinea",1997,4936615299
PNG,"Papua New Guinea",1998,3789443015
PNG,"Papua New Guinea",1999,3477038204
PNG,"Papua New Guinea",2000,3521339699
PNG,"Papua New Guinea",2001,3081024212
PNG,"Papua New Guinea",2002,2999511040
PNG,"Papua New Guinea",2003,3536411824
PNG,"Papua New Guinea",2004,3927157867
PNG,"Papua New Guinea",2005,4865892972
PNG,"Papua New Guinea",2006,8354911041
PNG,"Papua New Guinea",2007,9545028944
PNG,"Papua New Guinea",2008,11670892801
PNG,"Papua New Guinea",2009,11619456449
PNG,"Papua New Guinea",2010,14250786675
PNG,"Papua New Guinea",2011,17985138066
PNG,"Papua New Guinea",2012,21295168666
PNG,"Papua New Guinea",2013,21261338065
PNG,"Papua New Guinea",2014,23210823987
PNG,"Papua New Guinea",2015,21723437010
PNG,"Papua New Guinea",2016,20758876953
PNG,"Papua New Guinea",2017,22742699138
PNG,"Papua New Guinea",2018,24109780708
PNG,"Papua New Guinea",2019,24750626030
PNG,"Papua New Guinea",2020,23848447850
PNG,"Papua New Guinea",2021,26113409478
PNG,"Papua New Guinea",2022,31653230962
PNG,"Papua New Guinea",2023,30816328066
PNG,"Papua New Guinea",2024,30803971189
POL,"Poland",1995,142838527115
POL,"Poland",1996,160813026223
POL,"Poland",1997,159893964917
POL,"Poland",1998,175282269667
POL,"Poland",1999,170704452715
POL,"Poland",2000,172953527033
POL,"Poland",2001,191823200371
POL,"Poland",2002,199694463256
POL,"Poland",2003,218561225998
POL,"Poland",2004,256268656145
POL,"Poland",2005,306999913151
POL,"Poland",2006,345897630736
POL,"Poland",2007,429715132138
POL,"Poland",2008,535612030672
POL,"Poland",2009,440891472247
POL,"Poland",2010,478111630684
POL,"Poland",2011,527848543023
POL,"Poland",2012,498148649703
POL,"Poland",2013,518179836405
POL,"Poland",2014,542134167179
POL,"Poland",2015,480054118583
POL,"Poland",2016,473259623976
POL,"Poland",2017,528356723263
POL,"Poland",2018,594616632477
POL,"Poland",2019,602683770145
POL,"Poland",2020,605914237904
POL,"Poland",2021,689170230665
POL,"Poland",2022,695607470875
POL,"Poland",2023,812451193396
POL,"Poland",2024,917767106147
PRE,"Pre-demographic dividend",1995,280321612128
PRE,"Pre-demographic dividend",1996,339779202888
PRE,"Pre-demographic dividend",1997,372342820435
PRE,"Pre-demographic dividend",1998,394007939421
PRE,"Pre-demographic dividend",1999,245465540938
PRE,"Pre-demographic dividend",2000,283217741818
PRE,"Pre-demographic dividend",2001,269595630764
PRE,"Pre-demographic dividend",2002,312135025049
PRE,"Pre-demographic dividend",2003,340468658770
PRE,"Pre-demographic dividend",2004,424234077246
PRE,"Pre-demographic dividend",2005,531122307171
PRE,"Pre-demographic dividend",2006,668501035348
PRE,"Pre-demographic dividend",2007,808147234882
PRE,"Pre-demographic dividend",2008,1008759607219
PRE,"Pre-demographic dividend",2009,914568494529
PRE,"Pre-demographic dividend",2010,1069026111075
PRE,"Pre-demographic dividend",2011,1236913792350
PRE,"Pre-demographic dividend",2012,1346198739595
PRE,"Pre-demographic dividend",2013,1476570945874
PRE,"Pre-demographic dividend",2014,1564268518634
PRE,"Pre-demographic dividend",2015,1327649722441
PRE,"Pre-demographic dividend",2016,1179646343673
PRE,"Pre-demographic dividend",2017,1234012453110
PRE,"Pre-demographic dividend",2018,1372992333739
PRE,"Pre-demographic dividend",2019,1634623930442
PRE,"Pre-demographic dividend",2020,1493808964934
PRE,"Pre-demographic dividend",2021,1632692476238
PRE,"Pre-demographic dividend",2022,1857970259245
PRE,"Pre-demographic dividend",2023,1679661211479
PRE,"Pre-demographic dividend",2024,1516630881744
PRI,"Puerto Rico (US)",1995,42647331000
PRI,"Puerto Rico (US)",1996,45340835000
PRI,"Puerto Rico (US)",1997,48187039000
PRI,"Puerto Rico (US)",1998,54086400000
PRI,"Puerto Rico (US)",1999,57841000000
PRI,"Puerto Rico (US)",2000,61701800000
PRI,"Puerto Rico (US)",2001,69208400000
PRI,"Puerto Rico (US)",2002,71623500000
PRI,"Puerto Rico (US)",2003,74827400000
PRI,"Puerto Rico (US)",2004,80322313000
PRI,"Puerto Rico (US)",2005,83914521300
PRI,"Puerto Rico (US)",2006,87276164400
PRI,"Puerto Rico (US)",2007,89524131600
PRI,"Puerto Rico (US)",2008,93639300000
PRI,"Puerto Rico (US)",2009,96385600000
PRI,"Puerto Rico (US)",2010,98381300000
PRI,"Puerto Rico (US)",2011,100351700000
PRI,"Puerto Rico (US)",2012,101564800000
PRI,"Puerto Rico (US)",2013,102450000000
PRI,"Puerto Rico (US)",2014,102445800000
PRI,"Puerto Rico (US)",2015,103375500000
PRI,"Puerto Rico (US)",2016,104336700000
PRI,"Puerto Rico (US)",2017,103445500000
PRI,"Puerto Rico (US)",2018,100958100000
PRI,"Puerto Rico (US)",2019,105126400000
PRI,"Puerto Rico (US)",2020,103130900000
PRI,"Puerto Rico (US)",2021,106426600000
PRI,"Puerto Rico (US)",2022,113843700000
PRI,"Puerto Rico (US)",2023,118478754281
PRI,"Puerto Rico (US)",2024,126029527034
PRT,"Portugal",1995,118122007430
PRT,"Portugal",1996,122630089680
PRT,"Portugal",1997,117016535163
PRT,"Portugal",1998,123946327916
PRT,"Portugal",1999,127470385557
PRT,"Portugal",2000,118605192877
PRT,"Portugal",2001,121604107165
PRT,"Portugal",2002,134795565549
PRT,"Portugal",2003,165226175537
PRT,"Portugal",2004,189382122532
PRT,"Portugal",2005,197253876705
PRT,"Portugal",2006,208756449276
PRT,"Portugal",2007,240496147317
PRT,"Portugal",2008,263416394624
PRT,"Portugal",2009,244667762836
PRT,"Portugal",2010,238443864993
PRT,"Portugal",2011,245426767676
PRT,"Portugal",2012,216536676772
PRT,"Portugal",2013,226677408292
PRT,"Portugal",2014,230078616300
PRT,"Portugal",2015,199038523120
PRT,"Portugal",2016,206305431242
PRT,"Portugal",2017,220862990767
PRT,"Portugal",2018,242092894543
PRT,"Portugal",2019,240115970063
PRT,"Portugal",2020,229618773423
PRT,"Portugal",2021,256055879091
PRT,"Portugal",2022,256898677175
PRT,"Portugal",2023,292323800949
PRT,"Portugal",2024,313656884871
PRY,"Paraguay",1995,9062131475
PRY,"Paraguay",1996,9788391781
PRY,"Paraguay",1997,9965225678
PRY,"Paraguay",1998,9260481572
PRY,"Paraguay",1999,8837070236
PRY,"Paraguay",2000,8855705140
PRY,"Paraguay",2001,8495806432
PRY,"Paraguay",2002,7196260657
PRY,"Paraguay",2003,7691367471
PRY,"Paraguay",2004,9624440836
PRY,"Paraguay",2005,10737500188
PRY,"Paraguay",2006,13429430050
PRY,"Paraguay",2007,17856393235
PRY,"Paraguay",2008,24615267664
PRY,"Paraguay",2009,22355151162
PRY,"Paraguay",2010,27260886405
PRY,"Paraguay",2011,33756238766
PRY,"Paraguay",2012,33271921136
PRY,"Paraguay",2013,38501122141
PRY,"Paraguay",2014,40377929296
PRY,"Paraguay",2015,36211447840
PRY,"Paraguay",2016,36089700223
PRY,"Paraguay",2017,38997129474
PRY,"Paraguay",2018,40225448341
PRY,"Paraguay",2019,37925338329
PRY,"Paraguay",2020,35432178068
PRY,"Paraguay",2021,39937357256
PRY,"Paraguay",2022,41841201627
PRY,"Paraguay",2023,43140465596
PRY,"Paraguay",2024,44738819362
PSE,"West Bank and Gaza",1995,3282800000
PSE,"West Bank and Gaza",1996,3409600000
PSE,"West Bank and Gaza",1997,3759800000
PSE,"West Bank and Gaza",1998,4067800000
PSE,"West Bank and Gaza",1999,4271200000
PSE,"West Bank and Gaza",2000,4313600000
PSE,"West Bank and Gaza",2001,4003700000
PSE,"West Bank and Gaza",2002,3555800000
PSE,"West Bank and Gaza",2003,3968000000
PSE,"West Bank and Gaza",2004,4603100000
PSE,"West Bank and Gaza",2005,5125700000
PSE,"West Bank and Gaza",2006,5348300000
PSE,"West Bank and Gaza",2007,5815700000
PSE,"West Bank and Gaza",2008,7310400000
PSE,"West Bank and Gaza",2009,8085700000
PSE,"West Bank and Gaza",2010,9681500000
PSE,"West Bank and Gaza",2011,11186100000
PSE,"West Bank and Gaza",2012,12208400000
PSE,"West Bank and Gaza",2013,13515500000
PSE,"West Bank and Gaza",2014,13989700000
PSE,"West Bank and Gaza",2015,13972400000
PSE,"West Bank and Gaza",2016,15405400000
PSE,"West Bank and Gaza",2017,16128000000
PSE,"West Bank and Gaza",2018,16276600000
PSE,"West Bank and Gaza",2019,17133500000
PSE,"West Bank and Gaza",2020,15531700000
PSE,"West Bank and Gaza",2021,18109000000
PSE,"West Bank and Gaza",2022,19165500000
PSE,"West Bank and Gaza",2023,18635100000
PSE,"West Bank and Gaza",2024,16016900000
PSS,"Pacific island small states",1995,3704482550
PSS,"Pacific island small states",1996,3969814416
PSS,"Pacific island small states",1997,3979427621
PSS,"Pacific island small states",1998,3430045707
PSS,"Pacific island small states",1999,3741318845
PSS,"Pacific island small states",2000,3444510932
PSS,"Pacific island small states",2001,3387243157
PSS,"Pacific island small states",2002,3551511786
PSS,"Pacific island small states",2003,4235417136
PSS,"Pacific island small states",2004,4871855214
PSS,"Pacific island small states",2005,5404344027
PSS,"Pacific island small states",2006,5674869059
PSS,"Pacific island small states",2007,6250949280
PSS,"Pacific island small states",2008,6698924093
PSS,"Pacific island small states",2009,6033680450
PSS,"Pacific island small states",2010,6638995494
PSS,"Pacific island small states",2011,7747875552
PSS,"Pacific island small states",2012,8215948620
PSS,"Pacific island small states",2013,8650287219
PSS,"Pacific island small states",2014,9395064505
PSS,"Pacific island small states",2015,9199527865
PSS,"Pacific island small states",2016,9660620527
PSS,"Pacific island small states",2017,10408975105
PSS,"Pacific island small states",2018,10918390850
PSS,"Pacific island small states",2019,10750020320
PSS,"Pacific island small states",2020,9428309123
PSS,"Pacific island small states",2021,9575143114
PSS,"Pacific island small states",2022,10469882964
PSS,"Pacific island small states",2023,11293798175
PSS,"Pacific island small states",2024,12328647286
PST,"Post-demographic dividend",1995,25102168130846
PST,"Post-demographic dividend",1996,25225933434935
PST,"Post-demographic dividend",1997,24722077238172
PST,"Post-demographic dividend",1998,24783774164438
PST,"Post-demographic dividend",1999,26035692714140
PST,"Post-demographic dividend",2000,26514807286901
PST,"Post-demographic dividend",2001,26251047428649
PST,"Post-demographic dividend",2002,27380537491974
PST,"Post-demographic dividend",2003,30686884653568
PST,"Post-demographic dividend",2004,34093567886600
PST,"Post-demographic dividend",2005,35883964025378
PST,"Post-demographic dividend",2006,37770129321607
PST,"Post-demographic dividend",2007,41227786934667
PST,"Post-demographic dividend",2008,43675050278962
PST,"Post-demographic dividend",2009,41130483724941
PST,"Post-demographic dividend",2010,42907615946030
PST,"Post-demographic dividend",2011,46093024710194
PST,"Post-demographic dividend",2012,46027371705949
PST,"Post-demographic dividend",2013,46537786135638
PST,"Post-demographic dividend",2014,47527207893966
PST,"Post-demographic dividend",2015,44970537111944
PST,"Post-demographic dividend",2016,46016102013931
PST,"Post-demographic dividend",2017,48003116664049
PST,"Post-demographic dividend",2018,50874931441807
PST,"Post-demographic dividend",2019,51425400491831
PST,"Post-demographic dividend",2020,50460094948337
PST,"Post-demographic dividend",2021,56312999693621
PST,"Post-demographic dividend",2022,57655583144884
PST,"Post-demographic dividend",2023,61116976921688
PST,"Post-demographic dividend",2024,63619224251454
PYF,"French Polynesia",1995,4186994249
PYF,"French Polynesia",1996,4166072830
PYF,"French Polynesia",1997,3762859093
PYF,"French Polynesia",1998,3903186593
PYF,"French Polynesia",1999,3911602004
PYF,"French Polynesia",2000,3599845480
PYF,"French Polynesia",2001,3573808556
PYF,"French Polynesia",2002,3965405553
PYF,"French Polynesia",2003,4927780607
PYF,"French Polynesia",2004,5564109982
PYF,"French Polynesia",2005,5705052135
PYF,"French Polynesia",2006,5877997980
PYF,"French Polynesia",2007,6631156406
PYF,"French Polynesia",2008,7136741422
PYF,"French Polynesia",2009,6584557974
PYF,"French Polynesia",2010,6086644799
PYF,"French Polynesia",2011,6203940037
PYF,"French Polynesia",2012,5692858099
PYF,"French Polynesia",2013,6031827123
PYF,"French Polynesia",2014,6151996561
PYF,"French Polynesia",2015,5325846362
PYF,"French Polynesia",2016,5497036477
PYF,"French Polynesia",2017,5833352693
PYF,"French Polynesia",2018,6135116253
PYF,"French Polynesia",2019,6022276196
PYF,"French Polynesia",2020,5574821989
PYF,"French Polynesia",2021,5994931236
PYF,"French Polynesia",2022,5622688338
PYF,"French Polynesia",2023,6137447783
PYF,"French Polynesia",2024,6323716355
QAT,"Qatar",1995,8137912088
QAT,"Qatar",1996,9059340659
QAT,"Qatar",1997,11297802198
QAT,"Qatar",1998,10255494505
QAT,"Qatar",1999,12393131868
QAT,"Qatar",2000,17759890110
QAT,"Qatar",2001,17538461538
QAT,"Qatar",2002,19363736264
QAT,"Qatar",2003,23533791209
QAT,"Qatar",2004,31734065934
QAT,"Qatar",2005,44530494505
QAT,"Qatar",2006,60882142857
QAT,"Qatar",2007,79711813187
QAT,"Qatar",2008,115269780220
QAT,"Qatar",2009,97798351648
QAT,"Qatar",2010,125122252747
QAT,"Qatar",2011,167775274725
QAT,"Qatar",2012,186833502363
QAT,"Qatar",2013,198727642967
QAT,"Qatar",2014,206224598571
QAT,"Qatar",2015,161739955577
QAT,"Qatar",2016,151732181868
QAT,"Qatar",2017,161099122225
QAT,"Qatar",2018,183334953819
QAT,"Qatar",2019,176371267692
QAT,"Qatar",2020,144411363352
QAT,"Qatar",2021,179732009560
QAT,"Qatar",2022,235709325714
QAT,"Qatar",2023,213002809341
QAT,"Qatar",2024,216294505495
ROU,"Romania",1995,37430162103
ROU,"Romania",1996,36937074278
ROU,"Romania",1997,35575214078
ROU,"Romania",1998,41696091974
ROU,"Romania",1999,35953156754
ROU,"Romania",2000,37253739511
ROU,"Romania",2001,40395116581
ROU,"Romania",2002,46065502703
ROU,"Romania",2003,57806384143
ROU,"Romania",2004,74973656852
ROU,"Romania",2005,98454380120
ROU,"Romania",2006,122023735993
ROU,"Romania",2007,174588782939
ROU,"Romania",2008,214315932061
ROU,"Romania",2009,174110532659
ROU,"Romania",2010,170064350672
ROU,"Romania",2011,192623977894
ROU,"Romania",2012,179117323107
ROU,"Romania",2013,189798603751
ROU,"Romania",2014,199722319676
ROU,"Romania",2015,177885131240
ROU,"Romania",2016,185290759249
ROU,"Romania",2017,210147385855
ROU,"Romania",2018,241791427224
ROU,"Romania",2019,250080428512
ROU,"Romania",2020,250624575872
ROU,"Romania",2021,285072444957
ROU,"Romania",2022,295317862856
ROU,"Romania",2023,347757995759
ROU,"Romania",2024,382564217989
RUS,"Russian Federation",1995,395537185735
RUS,"Russian Federation",1996,391724890744
RUS,"Russian Federation",1997,404928954192
RUS,"Russian Federation",1998,270955486862
RUS,"Russian Federation",1999,195907128351
RUS,"Russian Federation",2000,259710142197
RUS,"Russian Federation",2001,306602070620
RUS,"Russian Federation",2002,345470494418
RUS,"Russian Federation",2003,430347420185
RUS,"Russian Federation",2004,591016690732
RUS,"Russian Federation",2005,764015973481
RUS,"Russian Federation",2006,989932071353
RUS,"Russian Federation",2007,1299703478482
RUS,"Russian Federation",2008,1660848058303
RUS,"Russian Federation",2009,1222645900056
RUS,"Russian Federation",2010,1524916715224
RUS,"Russian Federation",2011,2045922753398
RUS,"Russian Federation",2012,2208293553878
RUS,"Russian Federation",2013,2292470078346
RUS,"Russian Federation",2014,2059241589895
RUS,"Russian Federation",2015,1363482182198
RUS,"Russian Federation",2016,1276786350881
RUS,"Russian Federation",2017,1574199360089
RUS,"Russian Federation",2018,1657328773461
RUS,"Russian Federation",2019,1693115002708
RUS,"Russian Federation",2020,1493075894362
RUS,"Russian Federation",2021,1829186719575
RUS,"Russian Federation",2022,2292495097681
RUS,"Russian Federation",2023,2046284838151
RUS,"Russian Federation",2024,2186462268813
RWA,"Rwanda",1995,1293535193
RWA,"Rwanda",1996,1382334879
RWA,"Rwanda",1997,1851558197
RWA,"Rwanda",1998,1989343546
RWA,"Rwanda",1999,2157108263
RWA,"Rwanda",2000,2068836754
RWA,"Rwanda",2001,1966600715
RWA,"Rwanda",2002,1966003468
RWA,"Rwanda",2003,2138237279
RWA,"Rwanda",2004,2376496067
RWA,"Rwanda",2005,2933819766
RWA,"Rwanda",2006,3274207945
RWA,"Rwanda",2007,4017977507
RWA,"Rwanda",2008,5120655375
RWA,"Rwanda",2009,5603399015
RWA,"Rwanda",2010,6052276078
RWA,"Rwanda",2011,6802676034
RWA,"Rwanda",2012,7556673276
RWA,"Rwanda",2013,7714276920
RWA,"Rwanda",2014,8129984484
RWA,"Rwanda",2015,8447064079
RWA,"Rwanda",2016,8596812241
RWA,"Rwanda",2017,9164345443
RWA,"Rwanda",2018,9650161136
RWA,"Rwanda",2019,10519272170
RWA,"Rwanda",2020,10487146253
RWA,"Rwanda",2021,11252894910
RWA,"Rwanda",2022,13747404814
RWA,"Rwanda",2023,14806501437
RWA,"Rwanda",2024,15111064182
SAS,"South Asia",1995,416341940330
SAS,"South Asia",1996,458508459742
SAS,"South Asia",1997,484982931206
SAS,"South Asia",1998,492856423475
SAS,"South Asia",1999,531825749350
SAS,"South Asia",2000,544940514563
SAS,"South Asia",2001,562554379798
SAS,"South Asia",2002,593707009777
SAS,"South Asia",2003,694775911444
SAS,"South Asia",2004,804159915390
SAS,"South Asia",2005,924419567611
SAS,"South Asia",2006,1051884831127
SAS,"South Asia",2007,1342148092012
SAS,"South Asia",2008,1347380565219
SAS,"South Asia",2009,1502961023416
SAS,"South Asia",2010,1869826822337
SAS,"South Asia",2011,2045738549407
SAS,"South Asia",2012,2057958207008
SAS,"South Asia",2013,2111097580244
SAS,"South Asia",2014,2323062261802
SAS,"South Asia",2015,2414503392328
SAS,"South Asia",2016,2679313169084
SAS,"South Asia",2017,3075955433026
SAS,"South Asia",2018,3159841615195
SAS,"South Asia",2019,3318484576409
SAS,"South Asia",2020,3172770463540
SAS,"South Asia",2021,3717045071948
SAS,"South Asia",2022,3834471492016
SAS,"South Asia",2023,4073084906363
SAS,"South Asia",2024,4364256137661
SAU,"Saudi Arabia",1995,143343124166
SAU,"Saudi Arabia",1996,158662483311
SAU,"Saudi Arabia",1997,165963684913
SAU,"Saudi Arabia",1998,146775466667
SAU,"Saudi Arabia",1999,161717066667
SAU,"Saudi Arabia",2000,189514933333
SAU,"Saudi Arabia",2001,184137600000
SAU,"Saudi Arabia",2002,189605866667
SAU,"Saudi Arabia",2003,215807733333
SAU,"Saudi Arabia",2004,258742133333
SAU,"Saudi Arabia",2005,328459608764
SAU,"Saudi Arabia",2006,376900133511
SAU,"Saudi Arabia",2007,415964509673
SAU,"Saudi Arabia",2008,519796800000
SAU,"Saudi Arabia",2009,429097866667
SAU,"Saudi Arabia",2010,528207466667
SAU,"Saudi Arabia",2011,680660800000
SAU,"Saudi Arabia",2012,751921333333
SAU,"Saudi Arabia",2013,769755733333
SAU,"Saudi Arabia",2014,787153066667
SAU,"Saudi Arabia",2015,693414400000
SAU,"Saudi Arabia",2016,689279466667
SAU,"Saudi Arabia",2017,741266133333
SAU,"Saudi Arabia",2018,886564800000
SAU,"Saudi Arabia",2019,888890133333
SAU,"Saudi Arabia",2020,767951200000
SAU,"Saudi Arabia",2021,982661066667
SAU,"Saudi Arabia",2022,1239075200000
SAU,"Saudi Arabia",2023,1218584800000
SAU,"Saudi Arabia",2024,1254140800000
SDN,"Sudan",1995,13830363900
SDN,"Sudan",1996,9018300725
SDN,"Sudan",1997,11681175864
SDN,"Sudan",1998,11250221537
SDN,"Sudan",1999,10682028340
SDN,"Sudan",2000,12257299147
SDN,"Sudan",2001,15716361792
SDN,"Sudan",2002,18137128388
SDN,"Sudan",2003,21355298460
SDN,"Sudan",2004,26646007251
SDN,"Sudan",2005,35182711988
SDN,"Sudan",2006,45263831634
SDN,"Sudan",2007,59440139775
SDN,"Sudan",2008,64833083257
SDN,"Sudan",2009,51621044077
SDN,"Sudan",2010,58962978034
SDN,"Sudan",2011,55018567211
SDN,"Sudan",2012,37632919967
SDN,"Sudan",2013,43024018082
SDN,"Sudan",2014,49516748618
SDN,"Sudan",2015,51726758677
SDN,"Sudan",2016,42630376000
SDN,"Sudan",2017,41283617976
SDN,"Sudan",2018,32333780383
SDN,"Sudan",2019,32338079165
SDN,"Sudan",2020,27034593750
SDN,"Sudan",2021,34229513775
SDN,"Sudan",2022,51666875363
SDN,"Sudan",2023,39898289821
SDN,"Sudan",2024,49672435513
SEN,"Senegal",1995,6326342633
SEN,"Senegal",1996,6559712166
SEN,"Senegal",1997,6041478726
SEN,"Senegal",1998,6505607909
SEN,"Senegal",1999,6592834933
SEN,"Senegal",2000,6013185004
SEN,"Senegal",2001,6507824829
SEN,"Senegal",2002,7006402320
SEN,"Senegal",2003,8768721563
SEN,"Senegal",2004,10076816667
SEN,"Senegal",2005,11009033438
SEN,"Senegal",2006,11697918243
SEN,"Senegal",2007,13994218413
SEN,"Senegal",2008,16853989628
SEN,"Senegal",2009,16145867495
SEN,"Senegal",2010,16121315909
SEN,"Senegal",2011,17814283639
SEN,"Senegal",2012,17660870412
SEN,"Senegal",2013,18918667725
SEN,"Senegal",2014,19797253440
SEN,"Senegal",2015,17774766696
SEN,"Senegal",2016,19040312333
SEN,"Senegal",2017,20965069573
SEN,"Senegal",2018,23116701556
SEN,"Senegal",2019,23403995992
SEN,"Senegal",2020,24530513038
SEN,"Senegal",2021,27520784130
SEN,"Senegal",2022,27783332223
SEN,"Senegal",2023,30696331296
SEN,"Senegal",2024,32169996052
SGP,"Singapore",1995,87812540788
SGP,"Singapore",1996,96293086513
SGP,"Singapore",1997,100123787215
SGP,"Singapore",1998,85728207782
SGP,"Singapore",1999,86286849755
SGP,"Singapore",2000,96076539926
SGP,"Singapore",2001,89793790670
SGP,"Singapore",2002,92538372870
SGP,"Singapore",2003,97646401096
SGP,"Singapore",2004,115033593101
SGP,"Singapore",2005,127807848728
SGP,"Singapore",2006,148627286361
SGP,"Singapore",2007,180941701358
SGP,"Singapore",2008,193617323539
SGP,"Singapore",2009,194150283772
SGP,"Singapore",2010,239807980591
SGP,"Singapore",2011,279356499090
SGP,"Singapore",2012,295092888077
SGP,"Singapore",2013,307576360585
SGP,"Singapore",2014,314863580758
SGP,"Singapore",2015,307998545269
SGP,"Singapore",2016,320759207439
SGP,"Singapore",2017,344795119214
SGP,"Singapore",2018,377976367877
SGP,"Singapore",2019,376827390962
SGP,"Singapore",2020,351226533656
SGP,"Singapore",2021,441110903525
SGP,"Singapore",2022,514252535239
SGP,"Singapore",2023,511181761244
SGP,"Singapore",2024,572877260178
SLB,"Solomon Islands",1995,469443202
SLB,"Solomon Islands",1996,510586430
SLB,"Solomon Islands",1997,526554006
SLB,"Solomon Islands",1998,457579840
SLB,"Solomon Islands",1999,488024514
SLB,"Solomon Islands",2000,419842674
SLB,"Solomon Islands",2001,409508553
SLB,"Solomon Islands",2002,346406739
SLB,"Solomon Islands",2003,417666639
SLB,"Solomon Islands",2004,468000121
SLB,"Solomon Islands",2005,552881357
SLB,"Solomon Islands",2006,617257458
SLB,"Solomon Islands",2007,695291218
SLB,"Solomon Islands",2008,776335523
SLB,"Solomon Islands",2009,805557289
SLB,"Solomon Islands",2010,898128551
SLB,"Solomon Islands",2011,1063898227
SLB,"Solomon Islands",2012,1185217634
SLB,"Solomon Islands",2013,1285905958
SLB,"Solomon Islands",2014,1335576763
SLB,"Solomon Islands",2015,1307908814
SLB,"Solomon Islands",2016,1379486291
SLB,"Solomon Islands",2017,1469790526
SLB,"Solomon Islands",2018,1615473250
SLB,"Solomon Islands",2019,1619150564
SLB,"Solomon Islands",2020,1536143428
SLB,"Solomon Islands",2021,1558312104
SLB,"Solomon Islands",2022,1466670930
SLB,"Solomon Islands",2023,1506124566
SLB,"Solomon Islands",2024,1583964704
SLE,"Sierra Leone",1995,870740292
SLE,"Sierra Leone",1996,941709423
SLE,"Sierra Leone",1997,850232760
SLE,"Sierra Leone",1998,672368187
SLE,"Sierra Leone",1999,669386624
SLE,"Sierra Leone",2000,635866404
SLE,"Sierra Leone",2001,1681473894
SLE,"Sierra Leone",2002,1933863911
SLE,"Sierra Leone",2003,2142618046
SLE,"Sierra Leone",2004,2237350687
SLE,"Sierra Leone",2005,2545275313
SLE,"Sierra Leone",2006,3263697467
SLE,"Sierra Leone",2007,3632957611
SLE,"Sierra Leone",2008,4157895298
SLE,"Sierra Leone",2009,3953403098
SLE,"Sierra Leone",2010,4262805967
SLE,"Sierra Leone",2011,4861632885
SLE,"Sierra Leone",2012,6141666509
SLE,"Sierra Leone",2013,7502762863
SLE,"Sierra Leone",2014,7686138791
SLE,"Sierra Leone",2015,6788352975
SLE,"Sierra Leone",2016,6084297211
SLE,"Sierra Leone",2017,5749846528
SLE,"Sierra Leone",2018,6390514689
SLE,"Sierra Leone",2019,6523577590
SLE,"Sierra Leone",2020,6688307706
SLE,"Sierra Leone",2021,7166931483
SLE,"Sierra Leone",2022,7121125277
SLE,"Sierra Leone",2023,6415852766
SLE,"Sierra Leone",2024,6971127234
SLV,"El Salvador",1995,8921947100
SLV,"El Salvador",1996,9586327800
SLV,"El Salvador",1997,10221705900
SLV,"El Salvador",1998,10936669900
SLV,"El Salvador",1999,11284197000
SLV,"El Salvador",2000,11784927700
SLV,"El Salvador",2001,12282533600
SLV,"El Salvador",2002,12664190300
SLV,"El Salvador",2003,13243892200
SLV,"El Salvador",2004,13724810900
SLV,"El Salvador",2005,14698000000
SLV,"El Salvador",2006,15999890000
SLV,"El Salvador",2007,17011750000
SLV,"El Salvador",2008,17986890000
SLV,"El Salvador",2009,17601620000
SLV,"El Salvador",2010,18447920000
SLV,"El Salvador",2011,20283780000
SLV,"El Salvador",2012,21386150000
SLV,"El Salvador",2013,21990960000
SLV,"El Salvador",2014,22593470000
SLV,"El Salvador",2015,23438240000
SLV,"El Salvador",2016,24191430000
SLV,"El Salvador",2017,24979190000
SLV,"El Salvador",2018,26020850000
SLV,"El Salvador",2019,26881140000
SLV,"El Salvador",2020,24921190000
SLV,"El Salvador",2021,29043140000
SLV,"El Salvador",2022,31870110000
SLV,"El Salvador",2023,33565430000
SLV,"El Salvador",2024,34879730000
SMR,"San Marino",1997,976606911
SMR,"San Marino",1998,1048316226
SMR,"San Marino",1999,1109473282
SMR,"San Marino",2000,1007661291
SMR,"San Marino",2001,1059529731
SMR,"San Marino",2002,1148872076
SMR,"San Marino",2003,1462590387
SMR,"San Marino",2004,1715341295
SMR,"San Marino",2005,1786513631
SMR,"San Marino",2006,1909765811
SMR,"San Marino",2007,2188653429
SMR,"San Marino",2008,2403214436
SMR,"San Marino",2009,2064277984
SMR,"San Marino",2010,1881191950
SMR,"San Marino",2011,1813717695
SMR,"San Marino",2012,1604701051
SMR,"San Marino",2013,1678741202
SMR,"San Marino",2014,1673910988
SMR,"San Marino",2015,1419400396
SMR,"San Marino",2016,1468342400
SMR,"San Marino",2017,1528621193
SMR,"San Marino",2018,1655354329
SMR,"San Marino",2019,1616231696
SMR,"San Marino",2020,1544713785
SMR,"San Marino",2021,1855395712
SMR,"San Marino",2022,1831701023
SMR,"San Marino",2023,2027243194
SOM,"Somalia, Fed. Rep.",1995,1534756135
SOM,"Somalia, Fed. Rep.",1996,1792234297
SOM,"Somalia, Fed. Rep.",1997,2191749014
SOM,"Somalia, Fed. Rep.",1998,2962047564
SOM,"Somalia, Fed. Rep.",1999,3045751528
SOM,"Somalia, Fed. Rep.",2000,3412797450
SOM,"Somalia, Fed. Rep.",2001,2252847465
SOM,"Somalia, Fed. Rep.",2002,2192684135
SOM,"Somalia, Fed. Rep.",2003,2836724352
SOM,"Somalia, Fed. Rep.",2004,3859592813
SOM,"Somalia, Fed. Rep.",2005,4683246454
SOM,"Somalia, Fed. Rep.",2006,5026743282
SOM,"Somalia, Fed. Rep.",2007,5430713729
SOM,"Somalia, Fed. Rep.",2008,5913620293
SOM,"Somalia, Fed. Rep.",2009,2948594552
SOM,"Somalia, Fed. Rep.",2010,2687807004
SOM,"Somalia, Fed. Rep.",2011,2906000097
SOM,"Somalia, Fed. Rep.",2012,4364670160
SOM,"Somalia, Fed. Rep.",2013,5062881600
SOM,"Somalia, Fed. Rep.",2014,5728399720
SOM,"Somalia, Fed. Rep.",2015,6152149100
SOM,"Somalia, Fed. Rep.",2016,6613743070
SOM,"Somalia, Fed. Rep.",2017,7621501710
SOM,"Somalia, Fed. Rep.",2018,7873000000
SOM,"Somalia, Fed. Rep.",2019,8656000000
SOM,"Somalia, Fed. Rep.",2020,8628000000
SOM,"Somalia, Fed. Rep.",2021,9483000000
SOM,"Somalia, Fed. Rep.",2022,10203000000
SOM,"Somalia, Fed. Rep.",2023,10958000000
SOM,"Somalia, Fed. Rep.",2024,11967000000
SRB,"Serbia",1995,17921892655
SRB,"Serbia",1996,23277430168
SRB,"Serbia",1997,27153408995
SRB,"Serbia",1998,21004077441
SRB,"Serbia",1999,20878694851
SRB,"Serbia",2000,7326373882
SRB,"Serbia",2001,13599378662
SRB,"Serbia",2002,17930583571
SRB,"Serbia",2003,23593044418
SRB,"Serbia",2004,26845632342
SRB,"Serbia",2005,28334256181
SRB,"Serbia",2006,33298057362
SRB,"Serbia",2007,44888028946
SRB,"Serbia",2008,54220641202
SRB,"Serbia",2009,46955984410
SRB,"Serbia",2010,43536629233
SRB,"Serbia",2011,51251098408
SRB,"Serbia",2012,45103269969
SRB,"Serbia",2013,50455529604
SRB,"Serbia",2014,49114321280
SRB,"Serbia",2015,41297410635
SRB,"Serbia",2016,42225495910
SRB,"Serbia",2017,45972834714
SRB,"Serbia",2018,52787520249
SRB,"Serbia",2019,53864693665
SRB,"Serbia",2020,55874017669
SRB,"Serbia",2021,66159884073
SRB,"Serbia",2022,66809895701
SRB,"Serbia",2023,81343999280
SRB,"Serbia",2024,90088366320
SSA,"Sub-Saharan Africa (excluding high income)",1995,480536248747
SSA,"Sub-Saharan Africa (excluding high income)",1996,536993447940
SSA,"Sub-Saharan Africa (excluding high income)",1997,564682059532
SSA,"Sub-Saharan Africa (excluding high income)",1998,566166520918
SSA,"Sub-Saharan Africa (excluding high income)",1999,403985079544
SSA,"Sub-Saharan Africa (excluding high income)",2000,428130754795
SSA,"Sub-Saharan Africa (excluding high income)",2001,410270416419
SSA,"Sub-Saharan Africa (excluding high income)",2002,448754410667
SSA,"Sub-Saharan Africa (excluding high income)",2003,565165696848
SSA,"Sub-Saharan Africa (excluding high income)",2004,701946427140
SSA,"Sub-Saharan Africa (excluding high income)",2005,836012300136
SSA,"Sub-Saharan Africa (excluding high income)",2006,987742442582
SSA,"Sub-Saharan Africa (excluding high income)",2007,1144107728262
SSA,"Sub-Saharan Africa (excluding high income)",2008,1299991378851
SSA,"Sub-Saharan Africa (excluding high income)",2009,1241036741317
SSA,"Sub-Saharan Africa (excluding high income)",2010,1468562341636
SSA,"Sub-Saharan Africa (excluding high income)",2011,1649814720968
SSA,"Sub-Saharan Africa (excluding high income)",2012,1716111793312
SSA,"Sub-Saharan Africa (excluding high income)",2013,1824058015017
SSA,"Sub-Saharan Africa (excluding high income)",2014,1901434469438
SSA,"Sub-Saharan Africa (excluding high income)",2015,1686510433482
SSA,"Sub-Saharan Africa (excluding high income)",2016,1531072388308
SSA,"Sub-Saharan Africa (excluding high income)",2017,1671771628567
SSA,"Sub-Saharan Africa (excluding high income)",2018,1797993099718
SSA,"Sub-Saharan Africa (excluding high income)",2019,2044013272643
SSA,"Sub-Saharan Africa (excluding high income)",2020,1900851749616
SSA,"Sub-Saharan Africa (excluding high income)",2021,2138242804315
SSA,"Sub-Saharan Africa (excluding high income)",2022,2288209678021
SSA,"Sub-Saharan Africa (excluding high income)",2023,2115430662235
SSA,"Sub-Saharan Africa (excluding high income)",2024,1987702493351
SSD,"South Sudan",2008,14586253383
SSD,"South Sudan",2009,12231264525
SSD,"South Sudan",2010,14602072411
SSD,"South Sudan",2011,14907308933
SSD,"South Sudan",2012,11931472169
SSD,"South Sudan",2013,18426469017
SSD,"South Sudan",2014,13962212847
SSD,"South Sudan",2015,11997800760
SSF,"Sub-Saharan Africa",1995,481079007261
SSF,"Sub-Saharan Africa",1996,537530179194
SSF,"Sub-Saharan Africa",1997,565282993319
SSF,"Sub-Saharan Africa",1998,566816310317
SSF,"Sub-Saharan Africa",1999,404651982255
SSF,"Sub-Saharan Africa",2000,428788727164
SSF,"Sub-Saharan Africa",2001,410936482186
SSF,"Sub-Saharan Africa",2002,449501126212
SSF,"Sub-Saharan Africa",2003,565920228913
SSF,"Sub-Saharan Africa",2004,702843567490
SSF,"Sub-Saharan Africa",2005,836994144673
SSF,"Sub-Saharan Africa",2006,988827706638
SSF,"Sub-Saharan Africa",2007,1145187476949
SSF,"Sub-Saharan Africa",2008,1300970976245
SSF,"Sub-Saharan Africa",2009,1241887642937
SSF,"Sub-Saharan Africa",2010,1469543958178
SSF,"Sub-Saharan Africa",2011,1650873639675
SSF,"Sub-Saharan Africa",2012,1717201201151
SSF,"Sub-Saharan Africa",2013,1825391175424
SSF,"Sub-Saharan Africa",2014,1902822047308
SSF,"Sub-Saharan Africa",2015,1687942836834
SSF,"Sub-Saharan Africa",2016,1532640901656
SSF,"Sub-Saharan Africa",2017,1673446999208
SSF,"Sub-Saharan Africa",2018,1799777413644
SSF,"Sub-Saharan Africa",2019,2045881962740
SSF,"Sub-Saharan Africa",2020,1902234301367
SSF,"Sub-Saharan Africa",2021,2139729978110
SSF,"Sub-Saharan Africa",2022,2290209566620
SSF,"Sub-Saharan Africa",2023,2117602210170
SSF,"Sub-Saharan Africa",2024,1989931102035
SST,"Small states",1995,63080936209
SST,"Small states",1996,65815856109
SST,"Small states",1997,69056214780
SST,"Small states",1998,70249508074
SST,"Small states",1999,74261596878
SST,"Small states",2000,76518051310
SST,"Small states",2001,77518242594
SST,"Small states",2002,83416069983
SST,"Small states",2003,99644317338
SST,"Small states",2004,115420457209
SST,"Small states",2005,129913596279
SST,"Small states",2006,145909077802
SST,"Small states",2007,171436169405
SST,"Small states",2008,189249315967
SST,"Small states",2009,161799686491
SST,"Small states",2010,172229082959
SST,"Small states",2011,193240230206
SST,"Small states",2012,194132843203
SST,"Small states",2013,201677128538
SST,"Small states",2014,208949943933
SST,"Small states",2015,193179840480
SST,"Small states",2016,195897524568
SST,"Small states",2017,213547946193
SST,"Small states",2018,230253786373
SST,"Small states",2019,231472341497
SST,"Small states",2020,208945862119
SST,"Small states",2021,244321758054
SST,"Small states",2022,270875639827
SST,"Small states",2023,287664662032
SST,"Small states",2024,311165525991
STP,"Sao Tome and Principe",1995,103695237
STP,"Sao Tome and Principe",1996,135188166
STP,"Sao Tome and Principe",1997,91920274
STP,"Sao Tome and Principe",1998,72285404
STP,"Sao Tome and Principe",1999,77302212
STP,"Sao Tome and Principe",2000,76198395
STP,"Sao Tome and Principe",2001,75951133
STP,"Sao Tome and Principe",2002,85171074
STP,"Sao Tome and Principe",2003,102085769
STP,"Sao Tome and Principe",2004,114582284
STP,"Sao Tome and Principe",2005,136450662
STP,"Sao Tome and Principe",2006,142775104
STP,"Sao Tome and Principe",2007,149146919
STP,"Sao Tome and Principe",2008,188021165
STP,"Sao Tome and Principe",2009,200668065
STP,"Sao Tome and Principe",2010,190021192
STP,"Sao Tome and Principe",2011,226455001
STP,"Sao Tome and Principe",2012,229371348
STP,"Sao Tome and Principe",2013,267041748
STP,"Sao Tome and Principe",2014,293119143
STP,"Sao Tome and Principe",2015,259999643
STP,"Sao Tome and Principe",2016,292267272
STP,"Sao Tome and Principe",2017,322002845
STP,"Sao Tome and Principe",2018,383717328
STP,"Sao Tome and Principe",2019,412976083
STP,"Sao Tome and Principe",2020,471229485
STP,"Sao Tome and Principe",2021,524402456
STP,"Sao Tome and Principe",2022,540809499
STP,"Sao Tome and Principe",2023,690456807
STP,"Sao Tome and Principe",2024,824992558
SUR,"Suriname",1995,691590498
SUR,"Suriname",1996,861372806
SUR,"Suriname",1997,926422500
SUR,"Suriname",1998,1110850000
SUR,"Suriname",1999,886290698
SUR,"Suriname",2000,947671970
SUR,"Suriname",2001,834279358
SUR,"Suriname",2002,1093574468
SUR,"Suriname",2003,1274190311
SUR,"Suriname",2004,1484092538
SUR,"Suriname",2005,1793410397
SUR,"Suriname",2006,2626380435
SUR,"Suriname",2007,2936612022
SUR,"Suriname",2008,3532969035
SUR,"Suriname",2009,3875409836
SUR,"Suriname",2010,4368370998
SUR,"Suriname",2011,4422276622
SUR,"Suriname",2012,4980000000
SUR,"Suriname",2013,5145757576
SUR,"Suriname",2014,5240606061
SUR,"Suriname",2015,5126237646
SUR,"Suriname",2016,3317421648
SUR,"Suriname",2017,3591679431
SUR,"Suriname",2018,3996198867
SUR,"Suriname",2019,4016040575
SUR,"Suriname",2020,2911807496
SUR,"Suriname",2021,3107923198
SUR,"Suriname",2022,3791603200
SUR,"Suriname",2023,3472693412
SUR,"Suriname",2024,4416775113
SVK,"Slovak Republic",1995,20306095054
SVK,"Slovak Republic",1996,21864845214
SVK,"Slovak Republic",1997,22026728498
SVK,"Slovak Republic",1998,22911708405
SVK,"Slovak Republic",1999,20813421086
SVK,"Slovak Republic",2000,20626538612
SVK,"Slovak Republic",2001,21377597035
SVK,"Slovak Republic",2002,24768142566
SVK,"Slovak Republic",2003,33761723946
SVK,"Slovak Republic",2004,42960730480
SVK,"Slovak Republic",2005,48823790951
SVK,"Slovak Republic",2006,57111148619
SVK,"Slovak Republic",2007,77019443089
SVK,"Slovak Republic",2008,96685492864
SVK,"Slovak Republic",2009,89342984698
SVK,"Slovak Republic",2010,91112160801
SVK,"Slovak Republic",2011,99705104723
SVK,"Slovak Republic",2012,94724394278
SVK,"Slovak Republic",2013,99134277850
SVK,"Slovak Republic",2014,101713075599
SVK,"Slovak Republic",2015,89178548717
SVK,"Slovak Republic",2016,90347173229
SVK,"Slovak Republic",2017,95978130735
SVK,"Slovak Republic",2018,106611673365
SVK,"Slovak Republic",2019,105843498304
SVK,"Slovak Republic",2020,107732602896
SVK,"Slovak Republic",2021,120511265913
SVK,"Slovak Republic",2022,115792972358
SVK,"Slovak Republic",2023,133578518424
SVK,"Slovak Republic",2024,140934076532
SVN,"Slovenia",1995,21367422159
SVN,"Slovenia",1996,21470699363
SVN,"Slovenia",1997,20726878752
SVN,"Slovenia",1998,22058635314
SVN,"Slovenia",1999,22609669084
SVN,"Slovenia",2000,20159190702
SVN,"Slovenia",2001,20668868707
SVN,"Slovenia",2002,23214593516
SVN,"Slovenia",2003,29360575032
SVN,"Slovenia",2004,34156553313
SVN,"Slovenia",2005,35947936824
SVN,"Slovenia",2006,39260368837
SVN,"Slovenia",2007,47880266543
SVN,"Slovenia",2008,55509332322
SVN,"Slovenia",2009,49975540955
SVN,"Slovenia",2010,47793117241
SVN,"Slovenia",2011,51199194599
SVN,"Slovenia",2012,46167053954
SVN,"Slovenia",2013,47867056859
SVN,"Slovenia",2014,49514466380
SVN,"Slovenia",2015,42709468275
SVN,"Slovenia",2016,44290685824
SVN,"Slovenia",2017,48153200135
SVN,"Slovenia",2018,53689067640
SVN,"Slovenia",2019,53909922736
SVN,"Slovenia",2020,53384760135
SVN,"Slovenia",2021,61540813362
SVN,"Slovenia",2022,59899117741
SVN,"Slovenia",2023,69255264238
SVN,"Slovenia",2024,72972015197
SWE,"Sweden",1995,267050453507
SWE,"Sweden",1996,291949597375
SWE,"Sweden",1997,268249616891
SWE,"Sweden",1998,270887306759
SWE,"Sweden",1999,274318357862
SWE,"Sweden",2000,262903560280
SWE,"Sweden",2001,242497797485
SWE,"Sweden",2002,267371907447
SWE,"Sweden",2003,334072443516
SWE,"Sweden",2004,384545442175
SWE,"Sweden",2005,391688455929
SWE,"Sweden",2006,422528394459
SWE,"Sweden",2007,490047789548
SWE,"Sweden",2008,514614100833
SWE,"Sweden",2009,434311714442
SWE,"Sweden",2010,492750897239
SWE,"Sweden",2011,570538581144
SWE,"Sweden",2012,549739674655
SWE,"Sweden",2013,584125353119
SWE,"Sweden",2014,577727767304
SWE,"Sweden",2015,501602351912
SWE,"Sweden",2016,513058312951
SWE,"Sweden",2017,535172356785
SWE,"Sweden",2018,549649344043
SWE,"Sweden",2019,530894124494
SWE,"Sweden",2020,544265668452
SWE,"Sweden",2021,631693331301
SWE,"Sweden",2022,575071237641
SWE,"Sweden",2023,578990915246
SWE,"Sweden",2024,604827393489
SWZ,"Eswatini",1995,1698989464
SWZ,"Eswatini",1996,1602741834
SWZ,"Eswatini",1997,1716714070
SWZ,"Eswatini",1998,1576908856
SWZ,"Eswatini",1999,1547888496
SWZ,"Eswatini",2000,1697161558
SWZ,"Eswatini",2001,1502870486
SWZ,"Eswatini",2002,1393945031
SWZ,"Eswatini",2003,2149632433
SWZ,"Eswatini",2004,2710331785
SWZ,"Eswatini",2005,3097946371
SWZ,"Eswatini",2006,3215307901
SWZ,"Eswatini",2007,3391122887
SWZ,"Eswatini",2008,3235921171
SWZ,"Eswatini",2009,3525213502
SWZ,"Eswatini",2010,4360714359
SWZ,"Eswatini",2011,4722912047
SWZ,"Eswatini",2012,4747813067
SWZ,"Eswatini",2013,4463396204
SWZ,"Eswatini",2014,4285065665
SWZ,"Eswatini",2015,3908217914
SWZ,"Eswatini",2016,3722306117
SWZ,"Eswatini",2017,4462640651
SWZ,"Eswatini",2018,4643751059
SWZ,"Eswatini",2019,4617018959
SWZ,"Eswatini",2020,4134677810
SWZ,"Eswatini",2021,4807069277
SWZ,"Eswatini",2022,4746660274
SWZ,"Eswatini",2023,4621191262
SWZ,"Eswatini",2024,4858885841
SXM,"Sint Maarten (Dutch part)",2009,854972067
SXM,"Sint Maarten (Dutch part)",2010,892290503
SXM,"Sint Maarten (Dutch part)",2011,936089385
SXM,"Sint Maarten (Dutch part)",2012,985865922
SXM,"Sint Maarten (Dutch part)",2013,1022905028
SXM,"Sint Maarten (Dutch part)",2014,1361811508
SXM,"Sint Maarten (Dutch part)",2015,1417888715
SXM,"Sint Maarten (Dutch part)",2016,1427017207
SXM,"Sint Maarten (Dutch part)",2017,1353212123
SXM,"Sint Maarten (Dutch part)",2018,1259200447
SXM,"Sint Maarten (Dutch part)",2019,1407880447
SXM,"Sint Maarten (Dutch part)",2020,1236428101
SXM,"Sint Maarten (Dutch part)",2021,1353071061
SXM,"Sint Maarten (Dutch part)",2022,1592564637
SXM,"Sint Maarten (Dutch part)",2023,1686525978
SXM,"Sint Maarten (Dutch part)",2024,1797836648
SYC,"Seychelles",1995,540733048
SYC,"Seychelles",1996,535250347
SYC,"Seychelles",1997,598966982
SYC,"Seychelles",1998,647287376
SYC,"Seychelles",1999,662838615
SYC,"Seychelles",2000,654212394
SYC,"Seychelles",2001,662064156
SYC,"Seychelles",2002,742134838
SYC,"Seychelles",2003,750847230
SYC,"Seychelles",2004,893012218
SYC,"Seychelles",2005,977899382
SYC,"Seychelles",2006,1081441283
SYC,"Seychelles",2007,1077308814
SYC,"Seychelles",2008,979597394
SYC,"Seychelles",2009,850901620
SYC,"Seychelles",2010,981616542
SYC,"Seychelles",2011,1058918707
SYC,"Seychelles",2012,1089407839
SYC,"Seychelles",2013,1333160407
SYC,"Seychelles",2014,1387577870
SYC,"Seychelles",2015,1432403352
SYC,"Seychelles",2016,1568513348
SYC,"Seychelles",2017,1675370641
SYC,"Seychelles",2018,1784313927
SYC,"Seychelles",2019,1868690097
SYC,"Seychelles",2020,1382551752
SYC,"Seychelles",2021,1487173795
SYC,"Seychelles",2022,1999888599
SYC,"Seychelles",2023,2171547935
SYC,"Seychelles",2024,2228608684
SYR,"Syrian Arab Republic",1995,11396706587
SYR,"Syrian Arab Republic",1996,13789560878
SYR,"Syrian Arab Republic",1997,14505233463
SYR,"Syrian Arab Republic",1998,15200846154
SYR,"Syrian Arab Republic",1999,15873875969
SYR,"Syrian Arab Republic",2000,18937031610
SYR,"Syrian Arab Republic",2001,20078599626
SYR,"Syrian Arab Republic",2002,20786986580
SYR,"Syrian Arab Republic",2003,21828144686
SYR,"Syrian Arab Republic",2004,25086910448
SYR,"Syrian Arab Republic",2005,28858937499
SYR,"Syrian Arab Republic",2006,33751812959
SYR,"Syrian Arab Republic",2007,40465331020
SYR,"Syrian Arab Republic",2008,52557913397
SYR,"Syrian Arab Republic",2009,54111721044
SYR,"Syrian Arab Republic",2010,61390833273
SYR,"Syrian Arab Republic",2011,67539433544
SYR,"Syrian Arab Republic",2012,43190318033
SYR,"Syrian Arab Republic",2013,21361254635
SYR,"Syrian Arab Republic",2014,21502061466
SYR,"Syrian Arab Republic",2015,16466861435
SYR,"Syrian Arab Republic",2016,12597854088
SYR,"Syrian Arab Republic",2017,16369842725
SYR,"Syrian Arab Republic",2018,21497779248
SYR,"Syrian Arab Republic",2019,22583046645
SYR,"Syrian Arab Republic",2020,12501503673
SYR,"Syrian Arab Republic",2021,14892885528
SYR,"Syrian Arab Republic",2022,23737634644
TCA,"Turks and Caicos Islands",2001,358744800
TCA,"Turks and Caicos Islands",2002,366707900
TCA,"Turks and Caicos Islands",2003,409753600
TCA,"Turks and Caicos Islands",2004,485598800
TCA,"Turks and Caicos Islands",2005,578645800
TCA,"Turks and Caicos Islands",2006,721891500
TCA,"Turks and Caicos Islands",2007,773490000
TCA,"Turks and Caicos Islands",2008,862684000
TCA,"Turks and Caicos Islands",2009,703176000
TCA,"Turks and Caicos Islands",2010,686788000
TCA,"Turks and Caicos Islands",2011,842941000
TCA,"Turks and Caicos Islands",2012,832848000
TCA,"Turks and Caicos Islands",2013,863328000
TCA,"Turks and Caicos Islands",2014,956605000
TCA,"Turks and Caicos Islands",2015,1078274000
TCA,"Turks and Caicos Islands",2016,1202078000
TCA,"Turks and Caicos Islands",2017,1197958000
TCA,"Turks and Caicos Islands",2018,1314329000
TCA,"Turks and Caicos Islands",2019,1371838000
TCA,"Turks and Caicos Islands",2020,918387000
TCA,"Turks and Caicos Islands",2021,1236459000
TCA,"Turks and Caicos Islands",2022,1434119000
TCA,"Turks and Caicos Islands",2023,1638653000
TCA,"Turks and Caicos Islands",2024,1745378000
TCD,"Chad",1995,1445919895
TCD,"Chad",1996,1607345356
TCD,"Chad",1997,1544689577
TCD,"Chad",1998,1744794531
TCD,"Chad",1999,1534673583
TCD,"Chad",2000,1388506772
TCD,"Chad",2001,1710843377
TCD,"Chad",2002,1997005709
TCD,"Chad",2003,2742815072
TCD,"Chad",2004,4422855661
TCD,"Chad",2005,8655892393
TCD,"Chad",2006,9709626596
TCD,"Chad",2007,10865385132
TCD,"Chad",2008,13385593990
TCD,"Chad",2009,12317614054
TCD,"Chad",2010,14058506664
TCD,"Chad",2011,16685349674
TCD,"Chad",2012,17892228570
TCD,"Chad",2013,17865316886
TCD,"Chad",2014,18144336904
TCD,"Chad",2015,14559599500
TCD,"Chad",2016,13026289836
TCD,"Chad",2017,13349041409
TCD,"Chad",2018,15327000249
TCD,"Chad",2019,14905517743
TCD,"Chad",2020,14932897821
TCD,"Chad",2021,16871937698
TCD,"Chad",2022,17828508290
TCD,"Chad",2023,18352937976
TCD,"Chad",2024,19906706690
TEA,"East Asia & Pacific (IDA & IBRD countries)",1995,1324237119504
TEA,"East Asia & Pacific (IDA & IBRD countries)",1996,1521371528101
TEA,"East Asia & Pacific (IDA & IBRD countries)",1997,1574968030482
TEA,"East Asia & Pacific (IDA & IBRD countries)",1998,1439654527489
TEA,"East Asia & Pacific (IDA & IBRD countries)",1999,1585945646833
TEA,"East Asia & Pacific (IDA & IBRD countries)",2000,1746600304145
TEA,"East Asia & Pacific (IDA & IBRD countries)",2001,1860776095172
TEA,"East Asia & Pacific (IDA & IBRD countries)",2002,2061454246158
TEA,"East Asia & Pacific (IDA & IBRD countries)",2003,2335145056826
TEA,"East Asia & Pacific (IDA & IBRD countries)",2004,2709157341038
TEA,"East Asia & Pacific (IDA & IBRD countries)",2005,3136370768809
TEA,"East Asia & Pacific (IDA & IBRD countries)",2006,3778749876885
TEA,"East Asia & Pacific (IDA & IBRD countries)",2007,4781266905492
TEA,"East Asia & Pacific (IDA & IBRD countries)",2008,6054649425102
TEA,"East Asia & Pacific (IDA & IBRD countries)",2009,6573323824228
TEA,"East Asia & Pacific (IDA & IBRD countries)",2010,7998793934321
TEA,"East Asia & Pacific (IDA & IBRD countries)",2011,9762253898511
TEA,"East Asia & Pacific (IDA & IBRD countries)",2012,10891968824139
TEA,"East Asia & Pacific (IDA & IBRD countries)",2013,12032819510379
TEA,"East Asia & Pacific (IDA & IBRD countries)",2014,12988820106481
TEA,"East Asia & Pacific (IDA & IBRD countries)",2015,13532365705740
TEA,"East Asia & Pacific (IDA & IBRD countries)",2016,13827255558414
TEA,"East Asia & Pacific (IDA & IBRD countries)",2017,15097175319188
TEA,"East Asia & Pacific (IDA & IBRD countries)",2018,16881439039178
TEA,"East Asia & Pacific (IDA & IBRD countries)",2019,17481840638101
TEA,"East Asia & Pacific (IDA & IBRD countries)",2020,17783125335539
TEA,"East Asia & Pacific (IDA & IBRD countries)",2021,21205167482133
TEA,"East Asia & Pacific (IDA & IBRD countries)",2022,21537381722236
TEA,"East Asia & Pacific (IDA & IBRD countries)",2023,21618798469116
TEA,"East Asia & Pacific (IDA & IBRD countries)",2024,22221295178066
TEC,"Europe & Central Asia (IDA & IBRD countries)",1995,991386506668
TEC,"Europe & Central Asia (IDA & IBRD countries)",1996,1021246372671
TEC,"Europe & Central Asia (IDA & IBRD countries)",1997,1056346888860
TEC,"Europe & Central Asia (IDA & IBRD countries)",1998,949940635054
TEC,"Europe & Central Asia (IDA & IBRD countries)",1999,824136419160
TEC,"Europe & Central Asia (IDA & IBRD countries)",2000,896296644399
TEC,"Europe & Central Asia (IDA & IBRD countries)",2001,911685748933
TEC,"Europe & Central Asia (IDA & IBRD countries)",2002,1024837356678
TEC,"Europe & Central Asia (IDA & IBRD countries)",2003,1261025229728
TEC,"Europe & Central Asia (IDA & IBRD countries)",2004,1631386098917
TEC,"Europe & Central Asia (IDA & IBRD countries)",2005,2043000026365
TEC,"Europe & Central Asia (IDA & IBRD countries)",2006,2471291016359
TEC,"Europe & Central Asia (IDA & IBRD countries)",2007,3179151934107
TEC,"Europe & Central Asia (IDA & IBRD countries)",2008,3936202053333
TEC,"Europe & Central Asia (IDA & IBRD countries)",2009,3121840190454
TEC,"Europe & Central Asia (IDA & IBRD countries)",2010,3673616542654
TEC,"Europe & Central Asia (IDA & IBRD countries)",2011,4468439340114
TEC,"Europe & Central Asia (IDA & IBRD countries)",2012,4664191795997
TEC,"Europe & Central Asia (IDA & IBRD countries)",2013,4934304443297
TEC,"Europe & Central Asia (IDA & IBRD countries)",2014,4663476749068
TEC,"Europe & Central Asia (IDA & IBRD countries)",2015,3645031517122
TEC,"Europe & Central Asia (IDA & IBRD countries)",2016,3500968563902
TEC,"Europe & Central Asia (IDA & IBRD countries)",2017,3925651486138
TEC,"Europe & Central Asia (IDA & IBRD countries)",2018,4086887247276
TEC,"Europe & Central Asia (IDA & IBRD countries)",2019,4176304236875
TEC,"Europe & Central Asia (IDA & IBRD countries)",2020,3913694661148
TEC,"Europe & Central Asia (IDA & IBRD countries)",2021,4627341470532
TEC,"Europe & Central Asia (IDA & IBRD countries)",2022,5264957389634
TEC,"Europe & Central Asia (IDA & IBRD countries)",2023,5535571828711
TEC,"Europe & Central Asia (IDA & IBRD countries)",2024,6147416367409
TGO,"Togo",1995,1849110468
TGO,"Togo",1996,2069506014
TGO,"Togo",1997,2116818623
TGO,"Togo",1998,2241650112
TGO,"Togo",1999,2226577204
TGO,"Togo",2000,2106848752
TGO,"Togo",2001,2093498674
TGO,"Togo",2002,2410199032
TGO,"Togo",2003,2987984051
TGO,"Togo",2004,3191561509
TGO,"Togo",2005,3221910408
TGO,"Togo",2006,3320907722
TGO,"Togo",2007,3759962853
TGO,"Togo",2008,4578847113
TGO,"Togo",2009,4721888275
TGO,"Togo",2010,4746386893
TGO,"Togo",2011,5422439152
TGO,"Togo",2012,5413541649
TGO,"Togo",2013,6021729630
TGO,"Togo",2014,6393314708
TGO,"Togo",2015,5755457836
TGO,"Togo",2016,6071167584
TGO,"Togo",2017,6387424240
TGO,"Togo",2018,7029215766
TGO,"Togo",2019,6992942459
TGO,"Togo",2020,7486031562
TGO,"Togo",2021,8541668141
TGO,"Togo",2022,8646453099
TGO,"Togo",2023,9723300577
TGO,"Togo",2024,10643440332
THA,"Thailand",1995,169278916593
THA,"Thailand",1996,183035237429
THA,"Thailand",1997,150180456566
THA,"Thailand",1998,113675596788
THA,"Thailand",1999,126669211779
THA,"Thailand",2000,126392224254
THA,"Thailand",2001,120296476180
THA,"Thailand",2002,134300904400
THA,"Thailand",2003,152280615246
THA,"Thailand",2004,172895685155
THA,"Thailand",2005,189318408469
THA,"Thailand",2006,221758296022
THA,"Thailand",2007,262942621455
THA,"Thailand",2008,291382982431
THA,"Thailand",2009,281710630187
THA,"Thailand",2010,341104766329
THA,"Thailand",2011,370818739624
THA,"Thailand",2012,397558325279
THA,"Thailand",2013,420333654593
THA,"Thailand",2014,407339040198
THA,"Thailand",2015,401296238228
THA,"Thailand",2016,413366349748
THA,"Thailand",2017,456356813537
THA,"Thailand",2018,506754208404
THA,"Thailand",2019,543976691794
THA,"Thailand",2020,500274927779
THA,"Thailand",2021,506049783825
THA,"Thailand",2022,495691837308
THA,"Thailand",2023,517013369475
THA,"Thailand",2024,529385520942
TJK,"Tajikistan",1995,1231561860
TJK,"Tajikistan",1996,1043654822
TJK,"Tajikistan",1997,921518033
TJK,"Tajikistan",1998,1320199582
TJK,"Tajikistan",1999,1086612290
TJK,"Tajikistan",2000,860541842
TJK,"Tajikistan",2001,1080772551
TJK,"Tajikistan",2002,1221106220
TJK,"Tajikistan",2003,1555318261
TJK,"Tajikistan",2004,2076176869
TJK,"Tajikistan",2005,2312352021
TJK,"Tajikistan",2006,2830213849
TJK,"Tajikistan",2007,3719524541
TJK,"Tajikistan",2008,5161299725
TJK,"Tajikistan",2009,4979472364
TJK,"Tajikistan",2010,5642221099
TJK,"Tajikistan",2011,6522756255
TJK,"Tajikistan",2012,7633036903
TJK,"Tajikistan",2013,8448411318
TJK,"Tajikistan",2014,9112605459
TJK,"Tajikistan",2015,8271431485
TJK,"Tajikistan",2016,6992416097
TJK,"Tajikistan",2017,7536402853
TJK,"Tajikistan",2018,7764999999
TJK,"Tajikistan",2019,8300813599
TJK,"Tajikistan",2020,8133963551
TJK,"Tajikistan",2021,8937805347
TJK,"Tajikistan",2022,10713525200
TJK,"Tajikistan",2023,12244169293
TJK,"Tajikistan",2024,14425113700
TKM,"Turkmenistan",1995,2482228440
TKM,"Turkmenistan",1996,2378759975
TKM,"Turkmenistan",1997,2450350625
TKM,"Turkmenistan",1998,2605689134
TKM,"Turkmenistan",1999,2450564100
TKM,"Turkmenistan",2000,2904663311
TKM,"Turkmenistan",2001,3534772732
TKM,"Turkmenistan",2002,4462029109
TKM,"Turkmenistan",2003,5977440583
TKM,"Turkmenistan",2004,6838351088
TKM,"Turkmenistan",2005,8103901996
TKM,"Turkmenistan",2006,10276674365
TKM,"Turkmenistan",2007,12664165103
TKM,"Turkmenistan",2008,19271523179
TKM,"Turkmenistan",2009,20214385965
TKM,"Turkmenistan",2010,22583157895
TKM,"Turkmenistan",2011,29233333333
TKM,"Turkmenistan",2012,35164210526
TKM,"Turkmenistan",2013,39197543860
TKM,"Turkmenistan",2014,43524210526
TKM,"Turkmenistan",2015,35799714286
TKM,"Turkmenistan",2016,33313947368
TKM,"Turkmenistan",2017,33352261307
TKM,"Turkmenistan",2018,26036313869
TKM,"Turkmenistan",2019,29700000000
TKM,"Turkmenistan",2020,27350527268
TKM,"Turkmenistan",2021,26334182094
TKM,"Turkmenistan",2022,37583913148
TKM,"Turkmenistan",2023,39020211240
TKM,"Turkmenistan",2024,44249447717
TLA,"Latin America & the Caribbean (IDA & IBRD countries)",1995,1855934080188
TLA,"Latin America & the Caribbean (IDA & IBRD countries)",1996,2016321456860
TLA,"Latin America & the Caribbean (IDA & IBRD countries)",1997,2212066943070
TLA,"Latin America & the Caribbean (IDA & IBRD countries)",1998,2233346783882
TLA,"Latin America & the Caribbean (IDA & IBRD countries)",1999,2002746450824
TLA,"Latin America & the Caribbean (IDA & IBRD countries)",2000,2214459331302
TLA,"Latin America & the Caribbean (IDA & IBRD countries)",2001,2161359793667
TLA,"Latin America & the Caribbean (IDA & IBRD countries)",2002,1927322088503
TLA,"Latin America & the Caribbean (IDA & IBRD countries)",2003,1960517237957
TLA,"Latin America & the Caribbean (IDA & IBRD countries)",2004,2264876337799
TLA,"Latin America & the Caribbean (IDA & IBRD countries)",2005,2752003834144
TLA,"Latin America & the Caribbean (IDA & IBRD countries)",2006,3234927436484
TLA,"Latin America & the Caribbean (IDA & IBRD countries)",2007,3826960106952
TLA,"Latin America & the Caribbean (IDA & IBRD countries)",2008,4465814394726
TLA,"Latin America & the Caribbean (IDA & IBRD countries)",2009,4176789652249
TLA,"Latin America & the Caribbean (IDA & IBRD countries)",2010,5212372072821
TLA,"Latin America & the Caribbean (IDA & IBRD countries)",2011,5942123318729
TLA,"Latin America & the Caribbean (IDA & IBRD countries)",2012,5998234101785
TLA,"Latin America & the Caribbean (IDA & IBRD countries)",2013,6044199922527
TLA,"Latin America & the Caribbean (IDA & IBRD countries)",2014,6005472855929
TLA,"Latin America & the Caribbean (IDA & IBRD countries)",2015,5068412682234
TLA,"Latin America & the Caribbean (IDA & IBRD countries)",2016,4922127744501
TLA,"Latin America & the Caribbean (IDA & IBRD countries)",2017,5482938029715
TLA,"Latin America & the Caribbean (IDA & IBRD countries)",2018,5347169359023
TLA,"Latin America & the Caribbean (IDA & IBRD countries)",2019,5230913289242
TLA,"Latin America & the Caribbean (IDA & IBRD countries)",2020,4388400203663
TLA,"Latin America & the Caribbean (IDA & IBRD countries)",2021,5119629917734
TLA,"Latin America & the Caribbean (IDA & IBRD countries)",2022,5853946060777
TLA,"Latin America & the Caribbean (IDA & IBRD countries)",2023,6590712953369
TLA,"Latin America & the Caribbean (IDA & IBRD countries)",2024,6755669283864
TLS,"Timor-Leste",1995,262819900
TLS,"Timor-Leste",1996,306956900
TLS,"Timor-Leste",1997,319972700
TLS,"Timor-Leste",1998,325729800
TLS,"Timor-Leste",1999,225357600
TLS,"Timor-Leste",2000,366924300
TLS,"Timor-Leste",2001,477359300
TLS,"Timor-Leste",2002,469455500
TLS,"Timor-Leste",2003,490439100
TLS,"Timor-Leste",2004,440772000
TLS,"Timor-Leste",2005,462268000
TLS,"Timor-Leste",2006,453792400
TLS,"Timor-Leste",2007,542795400
TLS,"Timor-Leste",2008,648523600
TLS,"Timor-Leste",2009,726937800
TLS,"Timor-Leste",2010,881909300
TLS,"Timor-Leste",2011,1042534600
TLS,"Timor-Leste",2012,1160555000
TLS,"Timor-Leste",2013,1395727400
TLS,"Timor-Leste",2014,1447535200
TLS,"Timor-Leste",2015,1590282400
TLS,"Timor-Leste",2016,1640464600
TLS,"Timor-Leste",2017,1584878400
TLS,"Timor-Leste",2018,1555988600
TLS,"Timor-Leste",2019,2032550400
TLS,"Timor-Leste",2020,2162619200
TLS,"Timor-Leste",2021,3625024300
TLS,"Timor-Leste",2022,3208599900
TLS,"Timor-Leste",2023,2079767200
TLS,"Timor-Leste",2024,1865608515
TMN,"Middle East, North Africa, Afghanistan & Pakistan (IDA & IBRD)",1995,400070200954
TMN,"Middle East, North Africa, Afghanistan & Pakistan (IDA & IBRD)",1996,443484189036
TMN,"Middle East, North Africa, Afghanistan & Pakistan (IDA & IBRD)",1997,462008531499
TMN,"Middle East, North Africa, Afghanistan & Pakistan (IDA & IBRD)",1998,471749358012
TMN,"Middle East, North Africa, Afghanistan & Pakistan (IDA & IBRD)",1999,510969926889
TMN,"Middle East, North Africa, Afghanistan & Pakistan (IDA & IBRD)",2000,573241793311
TMN,"Middle East, North Africa, Afghanistan & Pakistan (IDA & IBRD)",2001,576251387941
TMN,"Middle East, North Africa, Afghanistan & Pakistan (IDA & IBRD)",2002,561473534318
TMN,"Middle East, North Africa, Afghanistan & Pakistan (IDA & IBRD)",2003,620751536901
TMN,"Middle East, North Africa, Afghanistan & Pakistan (IDA & IBRD)",2004,735137824020
TMN,"Middle East, North Africa, Afghanistan & Pakistan (IDA & IBRD)",2005,851999262326
TMN,"Middle East, North Africa, Afghanistan & Pakistan (IDA & IBRD)",2006,991120969796
TMN,"Middle East, North Africa, Afghanistan & Pakistan (IDA & IBRD)",2007,1204180789936
TMN,"Middle East, North Africa, Afghanistan & Pakistan (IDA & IBRD)",2008,1461831985235
TMN,"Middle East, North Africa, Afghanistan & Pakistan (IDA & IBRD)",2009,1413507353226
TMN,"Middle East, North Africa, Afghanistan & Pakistan (IDA & IBRD)",2010,1619446425063
TMN,"Middle East, North Africa, Afghanistan & Pakistan (IDA & IBRD)",2011,1897990854973
TMN,"Middle East, North Africa, Afghanistan & Pakistan (IDA & IBRD)",2012,2043902331998
TMN,"Middle East, North Africa, Afghanistan & Pakistan (IDA & IBRD)",2013,1920326937519
TMN,"Middle East, North Africa, Afghanistan & Pakistan (IDA & IBRD)",2014,1909482732973
TMN,"Middle East, North Africa, Afghanistan & Pakistan (IDA & IBRD)",2015,1770493985696
TMN,"Middle East, North Africa, Afghanistan & Pakistan (IDA & IBRD)",2016,1837515287942
TMN,"Middle East, North Africa, Afghanistan & Pakistan (IDA & IBRD)",2017,1866059717766
TMN,"Middle East, North Africa, Afghanistan & Pakistan (IDA & IBRD)",2018,1865663734176
TMN,"Middle East, North Africa, Afghanistan & Pakistan (IDA & IBRD)",2019,1821358044906
TMN,"Middle East, North Africa, Afghanistan & Pakistan (IDA & IBRD)",2020,1657114965965
TMN,"Middle East, North Africa, Afghanistan & Pakistan (IDA & IBRD)",2021,1926549742702
TMN,"Middle East, North Africa, Afghanistan & Pakistan (IDA & IBRD)",2022,2146516410516
TMN,"Middle East, North Africa, Afghanistan & Pakistan (IDA & IBRD)",2023,2075559724252
TMN,"Middle East, North Africa, Afghanistan & Pakistan (IDA & IBRD)",2024,2181664562519
TON,"Tonga",1995,208871666
TON,"Tonga",1996,222100576
TON,"Tonga",1997,214991452
TON,"Tonga",1998,191504893
TON,"Tonga",1999,199208718
TON,"Tonga",2000,204848488
TON,"Tonga",2001,181117230
TON,"Tonga",2002,182764281
TON,"Tonga",2003,202246591
TON,"Tonga",2004,230678011
TON,"Tonga",2005,261823805
TON,"Tonga",2006,292232703
TON,"Tonga",2007,298519623
TON,"Tonga",2008,344438844
TON,"Tonga",2009,312415028
TON,"Tonga",2010,366887375
TON,"Tonga",2011,414143828
TON,"Tonga",2012,471122971
TON,"Tonga",2013,451788498
TON,"Tonga",2014,440997735
TON,"Tonga",2015,437525539
TON,"Tonga",2016,420828255
TON,"Tonga",2017,459976847
TON,"Tonga",2018,493530767
TON,"Tonga",2019,506031248
TON,"Tonga",2020,506571487
TON,"Tonga",2021,519306339
TON,"Tonga",2022,556514556
TON,"Tonga",2023,591139734
TON,"Tonga",2024,647488244
TSA,"South Asia (IDA & IBRD)",1995,416341940330
TSA,"South Asia (IDA & IBRD)",1996,458508459742
TSA,"South Asia (IDA & IBRD)",1997,484982931206
TSA,"South Asia (IDA & IBRD)",1998,492856423475
TSA,"South Asia (IDA & IBRD)",1999,531825749350
TSA,"South Asia (IDA & IBRD)",2000,544940514563
TSA,"South Asia (IDA & IBRD)",2001,562554379798
TSA,"South Asia (IDA & IBRD)",2002,593707009777
TSA,"South Asia (IDA & IBRD)",2003,694775911444
TSA,"South Asia (IDA & IBRD)",2004,804159915390
TSA,"South Asia (IDA & IBRD)",2005,924419567611
TSA,"South Asia (IDA & IBRD)",2006,1051884831127
TSA,"South Asia (IDA & IBRD)",2007,1342148092012
TSA,"South Asia (IDA & IBRD)",2008,1347380565219
TSA,"South Asia (IDA & IBRD)",2009,1502961023416
TSA,"South Asia (IDA & IBRD)",2010,1869826822337
TSA,"South Asia (IDA & IBRD)",2011,2045738549407
TSA,"South Asia (IDA & IBRD)",2012,2057958207008
TSA,"South Asia (IDA & IBRD)",2013,2111097580244
TSA,"South Asia (IDA & IBRD)",2014,2323062261802
TSA,"South Asia (IDA & IBRD)",2015,2414503392328
TSA,"South Asia (IDA & IBRD)",2016,2679313169084
TSA,"South Asia (IDA & IBRD)",2017,3075955433026
TSA,"South Asia (IDA & IBRD)",2018,3159841615195
TSA,"South Asia (IDA & IBRD)",2019,3318484576409
TSA,"South Asia (IDA & IBRD)",2020,3172770463540
TSA,"South Asia (IDA & IBRD)",2021,3717045071948
TSA,"South Asia (IDA & IBRD)",2022,3834471492016
TSA,"South Asia (IDA & IBRD)",2023,4073084906363
TSA,"South Asia (IDA & IBRD)",2024,4364256137661
TSS,"Sub-Saharan Africa (IDA & IBRD countries)",1995,481079007261
TSS,"Sub-Saharan Africa (IDA & IBRD countries)",1996,537530179194
TSS,"Sub-Saharan Africa (IDA & IBRD countries)",1997,565282993319
TSS,"Sub-Saharan Africa (IDA & IBRD countries)",1998,566816310317
TSS,"Sub-Saharan Africa (IDA & IBRD countries)",1999,404651982255
TSS,"Sub-Saharan Africa (IDA & IBRD countries)",2000,428788727164
TSS,"Sub-Saharan Africa (IDA & IBRD countries)",2001,410936482186
TSS,"Sub-Saharan Africa (IDA & IBRD countries)",2002,449501126212
TSS,"Sub-Saharan Africa (IDA & IBRD countries)",2003,565920228913
TSS,"Sub-Saharan Africa (IDA & IBRD countries)",2004,702843567490
TSS,"Sub-Saharan Africa (IDA & IBRD countries)",2005,836994144673
TSS,"Sub-Saharan Africa (IDA & IBRD countries)",2006,988827706638
TSS,"Sub-Saharan Africa (IDA & IBRD countries)",2007,1145187476949
TSS,"Sub-Saharan Africa (IDA & IBRD countries)",2008,1300970976245
TSS,"Sub-Saharan Africa (IDA & IBRD countries)",2009,1241887642937
TSS,"Sub-Saharan Africa (IDA & IBRD countries)",2010,1469543958178
TSS,"Sub-Saharan Africa (IDA & IBRD countries)",2011,1650873639675
TSS,"Sub-Saharan Africa (IDA & IBRD countries)",2012,1717201201151
TSS,"Sub-Saharan Africa (IDA & IBRD countries)",2013,1825391175424
TSS,"Sub-Saharan Africa (IDA & IBRD countries)",2014,1902822047308
TSS,"Sub-Saharan Africa (IDA & IBRD countries)",2015,1687942836834
TSS,"Sub-Saharan Africa (IDA & IBRD countries)",2016,1532640901656
TSS,"Sub-Saharan Africa (IDA & IBRD countries)",2017,1673446999208
TSS,"Sub-Saharan Africa (IDA & IBRD countries)",2018,1799777413644
TSS,"Sub-Saharan Africa (IDA & IBRD countries)",2019,2045881962740
TSS,"Sub-Saharan Africa (IDA & IBRD countries)",2020,1902234301367
TSS,"Sub-Saharan Africa (IDA & IBRD countries)",2021,2139729978110
TSS,"Sub-Saharan Africa (IDA & IBRD countries)",2022,2290209566620
TSS,"Sub-Saharan Africa (IDA & IBRD countries)",2023,2117602210170
TSS,"Sub-Saharan Africa (IDA & IBRD countries)",2024,1989931102035
TTO,"Trinidad and Tobago",1995,5329217747
TTO,"Trinidad and Tobago",1996,5759570336
TTO,"Trinidad and Tobago",1997,5737771523
TTO,"Trinidad and Tobago",1998,6043686654
TTO,"Trinidad and Tobago",1999,6808982521
TTO,"Trinidad and Tobago",2000,8154342116
TTO,"Trinidad and Tobago",2001,8824849191
TTO,"Trinidad and Tobago",2002,9008298229
TTO,"Trinidad and Tobago",2003,11305459802
TTO,"Trinidad and Tobago",2004,13280291990
TTO,"Trinidad and Tobago",2005,15982389018
TTO,"Trinidad and Tobago",2006,18369361094
TTO,"Trinidad and Tobago",2007,21641620050
TTO,"Trinidad and Tobago",2008,27871587350
TTO,"Trinidad and Tobago",2009,19172165226
TTO,"Trinidad and Tobago",2010,22157920592
TTO,"Trinidad and Tobago",2011,25433007437
TTO,"Trinidad and Tobago",2012,27147349937
TTO,"Trinidad and Tobago",2013,28560537057
TTO,"Trinidad and Tobago",2014,29474180005
TTO,"Trinidad and Tobago",2015,26841141793
TTO,"Trinidad and Tobago",2016,23624322193
TTO,"Trinidad and Tobago",2017,23830750901
TTO,"Trinidad and Tobago",2018,23883058083
TTO,"Trinidad and Tobago",2019,23477745792
TTO,"Trinidad and Tobago",2020,20888515184
TTO,"Trinidad and Tobago",2021,24222963263
TTO,"Trinidad and Tobago",2022,28341164301
TTO,"Trinidad and Tobago",2023,25036993423
TTO,"Trinidad and Tobago",2024,25633544529
TUN,"Tunisia",1995,18030876599
TUN,"Tunisia",1996,19587161807
TUN,"Tunisia",1997,20746210354
TUN,"Tunisia",1998,21802893587
TUN,"Tunisia",1999,22943202175
TUN,"Tunisia",2000,21473528161
TUN,"Tunisia",2001,22065832449
TUN,"Tunisia",2002,23141616605
TUN,"Tunisia",2003,27453902261
TUN,"Tunisia",2004,31183885241
TUN,"Tunisia",2005,32272186695
TUN,"Tunisia",2006,34376664601
TUN,"Tunisia",2007,38915353867
TUN,"Tunisia",2008,44859439902
TUN,"Tunisia",2009,43455740497
TUN,"Tunisia",2010,46206091938
TUN,"Tunisia",2011,48123325825
TUN,"Tunisia",2012,47311401813
TUN,"Tunisia",2013,48685446414
TUN,"Tunisia",2014,50271812921
TUN,"Tunisia",2015,45779494042
TUN,"Tunisia",2016,44360072680
TUN,"Tunisia",2017,42163530591
TUN,"Tunisia",2018,42686504460
TUN,"Tunisia",2019,41905642419
TUN,"Tunisia",2020,42491780918
TUN,"Tunisia",2021,47073234359
TUN,"Tunisia",2022,44929920093
TUN,"Tunisia",2023,48205328303
TUN,"Tunisia",2024,51412122480
TUR,"Turkiye",1995,234699627004
TUR,"Turkiye",1996,250366965174
TUR,"Turkiye",1997,263817553748
TUR,"Turkiye",1998,276035372655
TUR,"Turkiye",1999,256673939248
TUR,"Turkiye",2000,274748463179
TUR,"Turkiye",2001,202195080239
TUR,"Turkiye",2002,240778008474
TUR,"Turkiye",2003,315392899922
TUR,"Turkiye",2004,410156784496
TUR,"Turkiye",2005,508314210213
TUR,"Turkiye",2006,559668118237
TUR,"Turkiye",2007,685228481017
TUR,"Turkiye",2008,775415944333
TUR,"Turkiye",2009,653894449921
TUR,"Turkiye",2010,782545664268
TUR,"Turkiye",2011,844192507381
TUR,"Turkiye",2012,885327622479
TUR,"Turkiye",2013,962167643589
TUR,"Turkiye",2014,942343431929
TUR,"Turkiye",2015,865460050684
TUR,"Turkiye",2016,870818016910
TUR,"Turkiye",2017,863874522365
TUR,"Turkiye",2018,788356985774
TUR,"Turkiye",2019,775853144223
TUR,"Turkiye",2020,733628247119
TUR,"Turkiye",2021,839938668172
TUR,"Turkiye",2022,926097476914
TUR,"Turkiye",2023,1141242864657
TUR,"Turkiye",2024,1359123768774
TUV,"Tuvalu",1995,11922614
TUV,"Tuvalu",1996,13338597
TUV,"Tuvalu",1997,13734210
TUV,"Tuvalu",1998,13795146
TUV,"Tuvalu",1999,14800503
TUV,"Tuvalu",2000,14881203
TUV,"Tuvalu",2001,14139705
TUV,"Tuvalu",2002,16639800
TUV,"Tuvalu",2003,19584880
TUV,"Tuvalu",2004,22878878
TUV,"Tuvalu",2005,22846519
TUV,"Tuvalu",2006,24274966
TUV,"Tuvalu",2007,28547820
TUV,"Tuvalu",2008,31602915
TUV,"Tuvalu",2009,27851666
TUV,"Tuvalu",2010,32425362
TUV,"Tuvalu",2011,39665361
TUV,"Tuvalu",2012,38912985
TUV,"Tuvalu",2013,38767555
TUV,"Tuvalu",2014,38643167
TUV,"Tuvalu",2015,36755291
TUV,"Tuvalu",2016,41306142
TUV,"Tuvalu",2017,45288858
TUV,"Tuvalu",2018,48026990
TUV,"Tuvalu",2019,53527720
TUV,"Tuvalu",2020,52302515
TUV,"Tuvalu",2021,61597447
TUV,"Tuvalu",2022,54104146
TUV,"Tuvalu",2023,50491931
TUV,"Tuvalu",2024,56752266
TZA,"Tanzania",1995,7631431840
TZA,"Tanzania",1996,9433528150
TZA,"Tanzania",1997,11158197942
TZA,"Tanzania",1998,12172790056
TZA,"Tanzania",1999,12704334196
TZA,"Tanzania",2000,13371767082
TZA,"Tanzania",2001,13563990022
TZA,"Tanzania",2002,14129651896
TZA,"Tanzania",2003,15211487709
TZA,"Tanzania",2004,16673062473
TZA,"Tanzania",2005,18395383647
TZA,"Tanzania",2006,18619859795
TZA,"Tanzania",2007,21860434823
TZA,"Tanzania",2008,27947821398
TZA,"Tanzania",2009,29400573554
TZA,"Tanzania",2010,32012892919
TZA,"Tanzania",2011,34657140096
TZA,"Tanzania",2012,39650394363
TZA,"Tanzania",2013,45648857242
TZA,"Tanzania",2014,49986726461
TZA,"Tanzania",2015,47413919817
TZA,"Tanzania",2016,49774409374
TZA,"Tanzania",2017,53274884533
TZA,"Tanzania",2018,57003712892
TZA,"Tanzania",2019,61026731926
TZA,"Tanzania",2020,66068737786
TZA,"Tanzania",2021,70655628148
TZA,"Tanzania",2022,75749121847
TZA,"Tanzania",2023,79030935638
TZA,"Tanzania",2024,79235713445
UGA,"Uganda",1995,5755818842
UGA,"Uganda",1996,6044585327
UGA,"Uganda",1997,6269333313
UGA,"Uganda",1998,6584815847
UGA,"Uganda",1999,5998563258
UGA,"Uganda",2000,6193246837
UGA,"Uganda",2001,5840503869
UGA,"Uganda",2002,6178563591
UGA,"Uganda",2003,6606884275
UGA,"Uganda",2004,7939487548
UGA,"Uganda",2005,9239221763
UGA,"Uganda",2006,9977647683
UGA,"Uganda",2007,11902564495
UGA,"Uganda",2008,14440404132
UGA,"Uganda",2009,25127805567
UGA,"Uganda",2010,26673441431
UGA,"Uganda",2011,27871725241
UGA,"Uganda",2012,27305915911
UGA,"Uganda",2013,28915786517
UGA,"Uganda",2014,32612397257
UGA,"Uganda",2015,32387183730
UGA,"Uganda",2016,29203988696
UGA,"Uganda",2017,30744473841
UGA,"Uganda",2018,32927025620
UGA,"Uganda",2019,35353061003
UGA,"Uganda",2020,37600368242
UGA,"Uganda",2021,40529788749
UGA,"Uganda",2022,45565333211
UGA,"Uganda",2023,48768955863
UGA,"Uganda",2024,53911907079
UKR,"Ukraine",1995,48213856469
UKR,"Ukraine",1996,44558831005
UKR,"Ukraine",1997,50151531592
UKR,"Ukraine",1998,41882523345
UKR,"Ukraine",1999,31580639554
UKR,"Ukraine",2000,32375083935
UKR,"Ukraine",2001,39309580983
UKR,"Ukraine",2002,43956163612
UKR,"Ukraine",2003,52010355753
UKR,"Ukraine",2004,67220154164
UKR,"Ukraine",2005,89238865119
UKR,"Ukraine",2006,111884752475
UKR,"Ukraine",2007,148733861386
UKR,"Ukraine",2008,188110390660
UKR,"Ukraine",2009,121552153444
UKR,"Ukraine",2010,141209170427
UKR,"Ukraine",2011,169333835202
UKR,"Ukraine",2012,182591753828
UKR,"Ukraine",2013,190498811460
UKR,"Ukraine",2014,133503871862
UKR,"Ukraine",2015,91030967789
UKR,"Ukraine",2016,93355869404
UKR,"Ukraine",2017,112090505082
UKR,"Ukraine",2018,130891088294
UKR,"Ukraine",2019,153883047510
UKR,"Ukraine",2020,156617722013
UKR,"Ukraine",2021,199765859571
UKR,"Ukraine",2022,161989520721
UKR,"Ukraine",2023,181221517869
UKR,"Ukraine",2024,190833835445
URY,"Uruguay",1995,19297663097
URY,"Uruguay",1996,20515458114
URY,"Uruguay",1997,23969739234
URY,"Uruguay",1998,25385886978
URY,"Uruguay",1999,23983945191
URY,"Uruguay",2000,22823270892
URY,"Uruguay",2001,20898761742
URY,"Uruguay",2002,13606515723
URY,"Uruguay",2003,12045638352
URY,"Uruguay",2004,13686329890
URY,"Uruguay",2005,17362857684
URY,"Uruguay",2006,19741420740
URY,"Uruguay",2007,23797773024
URY,"Uruguay",2008,31119602539
URY,"Uruguay",2009,32708319078
URY,"Uruguay",2010,41950361212
URY,"Uruguay",2011,50342406067
URY,"Uruguay",2012,54232266359
URY,"Uruguay",2013,61337621934
URY,"Uruguay",2014,61496186974
URY,"Uruguay",2015,57680327999
URY,"Uruguay",2016,57480787465
URY,"Uruguay",2017,65006039810
URY,"Uruguay",2018,65344577416
URY,"Uruguay",2019,62222324965
URY,"Uruguay",2020,53559354501
URY,"Uruguay",2021,60739061281
URY,"Uruguay",2022,71240669088
URY,"Uruguay",2023,79208725900
URY,"Uruguay",2024,82322859144
USA,"United States",1995,7639749000000
USA,"United States",1996,8073122000000
USA,"United States",1997,8577552000000
USA,"United States",1998,9062817000000
USA,"United States",1999,9631172000000
USA,"United States",2000,10250952000000
USA,"United States",2001,10581929000000
USA,"United States",2002,10929108000000
USA,"United States",2003,11456450000000
USA,"United States",2004,12217196000000
USA,"United States",2005,13039197000000
USA,"United States",2006,13815583000000
USA,"United States",2007,14474228000000
USA,"United States",2008,14769862000000
USA,"United States",2009,14478067000000
USA,"United States",2010,15048971000000
USA,"United States",2011,15599732000000
USA,"United States",2012,16253970000000
USA,"United States",2013,16880683000000
USA,"United States",2014,17608138000000
USA,"United States",2015,18295019000000
USA,"United States",2016,18804913000000
USA,"United States",2017,19612102000000
USA,"United States",2018,20656516000000
USA,"United States",2019,21539982000000
USA,"United States",2020,21375281000000
USA,"United States",2021,23725645000000
USA,"United States",2022,26054614000000
USA,"United States",2023,27811517000000
USA,"United States",2024,29298013000000
UZB,"Uzbekistan",1995,13350461265
UZB,"Uzbekistan",1996,13948892216
UZB,"Uzbekistan",1997,14744603774
UZB,"Uzbekistan",1998,14988971211
UZB,"Uzbekistan",1999,17078465982
UZB,"Uzbekistan",2000,13760513969
UZB,"Uzbekistan",2001,11401421329
UZB,"Uzbekistan",2002,9687788513
UZB,"Uzbekistan",2003,10134453435
UZB,"Uzbekistan",2004,12030023548
UZB,"Uzbekistan",2005,14307509839
UZB,"Uzbekistan",2006,17330833853
UZB,"Uzbekistan",2007,22311393928
UZB,"Uzbekistan",2008,29549438884
UZB,"Uzbekistan",2009,33689223673
UZB,"Uzbekistan",2010,55544226553
UZB,"Uzbekistan",2011,67404618405
UZB,"Uzbekistan",2012,75318846931
UZB,"Uzbekistan",2013,82674178352
UZB,"Uzbekistan",2014,91303765114
UZB,"Uzbekistan",2015,97564568987
UZB,"Uzbekistan",2016,97871364319
UZB,"Uzbekistan",2017,72276404058
UZB,"Uzbekistan",2018,61318332403
UZB,"Uzbekistan",2019,70170662563
UZB,"Uzbekistan",2020,70127127133
UZB,"Uzbekistan",2021,81170051811
UZB,"Uzbekistan",2022,94286355836
UZB,"Uzbekistan",2023,107526539716
UZB,"Uzbekistan",2024,121356065241
VCT,"St. Vincent and the Grenadines",1995,316007407
VCT,"St. Vincent and the Grenadines",1996,331488889
VCT,"St. Vincent and the Grenadines",1997,347770370
VCT,"St. Vincent and the Grenadines",1998,373618519
VCT,"St. Vincent and the Grenadines",1999,390718519
VCT,"St. Vincent and the Grenadines",2000,427946037
VCT,"St. Vincent and the Grenadines",2001,462072333
VCT,"St. Vincent and the Grenadines",2002,487763852
VCT,"St. Vincent and the Grenadines",2003,509090889
VCT,"St. Vincent and the Grenadines",2004,549900185
VCT,"St. Vincent and the Grenadines",2005,579948926
VCT,"St. Vincent and the Grenadines",2006,643501148
VCT,"St. Vincent and the Grenadines",2007,713596667
VCT,"St. Vincent and the Grenadines",2008,732663259
VCT,"St. Vincent and the Grenadines",2009,714300259
VCT,"St. Vincent and the Grenadines",2010,720447889
VCT,"St. Vincent and the Grenadines",2011,713796370
VCT,"St. Vincent and the Grenadines",2012,730032593
VCT,"St. Vincent and the Grenadines",2013,764781259
VCT,"St. Vincent and the Grenadines",2014,770900000
VCT,"St. Vincent and the Grenadines",2015,786555556
VCT,"St. Vincent and the Grenadines",2016,814303704
VCT,"St. Vincent and the Grenadines",2017,844040741
VCT,"St. Vincent and the Grenadines",2018,884329630
VCT,"St. Vincent and the Grenadines",2019,910481481
VCT,"St. Vincent and the Grenadines",2020,864566667
VCT,"St. Vincent and the Grenadines",2021,888677778
VCT,"St. Vincent and the Grenadines",2022,989188889
VCT,"St. Vincent and the Grenadines",2023,1072237037
VCT,"St. Vincent and the Grenadines",2024,1157207407
VEN,"Venezuela, RB",1995,77389487770
VEN,"Venezuela, RB",1996,70543211119
VEN,"Venezuela, RB",1997,85837678560
VEN,"Venezuela, RB",1998,91336763255
VEN,"Venezuela, RB",1999,97972842462
VEN,"Venezuela, RB",2000,117146466003
VEN,"Venezuela, RB",2001,122911036747
VEN,"Venezuela, RB",2002,92893587734
VEN,"Venezuela, RB",2003,83620628582
VEN,"Venezuela, RB",2004,112451400425
VEN,"Venezuela, RB",2005,145513489652
VEN,"Venezuela, RB",2006,183477522124
VEN,"Venezuela, RB",2007,230364012576
VEN,"Venezuela, RB",2008,315953388511
VEN,"Venezuela, RB",2009,329787628928
VEN,"Venezuela, RB",2010,393192354511
VEN,"Venezuela, RB",2011,316482190800
VEN,"Venezuela, RB",2012,371846610182
VEN,"Venezuela, RB",2013,258512396298
VEN,"Venezuela, RB",2014,214838755022
VEN,"Venezuela, RB",2015,125249941854
VEN,"Venezuela, RB",2016,112948035495
VEN,"Venezuela, RB",2017,115892475743
VEN,"Venezuela, RB",2018,101987075929
VEN,"Venezuela, RB",2019,73014157108
VEN,"Venezuela, RB",2020,42837965907
VEN,"Venezuela, RB",2021,56615026263
VEN,"Venezuela, RB",2022,89013251021
VEN,"Venezuela, RB",2023,102377501186
VEN,"Venezuela, RB",2024,120566112397
VIR,"Virgin Islands (U.S.)",2002,3262000000
VIR,"Virgin Islands (U.S.)",2003,3443000000
VIR,"Virgin Islands (U.S.)",2004,3797000000
VIR,"Virgin Islands (U.S.)",2005,4428000000
VIR,"Virgin Islands (U.S.)",2006,4484000000
VIR,"Virgin Islands (U.S.)",2007,4784000000
VIR,"Virgin Islands (U.S.)",2008,4244000000
VIR,"Virgin Islands (U.S.)",2009,4201000000
VIR,"Virgin Islands (U.S.)",2010,4324000000
VIR,"Virgin Islands (U.S.)",2011,4223000000
VIR,"Virgin Islands (U.S.)",2012,4089000000
VIR,"Virgin Islands (U.S.)",2013,3738000000
VIR,"Virgin Islands (U.S.)",2014,3565000000
VIR,"Virgin Islands (U.S.)",2015,3663000000
VIR,"Virgin Islands (U.S.)",2016,3798000000
VIR,"Virgin Islands (U.S.)",2017,3794000000
VIR,"Virgin Islands (U.S.)",2018,3923000000
VIR,"Virgin Islands (U.S.)",2019,4121000000
VIR,"Virgin Islands (U.S.)",2020,4229000000
VIR,"Virgin Islands (U.S.)",2021,4507000000
VIR,"Virgin Islands (U.S.)",2022,4672000000
VNM,"Viet Nam",1995,20736164459
VNM,"Viet Nam",1996,24657470575
VNM,"Viet Nam",1997,26843700442
VNM,"Viet Nam",1998,27209602050
VNM,"Viet Nam",1999,28683659007
VNM,"Viet Nam",2000,31172518403
VNM,"Viet Nam",2001,32685198809
VNM,"Viet Nam",2002,35064105501
VNM,"Viet Nam",2003,39552513232
VNM,"Viet Nam",2004,45427854693
VNM,"Viet Nam",2005,57633255738
VNM,"Viet Nam",2006,66371664817
VNM,"Viet Nam",2007,77414425532
VNM,"Viet Nam",2008,99130304099
VNM,"Viet Nam",2009,106014659565
VNM,"Viet Nam",2010,147201173197
VNM,"Viet Nam",2011,172595049184
VNM,"Viet Nam",2012,195590661129
VNM,"Viet Nam",2013,213708811665
VNM,"Viet Nam",2014,233451469643
VNM,"Viet Nam",2015,239258328382
VNM,"Viet Nam",2016,257096001178
VNM,"Viet Nam",2017,281353605987
VNM,"Viet Nam",2018,310106478395
VNM,"Viet Nam",2019,334365270497
VNM,"Viet Nam",2020,346615738538
VNM,"Viet Nam",2021,366474752771
VNM,"Viet Nam",2022,413445230669
VNM,"Viet Nam",2023,433805036898
VNM,"Viet Nam",2024,476324572784
VUT,"Vanuatu",1995,249333250
VUT,"Vanuatu",1996,261370044
VUT,"Vanuatu",1997,272771209
VUT,"Vanuatu",1998,262293411
VUT,"Vanuatu",1999,268006973
VUT,"Vanuatu",2000,272014628
VUT,"Vanuatu",2001,257926882
VUT,"Vanuatu",2002,262596536
VUT,"Vanuatu",2003,314471413
VUT,"Vanuatu",2004,364996869
VUT,"Vanuatu",2005,394962433
VUT,"Vanuatu",2006,439358587
VUT,"Vanuatu",2007,516392923
VUT,"Vanuatu",2008,590748429
VUT,"Vanuatu",2009,592622319
VUT,"Vanuatu",2010,670712980
VUT,"Vanuatu",2011,770153588
VUT,"Vanuatu",2012,747839698
VUT,"Vanuatu",2013,863347172
VUT,"Vanuatu",2014,879185478
VUT,"Vanuatu",2015,855360240
VUT,"Vanuatu",2016,908725513
VUT,"Vanuatu",2017,998536155
VUT,"Vanuatu",2018,1034402941
VUT,"Vanuatu",2019,1061547513
VUT,"Vanuatu",2020,1017403363
VUT,"Vanuatu",2021,1093826089
VUT,"Vanuatu",2022,1151863790
VUT,"Vanuatu",2023,1188137265
VUT,"Vanuatu",2024,1297956615
WLD,"World",1995,31338014339198
WLD,"World",1996,32064860700885
WLD,"World",1997,31954804098165
WLD,"World",1998,31780795899557
WLD,"World",1999,32829035976968
WLD,"World",2000,33965806441912
WLD,"World",2001,33747838963540
WLD,"World",2002,35048255697763
WLD,"World",2003,39288473726074
WLD,"World",2004,44264898214305
WLD,"World",2005,47938461749089
WLD,"World",2006,51965655998564
WLD,"World",2007,58574302755951
WLD,"World",2008,64378551514749
WLD,"World",2009,61049315651690
WLD,"World",2010,66893676131663
WLD,"World",2011,74388644404622
WLD,"World",2012,76055253368045
WLD,"World",2013,78171001460419
WLD,"World",2014,80243543597079
WLD,"World",2015,75839351828606
WLD,"World",2016,77084966373474
WLD,"World",2017,82110104984460
WLD,"World",2018,87310840056718
WLD,"World",2019,88796498078978
WLD,"World",2020,86388502867289
WLD,"World",2021,98780038374127
WLD,"World",2022,102862471365575
WLD,"World",2023,107348614073350
WLD,"World",2024,111669432109121
WSM,"Samoa",1995,224865731
WSM,"Samoa",1996,249907869
WSM,"Samoa",1997,285475592
WSM,"Samoa",1998,269485244
WSM,"Samoa",1999,255408060
WSM,"Samoa",2000,258856140
WSM,"Samoa",2001,266299591
WSM,"Samoa",2002,281790134
WSM,"Samoa",2003,333426188
WSM,"Samoa",2004,407747565
WSM,"Samoa",2005,476801793
WSM,"Samoa",2006,499923758
WSM,"Samoa",2007,573548460
WSM,"Samoa",2008,641346192
WSM,"Samoa",2009,628006115
WSM,"Samoa",2010,680260907
WSM,"Samoa",2011,744097050
WSM,"Samoa",2012,773141661
WSM,"Samoa",2013,797736334
WSM,"Samoa",2014,796683520
WSM,"Samoa",2015,824150499
WSM,"Samoa",2016,843924797
WSM,"Samoa",2017,884844384
WSM,"Samoa",2018,878448433
WSM,"Samoa",2019,912950466
WSM,"Samoa",2020,868884903
WSM,"Samoa",2021,859724936
WSM,"Samoa",2022,889554712
WSM,"Samoa",2023,1044909500
WSM,"Samoa",2024,1175749786
XD,"High income",1995,26567418298132
XD,"High income",1996,26785161174426
XD,"High income",1997,26340216405261
XD,"High income",1998,26260273154078
XD,"High income",1999,27503045905190
XD,"High income",2000,28162974031506
XD,"High income",2001,27928896371817
XD,"High income",2002,29144343172969
XD,"High income",2003,32698820544966
XD,"High income",2004,36519104666599
XD,"High income",2005,38777915773379
XD,"High income",2006,41167629825978
XD,"High income",2007,45307766399565
XD,"High income",2008,48575377625136
XD,"High income",2009,45185733854676
XD,"High income",2010,47610738714068
XD,"High income",2011,51830653433932
XD,"High income",2012,52028174318125
XD,"High income",2013,52790662359056
XD,"High income",2014,53724417584286
XD,"High income",2015,50179969310921
XD,"High income",2016,51167643745037
XD,"High income",2017,53791631491481
XD,"High income",2018,57187415577395
XD,"High income",2019,57773149281724
XD,"High income",2020,56371361601600
XD,"High income",2021,63391298085503
XD,"High income",2022,65786278258966
XD,"High income",2023,69198099195981
XD,"High income",2024,72182761740089
XKX,"Kosovo",2008,5202943075
XKX,"Kosovo",2009,5035779642
XKX,"Kosovo",2010,5343950626
XKX,"Kosovo",2011,6341614505
XKX,"Kosovo",2012,6163483291
XKX,"Kosovo",2013,6735327512
XKX,"Kosovo",2014,7074392884
XKX,"Kosovo",2015,6295845465
XKX,"Kosovo",2016,6682674063
XKX,"Kosovo",2017,7180768692
XKX,"Kosovo",2018,7878762812
XKX,"Kosovo",2019,7899204691
XKX,"Kosovo",2020,7734497456
XKX,"Kosovo",2021,9412099545
XKX,"Kosovo",2022,9367633203
XKX,"Kosovo",2023,10466753840
XKX,"Kosovo",2024,11203038332
XM,"Low income",1995,94452790503
XM,"Low income",1996,91310974727
XM,"Low income",1997,97274657553
XM,"Low income",1998,98416782769
XM,"Low income",1999,98986835504
XM,"Low income",2000,122203639630
XM,"Low income",2001,115323086245
XM,"Low income",2002,127077820422
XM,"Low income",2003,141515501992
XM,"Low income",2004,165698854253
XM,"Low income",2005,201372545813
XM,"Low income",2006,235083355834
XM,"Low income",2007,286238241796
XM,"Low income",2008,345469916683
XM,"Low income",2009,340799376714
XM,"Low income",2010,378234341639
XM,"Low income",2011,408858086328
XM,"Low income",2012,387925022036
XM,"Low income",2013,399956089212
XM,"Low income",2014,427247749547
XM,"Low income",2015,417830631224
XM,"Low income",2016,380272235826
XM,"Low income",2017,397551358032
XM,"Low income",2018,419119394354
XM,"Low income",2019,437739709829
XM,"Low income",2020,432817676606
XM,"Low income",2021,478460336870
XM,"Low income",2022,551297424576
XM,"Low income",2023,556751023235
XM,"Low income",2024,604073322373
XN,"Lower middle income",1995,953925113710
XN,"Lower middle income",1996,1071405880809
XN,"Lower middle income",1997,1139706610045
XN,"Lower middle income",1998,1188551537539
XN,"Lower middle income",1999,1087669057163
XN,"Lower middle income",2000,1168026472636
XN,"Lower middle income",2001,1189234070721
XN,"Lower middle income",2002,1218227151796
XN,"Lower middle income",2003,1371240293091
XN,"Lower middle income",2004,1601536204477
XN,"Lower middle income",2005,1857675291025
XN,"Lower middle income",2006,2188218204062
XN,"Lower middle income",2007,2690340761555
XN,"Lower middle income",2008,3006800915389
XN,"Lower middle income",2009,3146680477433
XN,"Lower middle income",2010,3765319017000
XN,"Lower middle income",2011,4069210235190
XN,"Lower middle income",2012,4311221048678
XN,"Lower middle income",2013,4407901770082
XN,"Lower middle income",2014,4703810033139
XN,"Lower middle income",2015,4583309433435
XN,"Lower middle income",2016,4746990113058
XN,"Lower middle income",2017,5150492310090
XN,"Lower middle income",2018,5340385058604
XN,"Lower middle income",2019,5765837056239
XN,"Lower middle income",2020,5514802410559
XN,"Lower middle income",2021,6296557254947
XN,"Lower middle income",2022,6650563380807
XN,"Lower middle income",2023,6657563548498
XN,"Lower middle income",2024,6844419877131
XT,"Upper middle income",1995,3715826421204
XT,"Upper middle income",1996,4109725004124
XT,"Upper middle income",1997,4370993512298
XT,"Upper middle income",1998,4227162980183
XT,"Upper middle income",1999,4132511001157
XT,"Upper middle income",2000,4507754295878
XT,"Upper middle income",2001,4509040189336
XT,"Upper middle income",2002,4553680056521
XT,"Upper middle income",2003,5071283063645
XT,"Upper middle income",2004,5972840657143
XT,"Upper middle income",2005,7097354678868
XT,"Upper middle income",2006,8371855781849
XT,"Upper middle income",2007,10288887282490
XT,"Upper middle income",2008,12452519927310
XT,"Upper middle income",2009,12377976349832
XT,"Upper middle income",2010,15141574779333
XT,"Upper middle income",2011,18081813106491
XT,"Upper middle income",2012,19328537995114
XT,"Upper middle income",2013,20573131213543
XT,"Upper middle income",2014,21389435063221
XT,"Upper middle income",2015,20660115075152
XT,"Upper middle income",2016,20790061776936
XT,"Upper middle income",2017,22770082997293
XT,"Upper middle income",2018,24363395677900
XT,"Upper middle income",2019,24819718113219
XT,"Upper middle income",2020,24069773148091
XT,"Upper middle income",2021,28618153386293
XT,"Upper middle income",2022,29881576742720
XT,"Upper middle income",2023,30942010900869
XT,"Upper middle income",2024,32044776966659
YEM,"Yemen, Rep.",1995,12796345679
YEM,"Yemen, Rep.",1996,6496163616
YEM,"Yemen, Rep.",1997,6838298531
YEM,"Yemen, Rep.",1998,6322175566
YEM,"Yemen, Rep.",1999,7639325296
YEM,"Yemen, Rep.",2000,9679316770
YEM,"Yemen, Rep.",2001,9852990693
YEM,"Yemen, Rep.",2002,10693430511
YEM,"Yemen, Rep.",2003,11777532662
YEM,"Yemen, Rep.",2004,13867634371
YEM,"Yemen, Rep.",2005,16731566717
YEM,"Yemen, Rep.",2006,19063143370
YEM,"Yemen, Rep.",2007,21650528674
YEM,"Yemen, Rep.",2008,26910855807
YEM,"Yemen, Rep.",2009,25130278213
YEM,"Yemen, Rep.",2010,30906749533
YEM,"Yemen, Rep.",2011,32726417878
YEM,"Yemen, Rep.",2012,35401331610
YEM,"Yemen, Rep.",2013,40415233436
YEM,"Yemen, Rep.",2014,43228585321
YEM,"Yemen, Rep.",2015,42444490074
YEM,"Yemen, Rep.",2016,31317825274
YEM,"Yemen, Rep.",2017,26842229045
YEM,"Yemen, Rep.",2018,21606160663
ZAF,"South Africa",1995,171735933897
ZAF,"South Africa",1996,163234925381
ZAF,"South Africa",1997,168978057328
ZAF,"South Africa",1998,152982984557
ZAF,"South Africa",1999,151516957079
ZAF,"South Africa",2000,151752757215
ZAF,"South Africa",2001,135429905923
ZAF,"South Africa",2002,129087556612
ZAF,"South Africa",2003,197018965309
ZAF,"South Africa",2004,255806908595
ZAF,"South Africa",2005,288867217197
ZAF,"South Africa",2006,303858675364
ZAF,"South Africa",2007,333077117254
ZAF,"South Africa",2008,316131258616
ZAF,"South Africa",2009,329754060647
ZAF,"South Africa",2010,417363822802
ZAF,"South Africa",2011,458199494831
ZAF,"South Africa",2012,434400545086
ZAF,"South Africa",2013,400886013596
ZAF,"South Africa",2014,381198869776
ZAF,"South Africa",2015,346709790459
ZAF,"South Africa",2016,323585509674
ZAF,"South Africa",2017,381448814653
ZAF,"South Africa",2018,405260723893
ZAF,"South Africa",2019,389330032224
ZAF,"South Africa",2020,337974655408
ZAF,"South Africa",2021,419986284375
ZAF,"South Africa",2022,407596043068
ZAF,"South Africa",2023,381440724491
ZAF,"South Africa",2024,401144998374
ZMB,"Zambia",1995,3806983413
ZMB,"Zambia",1996,3597220962
ZMB,"Zambia",1997,4303288480
ZMB,"Zambia",1998,3537741942
ZMB,"Zambia",1999,3404284891
ZMB,"Zambia",2000,3600632111
ZMB,"Zambia",2001,4094441301
ZMB,"Zambia",2002,4193850445
ZMB,"Zambia",2003,4901869764
ZMB,"Zambia",2004,6221110219
ZMB,"Zambia",2005,8331870169
ZMB,"Zambia",2006,12756858899
ZMB,"Zambia",2007,14056957976
ZMB,"Zambia",2008,17910858638
ZMB,"Zambia",2009,15328342304
ZMB,"Zambia",2010,20265559484
ZMB,"Zambia",2011,23459515276
ZMB,"Zambia",2012,25503060420
ZMB,"Zambia",2013,28037239463
ZMB,"Zambia",2014,27141023558
ZMB,"Zambia",2015,21251216799
ZMB,"Zambia",2016,20958412538
ZMB,"Zambia",2017,25873601261
ZMB,"Zambia",2018,26311507274
ZMB,"Zambia",2019,23308667781
ZMB,"Zambia",2020,18137764931
ZMB,"Zambia",2021,22096416932
ZMB,"Zambia",2022,29163782140
ZMB,"Zambia",2023,27577956471
ZMB,"Zambia",2024,25303185342
ZWE,"Zimbabwe",1995,7115000000
ZWE,"Zimbabwe",1996,8557500000
ZWE,"Zimbabwe",1997,8534000000
ZWE,"Zimbabwe",1998,6405250000
ZWE,"Zimbabwe",1999,6861500000
ZWE,"Zimbabwe",2000,6693250000
ZWE,"Zimbabwe",2001,6780750000
ZWE,"Zimbabwe",2002,6345250000
ZWE,"Zimbabwe",2003,5730500000
ZWE,"Zimbabwe",2004,5808500000
ZWE,"Zimbabwe",2005,5758250000
ZWE,"Zimbabwe",2006,5446750000
ZWE,"Zimbabwe",2007,5294750000
ZWE,"Zimbabwe",2008,4418000000
ZWE,"Zimbabwe",2009,9670750000
ZWE,"Zimbabwe",2010,12047750000
ZWE,"Zimbabwe",2011,14109000000
ZWE,"Zimbabwe",2012,17123500000
ZWE,"Zimbabwe",2013,19100750000
ZWE,"Zimbabwe",2014,19505500000
ZWE,"Zimbabwe",2015,19973250000
ZWE,"Zimbabwe",2016,20559250000
ZWE,"Zimbabwe",2017,51035657371
ZWE,"Zimbabwe",2018,34141666667
ZWE,"Zimbabwe",2019,33360632553
ZWE,"Zimbabwe",2020,31979753645
ZWE,"Zimbabwe",2021,41287852524
ZWE,"Zimbabwe",2022,40757585309
ZWE,"Zimbabwe",2023,35871781303
ZWE,"Zimbabwe",2024,41521975830
