# source: CEPII BACI HS17 V202601, year 2024 (via data/processed/baci_2024_hs6.parquet)
# pulled: 2026-07-30
# license: Etalab 2.0
# script: analysis/20_multigraph.py
# unit: *_kusd values are THOUSANDS of current USD (BACI native 'v'); USD = kusd * 1e3
# note: Taiwan = BACI code 490 'Other Asia, nes', recoded to TWN (iso3_recode)
# note: de minimis 1.0 kUSD on layer edges; HHI on 0..10,000 scale;
#       betweenness distance = 1/ln(1+v_kusd); eigenvector on undirected projection
# layer = batteries; HS6 codes (10): 282520,283691,850710,850720,850730,850740,850750,850760,850780,850790
exporter_iso3,importer_iso3,value_kusd
CHN,USA,17820506.397
CHN,DEU,12988485.937
CHN,KOR,5534045.765
CHN,VNM,4106231.716
POL,DEU,3172892.68
KOR,USA,3112215.71
CHN,JPN,3067226.091
HUN,DEU,3064944.994
CHN,IND,2692975.134
USA,MEX,2403046.015
CZE,DEU,2387767.464
JPN,USA,2229526.459
CHL,CHN,2027652.828
CHN,NLD,1930798.496
CHN,GBR,1921605.646
USA,CAN,1883905.728
CHN,HKG,1883773.696
CHN,CZE,1822951.983
CHN,FRA,1802274.54
CHN,AUS,1789502.618
MEX,USA,1788268.262
HUN,USA,1257992.827
CHN,SWE,1185760.726
CHN,POL,1159227.367
CAN,USA,1116043.904
CHN,ESP,1054684.916
USA,AUS,1017101.352
POL,FRA,1010949.019
DEU,USA,982628.353
CHN,FIN,933411.872
CHN,TWN,932797.321
CHN,ITA,867531.982
VNM,USA,846502.874
CHN,MEX,824387.767
CHN,CAN,807139.443
POL,USA,804399.834
CHN,TUR,709216.711
CHN,SAU,700717.276
MYS,USA,672063.038
CHN,UKR,665742.018
CHN,HUN,635420.107
CHN,BRA,605193.34
CHN,MYS,598627.383
CHN,BEL,595900.489
CHN,THA,593325.247
VNM,AUS,579938.908
DEU,FRA,579235.727
CHN,IDN,578714.884
FIN,DEU,577810.154
DEU,CHN,569593.512
CHN,CHL,567468.63
KOR,CHN,556928.377
POL,CZE,555294.481
DEU,POL,526233.807
IDN,KOR,508648.089
CHN,RUS,495625.73
CHL,KOR,493836.874
CHN,ZAF,477502.083
KOR,JPN,475880.245
DEU,CZE,467219.066
HUN,MEX,446991.252
CHN,AUT,446681.179
KOR,DEU,436943.0
DEU,ESP,432744.722
CHN,ARE,417630.364
KOR,VNM,417308.533
ARG,CHN,408985.085
HUN,BEL,403983.896
DEU,ITA,396075.896
JPN,MEX,389407.194
POL,MEX,368741.19
TWN,USA,354763.346
DEU,NLD,337334.529
CHN,ISR,330876.883
CHN,SGP,330609.469
NLD,DEU,307762.731
DEU,SWE,304653.865
HUN,ITA,302282.27
CHN,SVK,300519.959
DEU,HUN,287885.575
POL,HUN,287121.318
ESP,FRA,285424.111
HUN,SVK,283770.378
JPN,CHN,281529.845
DEU,AUT,279548.6
POL,CAN,277605.913
HUN,CZE,275956.434
POL,CHN,267966.753
JPN,FRA,261926.612
DEU,GBR,255037.905
USA,GBR,250239.818
JPN,TUR,249371.635
KOR,IND,248329.028
KOR,HUN,245819.042
CHN,NGA,242876.049
AUT,DEU,241751.049
DEU,MEX,239334.462
HUN,TUR,238147.114
MYS,CHN,232697.374
USA,DEU,228544.777
KOR,AUS,226585.374
POL,AUT,224378.348
HUN,GBR,215997.542
JPN,DEU,214162.799
JPN,GBR,210961.43
MYS,MEX,209529.66
FRA,DEU,205370.965
POL,ITA,204149.462
KOR,BEL,203276.89
CZE,POL,202044.169
JPN,IND,196687.682
USA,NLD,194276.825
KOR,POL,191913.1
HUN,ESP,190629.781
NLD,ITA,189534.413
FRA,USA,188898.363
GBR,USA,187007.356
CHN,CHE,186631.115
DEU,BEL,184719.244
USA,JPN,181883.201
VNM,GBR,174988.734
POL,GBR,174699.04
JPN,SGP,171983.762
CZE,SVK,171074.203
NLD,BEL,167535.436
DEU,CHE,165808.446
KOR,TWN,164039.597
VNM,CHN,159585.075
CZE,ESP,159341.416
ITA,DEU,158343.881
CHN,PHL,157779.507
SGP,CHN,156442.326
CHN,ROU,156369.942
POL,BEL,154670.737
MYS,HKG,149042.303
ESP,ITA,147225.639
GRC,DEU,146266.575
USA,TWN,144689.833
DEU,SVK,143445.429
ITA,FRA,142256.057
ROU,DEU,142026.269
KOR,GBR,140083.868
DEU,ROU,137761.695
CHN,BGR,135969.11
PHL,USA,134469.518
USA,KOR,133779.581
CZE,FRA,132641.109
HKG,ESP,132306.05
HKG,VNM,131103.305
CHL,JPN,126840.371
CHN,UZB,126403.119
IND,ARE,125730.681
ESP,DEU,125434.982
VNM,IND,124599.043
ESP,GBR,124244.536
JPN,THA,123505.16
SVK,HUN,123221.532
JPN,TWN,122974.647
FRA,ESP,120845.375
CHL,USA,120078.994
SVK,CZE,119730.298
ITA,ESP,119424.16
FRA,ITA,117500.145
ESP,PRT,115209.888
SGP,JPN,115029.164
CHN,IRQ,114309.997
CHN,NZL,113926.4
JPN,NLD,112888.69
CHN,NOR,112873.414
KOR,CAN,111288.742
HUN,AUT,110481.462
CHN,PAK,110364.548
DEU,DNK,110014.27
ESP,POL,109965.834
KOR,FIN,108895.213
POL,SWE,108772.624
JPN,CZE,107522.433
KOR,ITA,105721.499
BEL,SWE,105530.932
CHL,NLD,103526.57
CHN,ARG,103282.736
GBR,DEU,102862.17
CHL,BEL,100383.172
MYS,DEU,100208.269
VNM,NLD,97195.463
KOR,FRA,96788.313
CHN,SVN,96426.589
USA,CHN,96210.382
JPN,CAN,96180.334
ARG,KOR,95819.023
FRA,BEL,95643.543
CHN,MMR,92236.518
SGP,USA,91419.939
POL,UKR,91062.353
VNM,CAN,90300.361
MYS,VNM,89978.226
FRA,NLD,87490.104
POL,SVK,86680.141
HUN,CAN,85832.496
CHN,BGD,84174.407
DEU,ZAF,82134.267
ITA,POL,81958.602
DEU,TUR,81724.308
CHN,IRL,81375.619
GRC,ITA,81189.471
GBR,FRA,80549.908
CHN,COL,80505.491
ARG,USA,79038.308
VNM,DEU,78879.229
CZE,ITA,78764.133
MEX,CAN,78460.829
CHN,PER,77882.035
CHN,DNK,77145.207
IND,NGA,77064.267
BEL,NLD,76983.912
CZE,HUN,76761.354
MYS,HUN,76667.717
VNM,KOR,76520.911
DEU,MYS,76494.978
HKG,NLD,76286.309
KOR,RUS,75788.227
NLD,SWE,74591.675
BRA,ARG,74464.179
CHN,MLI,73982.312
ITA,GBR,73080.737
AUS,CHN,71030.715
CHN,GHA,68127.389
PHL,MYS,67841.659
CHN,MNG,67102.076
BGR,ROU,66594.858
POL,TUR,65825.013
ARG,JPN,65818.696
KOR,ARE,65608.343
JPN,HUN,65124.024
HUN,NLD,64023.769
DEU,FIN,63622.371
GBR,NLD,62834.795
KAZ,RUS,62474.8
ESP,TUR,62054.96
FRA,GBR,61700.611
KOR,SVK,60566.153
CHN,EGY,60529.997
GBR,IRL,60345.621
JPN,HKG,60064.491
CHN,MAR,59342.162
NLD,POL,59088.67
VNM,BRA,58881.915
CZE,SWE,58549.432
SVN,ITA,58378.169
CHN,PAN,57859.222
USA,BRA,57613.462
CZE,UKR,57094.028
CHN,PRT,57051.452
DEU,NOR,56576.97
JPN,IDN,55755.315
DEU,JPN,55738.436
KOR,CHL,55444.989
SGP,MYS,55328.851
SVN,ESP,54460.676
TWN,JPN,53154.743
DEU,AUS,53094.194
TWN,NLD,52946.622
MYS,SAU,52854.389
JPN,KOR,52679.849
IND,DEU,51442.056
NLD,DNK,51247.223
AUT,ITA,51238.234
USA,ESP,51205.907
IND,USA,51001.498
USA,FRA,50539.061
SGP,HKG,50453.03
JPN,BRA,50434.219
SWE,EGY,50313.083
NLD,FRA,50161.888
FIN,SWE,50021.291
FIN,USA,49535.743
KOR,IRQ,49303.476
ESP,MAR,49295.389
CHE,DEU,48516.423
TUR,RUS,48447.766
NLD,IRL,48316.343
MYS,TUR,47462.503
POL,NLD,47415.947
CZE,AUT,47175.651
SVK,DEU,46683.104
CHN,KEN,46503.726
TUR,GBR,46135.12
VNM,JPN,45998.07
CHN,EST,45903.786
BGR,TWN,45747.52
CZE,ROU,45742.837
CHN,SRB,45723.629
TWN,VNM,45308.431
MEX,GTM,45286.595
USA,ITA,45137.67
BEL,DEU,44654.813
VNM,PHL,44568.727
CHN,JOR,44390.239
DEU,KOR,44332.889
TWN,CHN,44173.044
HKG,FRA,44057.892
GBR,JPN,43851.262
USA,BEL,43734.365
CHN,GRC,43376.224
VNM,MEX,43259.204
USA,DOM,43245.049
DEU,IND,43141.146
ESP,CZE,42918.911
SGP,DEU,42877.696
KOR,SWE,42619.547
CZE,GBR,42116.875
KOR,LBY,41933.055
VNM,ITA,41852.668
PHL,DEU,41560.993
TUR,ROU,41489.622
COL,USA,41395.715
DEU,THA,41281.635
NOR,VNM,41136.861
BEL,FRA,40929.116
CHN,DOM,40922.506
PHL,JPN,40590.527
THA,MYS,40418.653
ITA,USA,39830.138
IDN,IND,39542.059
POL,ESP,39512.252
KOR,MEX,39474.281
MEX,NLD,39059.267
VNM,ROU,39037.969
CHN,TZA,38995.288
SWE,DNK,38969.619
KOR,CZE,38930.944
DEU,SGP,38413.537
DEU,HKG,38228.388
KOR,PHL,38003.163
MYS,CAN,37864.696
AUT,CZE,37634.455
AUT,FRA,37493.869
IND,HUN,37377.438
CHN,COD,37219.134
KOR,NLD,37115.27
THA,USA,36933.585
SWE,ITA,36855.741
DEU,ARE,36705.858
PHL,AUS,36644.555
CHN,LBN,36048.358
BGR,ITA,35858.094
KOR,HKG,35741.788
SWE,BEL,35656.678
POL,KOR,35432.985
KOR,SAU,35255.26
PRT,DEU,35178.109
MYS,NLD,34897.205
CHN,KAZ,34880.154
TWN,HKG,34826.581
USA,SAU,34780.646
VNM,HUN,34508.129
VNM,IRL,34425.388
NLD,HUN,34248.611
CHL,GBR,34209.648
SVN,ROU,34193.708
DEU,BRA,34148.162
KOR,NOR,33745.078
GRC,USA,33622.235
VNM,FRA,33583.956
NLD,GBR,33381.795
POL,CHE,33257.347
IND,IRQ,33188.271
SWE,USA,33105.671
FIN,BEL,32950.705
CHN,SEN,32836.655
VNM,SAU,32713.38
TUR,EGY,32656.791
IND,IDN,32595.201
TWN,CAN,32567.152
KOR,THA,32554.357
VNM,THA,32489.787
JPN,MYS,32487.132
GBR,ESP,32441.475
CHN,ETH,32358.986
POL,BGR,32311.649
SGP,MEX,32260.024
CHN,KHM,32219.945
SGP,PHL,32102.943
DEU,UKR,31916.902
FRA,POL,31906.824
AUT,USA,31888.619
ZAF,ZMB,31742.263
DEU,HRV,31696.673
PRT,FRA,31303.456
ARE,USA,31213.16
CHN,CMR,31178.397
MEX,DEU,31109.499
JPN,POL,31068.36
TWN,PHL,31026.797
SWE,NOR,30958.145
MYS,ARE,30857.98
HKG,CHN,30593.815
ARE,DEU,30447.455
HKG,IND,30417.446
CHN,ECU,29963.493
VNM,IDN,29844.771
HUN,BGR,29702.653
NLD,ESP,29547.671
SGP,TWN,29490.133
SVN,DEU,29477.373
USA,SGP,29433.904
MEX,FRA,29406.587
USA,HKG,29345.028
FRA,SWE,29335.037
ITA,SWE,29332.495
CHN,BFA,29306.72
HKG,MEX,29221.607
BRA,PRY,29148.915
TWN,DEU,29074.891
SGP,ROU,28968.974
HUN,ROU,28960.543
POL,FIN,28879.325
KOR,IDN,28763.912
TUR,ITA,28553.061
SGP,VNM,28535.28
PHL,NLD,28476.458
COL,MEX,28428.863
ITA,ROU,28420.004
DEU,IRL,28391.362
ESP,USA,28382.292
PHL,AUT,28311.296
CHN,GIN,28232.09
IND,NPL,28177.589
DNK,SWE,27973.327
CHN,IRN,27872.764
THA,MMR,27684.103
AUT,POL,27581.219
NLD,CZE,27509.028
USA,POL,27470.173
KOR,ESP,27361.582
BGR,DEU,27332.655
IND,MYS,27280.541
TUR,DEU,27264.348
ITA,NLD,27121.056
SVN,FRA,27005.826
SWE,FIN,26939.274
AUT,GBR,26889.317
CZE,TUR,26726.658
TUR,USA,26575.726
USA,NOR,26556.402
KOR,MYS,26482.784
TWN,FRA,26447.333
MEX,HND,26416.105
SVN,MKD,26381.464
HKG,HUN,26337.385
FIN,CHN,26206.35
DEU,BGR,26200.788
ITA,GRC,25994.055
DEU,PRT,25848.237
TWN,GBR,25745.794
DEU,SAU,25723.816
DEU,ISR,25711.152
MEX,HUN,25625.02
MKD,ITA,25499.998
USA,CHE,25499.355
ESP,SWE,25273.035
IND,SAU,25196.137
USA,IND,25126.888
MKD,ESP,25007.562
SWE,POL,24952.333
KOR,ISR,24923.332
CHE,USA,24766.834
ITA,HRV,24679.28
HUN,POL,24556.213
GBR,CHN,24493.68
CHN,YEM,24425.557
CHN,LTU,24310.071
CHE,FRA,24282.035
ROU,NLD,24174.23
KOR,TUR,23992.117
CHN,UGA,23957.119
IND,TUR,23839.436
DEU,CAN,23814.539
ITA,TUR,23694.49
THA,IDN,23588.06
VNM,SWE,23513.675
IND,THA,23511.151
PHL,CAN,23225.549
CHN,LKA,23207.35
VNM,POL,23105.27
TWN,ESP,23004.141
MYS,SGP,22967.182
CHN,GTM,22884.397
AUS,KOR,22627.077
CHN,VEN,22586.948
CHN,DZA,22537.511
KOR,SGP,22500.985
CHN,MDG,22434.008
ITA,AUT,22355.675
ITA,BEL,22249.873
VNM,TWN,22168.196
MYS,AUS,22139.394
JPN,AUS,22073.805
KOR,GRC,22018.098
POL,DNK,21819.209
AUT,HUN,21700.707
USA,NZL,21682.278
CHN,TGO,21679.002
CHN,BLR,21629.474
ITA,HUN,21597.015
GBR,CZE,21492.716
FRA,SGP,21432.737
SGP,AUS,21416.547
CHN,CIV,21383.054
TUR,FRA,21367.11
AUT,CAN,21340.297
BGR,UKR,21326.107
CZE,NLD,21262.419
THA,ARE,21154.909
POL,NOR,21142.296
CHN,OMN,21136.556
HKG,FIN,20927.493
SGP,POL,20924.202
USA,ARE,20914.239
CHL,DEU,20880.881
BEL,MEX,20698.347
USA,FIN,20552.636
CHN,HRV,20497.916
MEX,CRI,20440.865
NLD,ROU,20393.334
TUR,IRQ,20372.075
ROU,FRA,20369.474
IND,KWT,20219.065
SWE,DEU,20201.886
TWN,MYS,19989.396
ITA,ISR,19934.583
NLD,AUT,19903.314
JPN,BEL,19854.468
CHN,LBY,19762.127
FRA,SEN,19671.351
TWN,UKR,19608.94
CZE,GRC,19527.893
BEL,ITA,19351.249
MKD,SVN,19264.399
COL,ECU,19259.36
USA,COL,19253.942
ITA,CHE,19249.958
DEU,EGY,19232.904
THA,VNM,19229.83
USA,ISR,19139.433
VNM,SVK,19113.915
HUN,KOR,19032.447
VNM,TUR,18961.629
ZAF,ZWE,18886.028
CHN,ZWE,18673.325
IND,OMN,18639.751
USA,AUT,18602.895
USA,MYS,18551.698
FIN,ESP,18545.004
PAK,AFG,18434.46
KOR,NZL,18421.327
KOR,LBN,18397.095
ARE,ESP,18288.742
ITA,KOR,18179.3
DEU,VNM,18140.936
CYM,USA,18097.618
GBR,ARE,18051.658
MEX,DOM,17976.996
EGY,SAU,17920.017
GBR,AUS,17916.383
MKD,HUN,17905.738
HKG,BGD,17852.33
CHN,ZMB,17851.687
MEX,SLV,17811.909
VEN,COL,17806.647
DEU,TWN,17802.032
MKD,SRB,17740.462
DEU,GRC,17679.416
AUT,CHE,17645.408
HKG,MYS,17473.604
MYS,FRA,17434.947
TUR,ESP,17391.893
IND,JPN,17384.583
KOR,AGO,17376.165
POL,ROU,17301.684
IDN,GBR,17259.982
POL,IND,17240.008
HKG,ISR,17114.441
FRA,CHE,17070.683
IND,LBN,17044.144
GBR,ITA,17020.45
SVN,NLD,17005.267
TWN,POL,16989.017
GBR,POL,16984.312
CHN,JAM,16962.767
AUS,NZL,16951.76
NOR,NLD,16936.876
MYS,GBR,16824.892
SVK,CHN,16818.52
THA,IND,16775.531
FRA,ARE,16768.491
TUR,GEO,16620.353
HRV,DEU,16579.403
TUR,LBY,16558.345
CHN,QAT,16544.369
FRA,AUT,16538.479
TUN,DZA,16450.756
THA,JPN,16422.328
IND,PHL,16349.388
POL,LTU,16325.284
GBR,AUT,16301.419
JPN,VNM,16179.333
POL,SGP,16165.794
CHN,TCD,16149.227
AUT,SWE,16122.304
COL,PER,16091.532
CHN,CRI,16059.933
ZAF,NGA,16015.504
RUS,KAZ,15990.087
TUR,DZA,15981.697
SWE,ARE,15957.208
SVN,CAN,15763.39
MEX,CHN,15734.752
IND,LKA,15728.02
NLD,USA,15707.399
CHN,PRY,15706.012
ESP,FIN,15687.948
DEU,LVA,15574.977
FRA,CZE,15572.879
GRC,FRA,15538.502
ZAF,NAM,15477.463
BGR,GRC,15417.084
NLD,PRT,15412.66
SAU,USA,15405.483
ESP,EGY,15403.774
FRA,PRT,15399.357
IDN,MYS,15360.68
TWN,HUN,15358.38
DNK,DEU,15351.196
ITA,SVN,15336.39
IDN,NLD,15333.952
HUN,CHE,15325.926
SVN,GBR,15314.502
HUN,FRA,15258.616
SAU,ARE,15242.622
BRA,URY,15241.769
IRL,ESP,15223.68
ESP,ZAF,15213.823
ROU,USA,15133.194
IDN,JPN,14965.868
ESP,NLD,14929.648
ITA,SAU,14923.464
USA,CRI,14902.632
ITA,CZE,14895.541
TUR,UKR,14888.334
HKG,DEU,14863.998
MYS,TWN,14854.233
IND,JOR,14810.568
IND,SGP,14799.433
THA,MLI,14796.756
USA,IRL,14703.67
MYS,IRQ,14638.483
VNM,ESP,14620.551
NLD,CHE,14528.055
CHN,KWT,14473.463
JPN,ESP,14438.297
POL,SVN,14399.744
TWN,CHE,14375.946
VNM,CZE,14313.758
JPN,CHE,14294.094
FRA,SAU,14246.654
COL,VEN,14124.109
FRA,TUR,13965.101
ARE,BGR,13849.58
KOR,NGA,13800.761
CHE,AUT,13783.984
TWN,ITA,13738.543
SWE,SAU,13421.429
MKD,TUR,13393.757
PRT,ESP,13376.758
TUR,AZE,13354.159
CZE,USA,13331.597
SVN,ISR,13330.339
SWE,NLD,13322.308
BGR,FRA,13320.989
NOR,TUR,13296.805
ROU,ARE,13275.384
CZE,DNK,13268.413
CZE,HRV,13255.249
USA,TUR,13218.44
TWN,THA,13174.284
DEU,SVN,13172.686
IDN,PHL,13166.067
ESP,MEX,13117.293
CZE,FIN,13110.039
THA,PHL,13044.708
FRA,DNK,13019.675
CHE,ITA,13000.239
DEU,LUX,12882.692
TUR,ISR,12882.157
ESP,ARE,12880.527
BOL,CHN,12820.648
PRT,GBR,12752.754
IND,VNM,12740.332
ESP,CHL,12691.322
FRA,CAN,12682.77
UKR,POL,12678.129
CHE,NLD,12670.019
KOR,BRA,12668.801
PRT,SWE,12657.782
NOR,SWE,12618.693
CHN,HND,12589.694
GRC,ISR,12555.41
PHL,GBR,12525.267
KOR,COL,12459.187
FRA,CHN,12395.318
IND,QAT,12389.769
IRL,USA,12383.294
IND,YEM,12225.047
SVN,USA,12221.126
KOR,PER,12202.859
POL,JPN,12110.189
HUN,UKR,12037.941
IND,AUS,11981.693
USA,ECU,11981.258
PRT,ITA,11981.186
GRC,POL,11957.232
CZE,CHE,11955.97
CHN,MRT,11926.149
DNK,NLD,11895.33
TUR,GRC,11886.98
GBR,TUR,11883.586
NLD,GRC,11873.005
ESP,CHE,11811.875
USA,CHL,11716.835
THA,LAO,11679.24
PER,USA,11656.322
KEN,UGA,11588.121
NOR,ESP,11519.601
AUT,ESP,11506.538
MYS,JPN,11503.087
AUT,TUR,11471.899
GBR,SWE,11463.629
MEX,AUS,11445.403
SGP,NLD,11443.411
TUR,KAZ,11412.301
NLD,ISR,11375.723
TUR,ZAF,11343.706
TUR,UZB,11337.636
VNM,SGP,11289.136
SWE,ESP,11282.348
MEX,NIC,11206.543
IDN,ITA,11170.542
ITA,ARE,11122.483
PHL,CHN,11028.745
CHL,POL,11011.326
CHN,DJI,10965.193
GRC,NLD,10918.498
THA,KHM,10916.45
IND,TWN,10889.121
ROU,HUN,10880.71
CZE,CHN,10879.011
IND,RUS,10876.223
BEL,CZE,10864.135
DEU,EST,10790.832
FRA,AUS,10723.618
CHN,URY,10695.193
TWN,KOR,10691.102
USA,SWE,10685.451
CHN,SLE,10683.95
MYS,IND,10666.972
IRL,GBR,10632.675
CHN,BOL,10559.591
AUT,HRV,10556.913
IND,GBR,10534.315
HKG,GBR,10521.971
ESP,SAU,10496.199
CHN,SLV,10475.393
CHN,NAM,10471.767
GRC,CZE,10449.158
ITA,SVK,10388.575
CHN,LVA,10317.585
KOR,CHE,10288.84
ZAF,NLD,10220.052
ROU,POL,10208.122
KOR,UZB,10161.913
CHN,MOZ,10094.852
CHL,FRA,10080.749
AUT,ROU,10065.139
FRA,FIN,10057.388
SVK,POL,10048.992
LUX,ITA,10014.226
USA,ZAF,10008.931
CZE,BEL,10007.305
JPN,FIN,9996.7
IRL,SWE,9988.055
TUR,SYR,9976.071
SGP,ITA,9947.46
USA,GTM,9925.882
NLD,CHN,9903.903
CZE,BGR,9880.939
KEN,TZA,9864.819
FRA,EGY,9855.276
TWN,AUS,9800.701
ZAF,MOZ,9785.99
TWN,KHM,9713.798
CHN,HTI,9694.76
KOR,PAN,9667.969
USA,THA,9655.663
SVN,UKR,9651.689
SGP,IDN,9649.931
VNM,CHE,9608.003
TUR,BGR,9591.908
BGR,POL,9544.617
IDN,THA,9493.25
THA,AFG,9491.881
POL,THA,9353.989
ITA,CAN,9350.933
PAK,YEM,9341.287
AUT,GRC,9336.659
CZE,SRB,9309.558
USA,PER,9300.427
FIN,GBR,9280.245
TWN,MEX,9262.913
HUN,FIN,9260.036
CHN,KGZ,9218.099
KOR,AUT,9163.889
USA,DNK,9154.9
GBR,DNK,9153.926
SWE,CZE,9132.413
RUS,CHN,9131.006
FRA,MAR,9105.063
CHN,TUN,9099.318
ARE,NLD,9088.186
GBR,ISR,9071.091
DEU,LTU,9058.63
CHE,AUS,9050.434
TUR,TKM,9029.18
SAU,EGY,9002.58
USA,KWT,8972.799
ITA,SRB,8939.637
FRA,HUN,8905.336
TUR,MRT,8882.136
ITA,NOR,8865.953
KOR,QAT,8860.316
IDN,USA,8856.713
ITA,IRL,8807.741
ITA,PRT,8708.614
NOR,CHN,8679.645
MYS,THA,8670.272
HKG,BRA,8668.97
KOR,EST,8633.867
SWE,ZAF,8608.411
SWE,JPN,8597.994
SVN,POL,8596.422
CHN,LUX,8508.263
NLD,ARE,8503.139
IDN,DEU,8502.751
MYS,PHL,8496.51
ISR,USA,8486.327
CHL,IND,8442.408
CHN,AZE,8426.491
IDN,ARE,8385.114
GBR,EGY,8382.091
MAR,ESP,8374.571
IND,BGD,8350.07
CHN,MKD,8343.274
SRB,DEU,8327.301
BEL,POL,8290.475
THA,AUS,8264.181
TUR,IRN,8219.913
MYS,BGR,8218.576
FRA,JPN,8169.922
ITA,MAR,8131.077
USA,ARG,8113.779
MKD,FRA,8106.414
JPN,MKD,8094.237
ITA,MEX,8093.905
POL,HRV,8081.645
ESP,TUN,8079.698
POL,MYS,8068.685
KOR,KAZ,8043.689
JPN,IRL,8041.472
CZE,ZAF,8018.096
SVN,HRV,8015.248
PRT,TUR,8004.694
HUN,HRV,7950.962
USA,BHS,7941.871
CHN,MDV,7931.557
AUT,BEL,7919.592
KAZ,KGZ,7919.521
CHN,NIC,7892.607
PHL,HKG,7886.85
CHE,CHN,7885.626
MKD,DEU,7859.724
CZE,KAZ,7858.022
FRA,NOR,7838.146
ITA,JPN,7809.652
FRA,ROU,7767.825
DNK,GBR,7756.937
IND,BHR,7752.93
GRC,ESP,7733.955
CZE,LVA,7702.573
ROU,GBR,7690.317
JPN,AUT,7658.131
GRC,TUR,7656.102
ESP,AUS,7639.795
ITA,CHL,7613.305
SVN,HUN,7611.988
MYS,QAT,7586.046
ESP,HUN,7568.653
TWN,CZE,7559.365
SWE,GBR,7521.223
USA,SVN,7515.304
SWE,AUS,7512.386
SVN,AUT,7504.399
BGR,NLD,7498.13
SVN,TUR,7487.053
ZAF,BWA,7477.693
FIN,CHL,7472.465
PHL,FRA,7458.381
LUX,AUT,7455.086
BRA,CHN,7437.152
CHN,NPL,7424.51
SWE,FRA,7415.943
GBR,BEL,7413.278
AUS,SWE,7387.932
BGR,GBR,7378.118
ISR,ITA,7375.063
FRA,DZA,7335.803
FIN,NOR,7330.822
HUN,TWN,7323.089
TUR,ARE,7308.17
ITA,AUS,7308.036
CHN,CUB,7280.682
ARE,ITA,7255.014
ESP,JOR,7246.722
TUR,KGZ,7236.039
CHN,MUS,7214.877
ESP,NOR,7191.175
BEL,ESP,7153.273
CHE,FIN,7126.243
ITA,CHN,7113.637
TUR,BEL,7108.608
USA,PAN,7102.631
KOR,GTM,7102.196
USA,HTI,7095.31
MEX,COL,7093.204
TWN,BRA,7073.745
PHL,NZL,7060.093
CHN,BEN,7023.474
SAU,JOR,7013.247
FRA,COD,6989.224
CHN,CUW,6978.976
CHN,PNG,6978.314
DNK,CZE,6961.74
ARE,GBR,6928.574
KOR,MNG,6924.069
MYS,BRA,6914.502
USA,HND,6913.636
ARE,AUS,6907.02
KOR,DOM,6889.199
ROU,ITA,6880.29
NLD,IND,6857.519
TUR,JOR,6844.037
GBR,SAU,6819.744
HUN,GRC,6790.716
HUN,SRB,6781.541
USA,JOR,6780.092
FIN,EST,6766.839
BOL,PRY,6752.693
KOR,CYP,6703.062
JPN,ZAF,6697.236
BEL,GBR,6688.132
KOR,ZAF,6675.741
TUN,FRA,6657.202
POL,GRC,6655.271
KOR,KWT,6652.782
KOR,SDN,6647.442
MEX,GBR,6645.901
CHN,BHR,6638.435
ECU,CHL,6602.151
DEU,IDN,6596.226
IND,ITA,6593.79
BRA,BOL,6561.26
THA,IRN,6560.011
AUT,SVN,6529.462
IDN,HKG,6480.408
POL,AUS,6448.605
AUS,USA,6440.346
CHE,ESP,6412.62
ESP,SVK,6407.677
ESP,BEL,6401.37
PRT,SAU,6375.397
VNM,ZAF,6345.942
BGR,ESP,6344.105
NLD,HRV,6332.512
TUR,CYP,6326.984
NLD,NOR,6312.535
FRA,ZAF,6281.861
TUR,CHL,6280.785
NOR,DEU,6269.279
HKG,ARE,6261.334
JPN,ITA,6250.275
SWE,CAN,6239.811
USA,QAT,6230.043
CHN,MAC,6229.861
TWN,ZAF,6227.828
THA,BRA,6222.249
PHL,CZE,6212.85
ECU,DOM,6209.858
TUR,DOM,6199.4
FIN,LTU,6197.627
CZE,MYS,6196.956
UKR,FRA,6192.179
IND,TZA,6189.851
SWE,SGP,6158.188
ITA,MYS,6140.273
CAN,MEX,6136.749
ARG,FRA,6114.081
AUS,NLD,6110.568
HUN,SWE,6107.504
FRA,KOR,6069.049
VNM,ARG,6066.82
AUT,BRA,6041.807
POL,SRB,5993.755
FRA,ISR,5992.734
HKG,USA,5985.286
ITA,DZA,5963.068
FRA,LUX,5945.491
ZAF,KEN,5927.23
NLD,FIN,5921.398
VNM,DNK,5913.511
VNM,UKR,5911.23
ITA,UKR,5904.412
ARE,AUT,5898.177
POL,SAU,5869.81
CHN,GUY,5865.728
AUT,NLD,5864.151
ISR,DEU,5855.279
ESP,ISR,5844.12
MYS,KOR,5822.328
SGP,GBR,5812.042
AUT,SVK,5806.923
VNM,MYS,5800.169
USA,ROU,5799.587
SGP,CAN,5791.01
COL,CHL,5785.75
SWE,TUR,5769.383
IND,KEN,5701.137
MAR,FRA,5675.519
HUN,AUS,5675.459
BGR,SWE,5658.951
CHL,CAN,5640.833
ZAF,CHN,5628.601
BWA,ZWE,5617.507
CHN,SSD,5603.905
KOR,IRL,5593.352
FRA,BRA,5583.838
CHN,SOM,5575.277
VNM,FIN,5562.586
TUR,NLD,5561.135
NLD,JPN,5554.715
TWN,SGP,5548.372
ESP,THA,5499.424
COL,TTO,5460.134
HKG,IDN,5424.841
CZE,NOR,5421.352
PHL,MEX,5413.438
ITA,DNK,5406.839
BRA,CHL,5373.604
IND,ZAF,5352.604
LUX,DEU,5351.279
MYS,ITA,5327.049
BRA,DOM,5308.731
DEU,MAR,5304.335
POL,LVA,5297.943
ITA,BGR,5296.247
SVK,SVN,5255.459
HKG,KHM,5248.847
FRA,IND,5247.405
JPN,ISR,5244.352
NLD,UKR,5226.007
ESP,KOR,5219.581
COL,SLV,5211.57
GRC,ROU,5210.053
THA,KOR,5194.288
POL,NZL,5192.458
NOR,USA,5190.524
GBR,IND,5169.355
SWE,OMN,5168.8
KOR,SLV,5165.395
MYS,OMN,5122.069
AUT,BGR,5118.214
VNM,HKG,5117.701
POL,EST,5111.592
POL,ZAF,5067.981
AUT,PRT,5061.734
MEX,BEL,5038.063
JPN,PHL,5026.169
AUT,NOR,5020.285
MAR,MRT,5008.886
TUR,SRB,5001.858
TUR,QAT,5001.84
ESP,ROU,4993.967
SGP,IND,4990.364
FRA,TUN,4978.398
TUR,SWE,4975.045
POL,TWN,4919.515
BEL,LUX,4913.761
GBR,CHE,4896.493
DEU,NZL,4892.92
CHN,MDA,4877.341
OMN,SAU,4868.647
ARE,ZAF,4830.191
BGR,SAU,4828.695
CHN,TKM,4827.13
LVA,LTU,4781.145
FRA,SVN,4777.361
DNK,POL,4773.496
CHN,SLB,4770.814
USA,SXM,4759.372
HRV,GBR,4747.732
CHN,LAO,4746.855
BRA,USA,4734.423
VNM,COL,4721.238
HKG,JPN,4703.011
SWE,BRA,4665.899
LTU,LVA,4660.138
THA,TWN,4659.169
UKR,DEU,4656.463
SAU,QAT,4648.365
THA,HKG,4647.907
MYS,IDN,4632.37
POL,DZA,4626.708
JPN,SAU,4625.519
MEX,JPN,4625.363
CHN,SYR,4622.98
SGP,BRA,4612.907
NLD,LUX,4596.006
VNM,AUT,4583.439
KOR,JAM,4581.433
ITA,SGP,4581.424
KAZ,AZE,4571.445
GBR,ROU,4567.893
KOR,CRI,4561.607
ARG,ESP,4557.039
MEX,PAN,4556.687
GRC,GBR,4555.636
VNM,UGA,4550.639
DEU,KAZ,4542.785
EST,SWE,4537.706
TUR,CZE,4525.828
KOR,SRB,4521.668
KOR,SOM,4513.117
ESP,AUT,4506.756
JPN,CHL,4503.95
COL,DOM,4501.33
GRC,BEL,4501.092
ZAF,TZA,4498.423
KOR,BGR,4497.219
HKG,CZE,4475.809
TUR,BLR,4466.463
ESP,CUB,4465.542
JPN,NOR,4465.167
COL,JAM,4454.11
TUR,HUN,4438.168
JPN,DNK,4429.925
DEU,ARG,4414.117
GBR,FIN,4412.351
ITA,ZAF,4408.746
CZE,MAR,4398.938
IND,ESP,4395.023
DNK,FIN,4389.209
CHN,SDN,4382.978
BGR,TUR,4369.249
CHN,GMB,4363.456
KOR,UKR,4354.774
MYS,CHE,4347.576
DEU,CHL,4345.825
ZAF,USA,4342.553
SVK,TUR,4341.219
PHL,SAU,4336.666
CHL,TWN,4336.531
GBR,HUN,4321.707
BGR,SRB,4321.099
MAR,DEU,4320.139
CHN,ISL,4317.725
DEU,QAT,4314.394
SWE,MEX,4310.307
BRA,ZAF,4306.695
CZE,SVN,4297.805
FRA,IRL,4295.182
CZE,EST,4289.976
ARE,ISR,4287.0
ITA,BRA,4277.103
ESP,IRL,4275.735
ITA,FIN,4272.249
PHL,IND,4268.919
TWN,SWE,4262.5
SWE,LTU,4252.878
RUS,KGZ,4251.352
CHN,CAF,4235.358
KAZ,BLR,4234.123
HRV,ITA,4228.878
BGR,HUN,4223.554
AUT,RUS,4215.795
SVN,COL,4209.065
HKG,SLB,4200.244
USA,IDN,4197.72
TWN,IND,4161.311
UZB,KGZ,4157.12
COL,PAN,4144.082
GBR,MAR,4137.936
IRL,ITA,4113.738
TUR,TTO,4105.567
MKD,POL,4104.565
CHN,BWA,4103.465
NLD,LTU,4067.177
KOR,SEN,4061.604
KOR,ROU,4055.611
AUS,GBR,4049.356
CZE,LTU,4038.479
ZAF,SWZ,4037.819
FIN,CAN,4026.567
FRA,GRC,4022.843
SAU,KWT,4011.495
USA,PHL,4011.426
CHN,RWA,4009.769
CHN,GAB,4009.263
BEL,GRC,3992.814
BRA,COL,3972.726
KAZ,TJK,3969.054
BEL,DNK,3959.85
DNK,USA,3937.188
FRA,GIN,3932.161
FRA,KAZ,3920.083
CHN,CYP,3916.805
IND,KHM,3901.312
AUT,JPN,3898.627
GBR,KOR,3891.766
USA,VNM,3876.587
MYS,ESP,3866.561
HUN,NOR,3851.882
MYS,CMR,3840.768
AUT,CHN,3839.792
IND,MMR,3839.135
SVN,BEL,3832.696
SWE,QAT,3825.676
TUR,SVN,3818.871
TUR,ALB,3808.281
SVN,CHE,3797.319
SWE,AUT,3793.069
BEL,AUT,3790.904
TUN,BGR,3780.394
ROU,BEL,3771.523
HRV,SVN,3746.022
HKG,CAN,3742.757
ITA,MLT,3732.617
CHE,ISR,3728.576
MYS,NGA,3724.759
LUX,FRA,3716.125
SVN,FIN,3712.241
SWE,IRQ,3703.666
IND,SEN,3703.03
MYS,UKR,3694.11
HUN,CHN,3678.881
EST,DEU,3677.936
HKG,NZL,3677.613
SVN,SRB,3677.184
FIN,MEX,3674.345
CHN,LBR,3670.822
DNK,FRA,3667.845
ZAF,GBR,3656.825
NLD,LVA,3654.24
HKG,SGP,3648.753
TUR,LBN,3646.811
POL,EGY,3632.022
MYS,KWT,3622.32
CHN,COG,3621.975
MEX,DNK,3619.028
KAZ,UZB,3618.977
JPN,ARE,3618.36
RUS,IND,3612.553
CHN,MWI,3605.405
CHN,TJK,3605.022
POL,BIH,3595.956
MKD,BIH,3595.483
CHN,BIH,3593.518
JPN,LKA,3591.288
NLD,SVN,3585.586
ECU,COL,3578.402
DEU,LBY,3578.107
ESP,SRB,3570.168
IND,KOR,3561.744
TUR,MKD,3555.154
CHL,BRA,3547.885
TWN,BGR,3540.697
ISR,HUN,3539.78
BEL,ISR,3518.641
THA,GBR,3516.44
ESP,BRA,3512.212
FRA,SVK,3509.82
MAR,JOR,3495.973
BRA,GUY,3493.66
DEU,SRB,3482.652
LUX,POL,3478.432
DNK,NOR,3476.649
DEU,COL,3457.733
CHN,AFG,3455.924
IDN,FRA,3451.963
HKG,PHL,3445.658
SWE,KOR,3440.678
VNM,TZA,3435.965
SVN,GRC,3431.556
TUR,AFG,3426.651
AUT,LTU,3426.6
CHE,POL,3424.809
AUT,FIN,3413.771
ITA,MKD,3408.795
ITA,IND,3394.059
ECU,USA,3390.86
CHE,GBR,3380.652
ARE,IND,3377.636
FIN,LVA,3376.658
JPN,JOR,3375.962
GRC,PRT,3374.537
IND,HKG,3374.205
SWE,MYS,3351.203
GBR,NOR,3344.007
THA,SEN,3342.175
LUX,ROU,3342.106
TWN,BEL,3334.559
USA,NIC,3324.85
ITA,TWN,3320.927
KOR,LVA,3320.91
IND,UGA,3315.68
BGR,MKD,3314.461
THA,CHN,3302.026
FRA,GAB,3288.91
NLD,SVK,3288.862
THA,SGP,3288.322
SVN,SAU,3276.654
SVN,SGP,3276.054
KOR,OMN,3274.51
BGR,UZB,3267.501
TUN,LBY,3258.445
TUR,POL,3258.432
SWE,GRC,3258.426
KOR,DJI,3249.749
BEL,USA,3240.329
PHL,SGP,3239.495
CHE,CAN,3228.545
NLD,NZL,3224.246
IND,SOM,3221.952
SWE,IDN,3219.179
NGA,GHA,3216.189
ESP,COL,3213.961
ARE,SAU,3208.596
SGP,ARE,3196.878
ROU,CZE,3196.028
TUN,ITA,3195.817
ITA,BIH,3189.215
USA,UKR,3188.97
IND,CAN,3183.33
BGD,AUS,3180.139
ESP,UKR,3175.48
IDN,GRC,3163.545
USA,JAM,3153.901
CHN,AGO,3152.387
IDN,SGP,3151.687
IDN,SAU,3148.36
MEX,CHE,3143.198
IND,AFG,3127.233
LUX,BGR,3123.806
CHN,ARM,3110.11
RWA,KEN,3108.673
AUT,DNK,3103.638
MEX,SGP,3096.791
POL,KAZ,3082.294
CZE,BRA,3079.966
IDN,BGD,3066.787
LVA,EST,3045.48
EST,LTU,3042.77
MLT,DEU,3033.883
TUR,PRT,3031.808
MKD,HRV,3031.505
IND,BTN,3030.707
GBR,MEX,3021.231
CHL,ARG,3017.806
VNM,NGA,3013.24
RUS,AZE,3013.117
CZE,MDA,3004.444
POL,PRT,3002.821
UKR,LTU,3001.855
VNM,NOR,2992.669
UKR,ITA,2988.65
ZWE,ZMB,2986.303
GBR,CAN,2964.585
MYS,POL,2963.757
PHL,THA,2949.417
NLD,KOR,2947.367
ROU,PRT,2938.314
TWN,IRL,2937.671
FRA,NCL,2937.006
TWN,ARE,2929.76
HKG,MAC,2928.942
SVN,EGY,2926.24
SGP,CHL,2911.522
TWN,TUR,2898.139
BGR,DNK,2890.922
MKD,ROU,2889.836
TWN,ISR,2887.696
MEX,BRA,2876.733
HRV,MKD,2876.349
FRA,MLT,2873.5
AUT,SGP,2867.064
TUR,PSE,2866.304
COL,HND,2864.132
ITA,TUN,2859.699
SWE,HRV,2836.762
FRA,THA,2835.468
IDN,MEX,2827.498
GBR,SGP,2826.668
AUT,ZAF,2824.08
SVK,ROU,2822.212
IND,FRA,2813.218
DNK,BEL,2813.076
ROU,TUR,2797.994
CAN,CHN,2797.983
ITA,EGY,2794.201
CZE,CAN,2765.997
ITA,ALB,2765.749
GRC,ARE,2763.077
ESP,TWN,2760.147
CHE,NOR,2759.554
BLR,AZE,2755.553
KOR,TTO,2753.762
ITA,CYP,2746.71
SVN,CZE,2743.349
BEL,PRT,2741.918
VNM,QAT,2741.476
VNM,CRI,2738.29
NOR,KOR,2733.093
POL,BRA,2727.49
SWE,HUN,2721.753
USA,SLV,2721.292
PAK,ARE,2711.66
CZE,ALB,2704.85
SGP,HUN,2702.244
SVN,NOR,2701.723
SVK,AUT,2690.502
IRL,DNK,2685.381
SGP,KOR,2685.138
ITA,THA,2682.057
ZAF,LSO,2662.339
THA,ITA,2655.516
CZE,MEX,2655.507
AUT,IRL,2654.192
ROU,FIN,2652.289
USA,CZE,2651.758
LUX,SVN,2628.556
ARE,MYS,2624.585
GRC,SRB,2623.834
BGD,KWT,2615.046
SVK,UKR,2611.664
TUR,MAR,2610.529
ZAF,COD,2609.622
JPN,BGR,2609.141
AUT,UKR,2597.92
CZE,EGY,2596.958
MEX,MYS,2596.429
IRL,ISR,2589.313
JPN,PAK,2587.413
KOR,YEM,2582.398
NGA,CHN,2580.093
TWN,ARG,2579.883
AUT,MKD,2574.048
MYS,CZE,2559.351
MYS,ARG,2545.289
IDN,ESP,2541.205
HKG,ZWE,2532.112
USA,CYM,2527.615
SAU,SDN,2527.177
IDN,CHN,2522.098
RUS,ARM,2521.732
IDN,AUS,2521.341
HKG,ARG,2516.095
NOR,POL,2502.446
FRA,CMR,2501.652
CHN,COM,2500.615
FRA,MEX,2497.169
GBR,PRT,2497.129
KOR,HND,2476.261
PRT,ARE,2475.091
ITA,QAT,2472.591
ESP,CHN,2471.855
USA,NGA,2470.998
BGR,LTU,2455.965
UKR,AZE,2452.979
USA,VEN,2450.014
CHN,FJI,2443.572
USA,TTO,2433.679
GRC,ZAF,2426.918
GBR,HKG,2425.834
TWN,FIN,2425.229
SWE,TZA,2419.902
VNM,EGY,2417.737
NLD,SAU,2414.508
DEU,CYP,2408.039
SWE,CHN,2404.491
SVK,USA,2399.82
KAZ,UKR,2399.474
HKG,RUS,2397.876
PHL,KOR,2385.436
BGR,IRL,2382.848
JPN,SWE,2369.524
SVN,DNK,2366.677
CHN,NRU,2364.726
IND,NLD,2346.743
IDN,TWN,2345.992
DEU,ISL,2340.559
VNM,PAK,2337.636
TUR,MDA,2335.113
PRT,AGO,2333.429
CHN,BRN,2327.492
TWN,SAU,2321.747
NOR,DNK,2321.688
COL,CRI,2313.954
DNK,ITA,2312.496
IDN,SDN,2309.317
CHE,MKD,2298.933
DEU,PER,2296.173
HRV,KOR,2295.224
BRA,CAN,2288.324
VNM,NZL,2288.239
IRL,PRT,2287.937
EGY,JOR,2278.415
EST,LVA,2268.3
TUR,SEN,2265.894
CZE,PRT,2262.836
NLD,HKG,2261.822
FIN,AUT,2261.795
KOR,GHA,2260.011
PRT,NLD,2259.423
POL,MAR,2259.334
ISR,IND,2252.79
DEU,KWT,2250.051
KOR,HTI,2248.658
CHL,TUR,2248.623
ESP,BGR,2247.088
MYS,IRL,2235.998
BEL,CHN,2235.964
HKG,ZAF,2235.468
BGR,SVN,2232.155
COL,CAN,2231.745
FRA,COG,2230.321
ZAF,DEU,2229.622
LUX,IND,2229.397
SVN,LVA,2229.121
CHL,ZAF,2226.983
GRC,CYP,2226.105
PRT,NOR,2225.377
POL,ARE,2224.949
JPN,NZL,2224.378
PHL,CHE,2220.404
KOR,IRN,2216.487
BGR,CHN,2214.353
BGR,CZE,2213.701
BGD,CHL,2212.232
HKG,ITA,2210.226
MYS,BHR,2207.711
POL,MKD,2206.965
FRA,NGA,2204.943
COL,GTM,2204.581
FRA,KEN,2198.16
USA,RWA,2192.085
COL,GUY,2190.771
ARE,SGP,2188.51
MYS,SDN,2188.209
LUX,TUR,2183.709
FIN,POL,2178.588
KOR,SVN,2176.556
BEL,NOR,2174.386
GBR,PER,2173.591
POL,IRL,2169.089
MYS,GHA,2167.724
ITA,KWT,2161.541
SWE,TWN,2161.494
LUX,GBR,2157.058
VNM,BEL,2154.944
PRT,FIN,2153.264
ARG,NLD,2152.512
VNM,KWT,2146.351
SGP,NZL,2146.327
BRA,MEX,2145.408
RUS,UZB,2136.722
AUS,PNG,2136.512
KOR,NIC,2134.929
MUS,ZWE,2131.918
AUT,ARE,2125.563
BEL,HUN,2117.936
JPN,ISL,2115.825
SWE,SVN,2112.057
NOR,GBR,2111.848
DEU,MKD,2109.489
BGR,BEL,2105.499
ESP,KAZ,2101.778
USA,GUY,2100.41
SWE,UGA,2099.713
USA,EGY,2093.244
CHE,MYS,2090.229
HUN,BIH,2086.021
SVN,MYS,2084.718
NLD,TUR,2080.93
CHN,ERI,2078.608
CRI,USA,2073.497
PHL,TWN,2061.342
MYS,AUT,2060.632
BGR,FIN,2058.391
UKR,GBR,2055.138
BRA,PER,2054.019
BGR,NOR,2041.801
FRA,NZL,2032.291
BOL,LVA,2030.0
SVK,SWE,2026.921
DEU,OMN,2020.084
ROU,AUT,2018.594
AUT,AUS,2008.443
MYS,BEL,2003.683
MEX,ESP,2002.327
USA,AGO,1999.007
FRA,BFA,1995.557
LUX,USA,1986.597
GRC,MEX,1986.392
DEU,BIH,1981.574
CHE,BEL,1979.192
IND,BEL,1975.53
TWN,IDN,1971.94
HKG,MOZ,1968.53
GBR,UKR,1968.41
VNM,KHM,1964.467
BRA,PAN,1963.276
TWN,NOR,1963.232
LUX,KOR,1954.891
USA,IRQ,1952.959
VNM,MMR,1947.837
DEU,MDA,1939.7
ISR,AUT,1939.122
NLD,EST,1935.865
THA,YEM,1922.711
FIN,FRA,1922.535
GRC,GIN,1921.978
HKG,TZA,1921.251
TUR,CHE,1920.466
IND,BRA,1914.259
ISR,THA,1913.002
CHN,ALB,1912.124
CAN,UKR,1908.273
PAK,OMN,1907.537
NOR,FIN,1905.75
JPN,PAN,1905.7
VNM,PRT,1904.669
LUX,BEL,1901.144
TWN,AUT,1900.289
NOR,IND,1896.654
PHL,IDN,1893.195
PHL,IRL,1892.491
CZE,BIH,1892.108
PER,CHL,1890.498
KOR,ISL,1888.416
KOR,PRY,1884.045
FRA,HKG,1881.932
IDN,BOL,1877.12
ROU,MKD,1870.655
GRC,DNK,1866.667
TUR,BIH,1864.992
THA,MEX,1864.452
ARG,GBR,1863.024
IDN,SWE,1860.584
CHN,GNB,1855.876
SGP,FIN,1853.774
IDN,YEM,1851.415
SVN,AUS,1843.879
CHN,BLZ,1841.315
IND,GHA,1838.88
TUR,GHA,1832.815
HRV,SRB,1825.808
SAU,OMN,1825.608
SWE,CHE,1825.584
TWN,COL,1824.124
BRA,VEN,1813.44
FRA,TZA,1812.558
AUT,DZA,1811.656
MEX,SWE,1806.744
KEN,MWI,1805.97
ESP,JPN,1802.007
PER,VEN,1796.18
CZE,IRL,1794.831
SWE,NGA,1789.387
ZAF,MWI,1788.899
DOM,HTI,1786.184
IDN,FIN,1786.067
LVA,NLD,1785.518
PRT,ISR,1784.732
CHN,GEO,1783.773
FRA,CHL,1783.043
IDN,DJI,1781.231
HKG,AUT,1778.259
TUR,JAM,1775.171
ISR,SGP,1774.15
JPN,KHM,1770.217
SGP,FRA,1769.974
SWE,LVA,1769.529
FIN,AUS,1767.944
SVN,ARE,1758.434
DEU,IRQ,1758.083
MYS,NOR,1752.773
BRA,DEU,1748.169
IND,COD,1746.217
ESP,PER,1743.939
DNK,HUN,1741.631
BGR,GEO,1741.26
USA,BGR,1735.125
GBR,ZAF,1729.689
LVA,UKR,1725.688
USA,BLZ,1725.253
CHN,BHS,1720.366
DEU,UZB,1715.754
PRT,POL,1715.696
USA,URY,1711.04
CHN,NER,1707.39
LUX,ARE,1701.912
FRA,UKR,1697.252
SVN,ZAF,1696.177
SWE,VNM,1693.377
DNK,ZWE,1693.085
FRA,MLI,1691.458
ESP,QAT,1686.194
NLD,ZAF,1684.168
ARE,CHE,1679.914
TUR,TUN,1678.671
DNK,ISL,1675.522
SGP,ISR,1671.941
TUR,TJK,1669.066
MYS,GIN,1665.778
MYS,MKD,1664.872
GBR,TWN,1663.926
IND,PRT,1661.859
BGR,DZA,1661.031
ESP,KWT,1660.642
BEL,TUR,1659.631
PRT,CHE,1659.461
TUR,CIV,1658.944
THA,BOL,1658.625
CHN,SUR,1653.971
MKD,BGR,1653.485
SVN,BIH,1650.407
USA,ETH,1649.856
TUR,VEN,1643.699
IDN,PNG,1636.498
FRA,QAT,1634.789
PHL,POL,1629.436
MEX,KWT,1622.939
CAN,NLD,1622.359
VNM,PER,1620.593
ESP,CAN,1620.07
DEU,DZA,1618.075
TWN,SVK,1615.352
BGR,PRT,1614.554
SWE,ARG,1609.082
RUS,POL,1608.709
USA,LTU,1607.498
GRC,CAN,1603.118
ARE,SEN,1603.011
HKG,POL,1602.771
BGR,BRA,1600.924
CIV,FRA,1595.538
GBR,CHL,1593.637
KEN,RWA,1591.101
USA,PRT,1588.358
USA,BRB,1586.806
DNK,LTU,1583.025
POL,CHL,1580.65
ROU,UKR,1580.073
TGO,MLI,1578.213
CHE,SAU,1570.791
SVK,GRC,1568.102
VNM,KAZ,1565.424
BEL,ROU,1564.7
MLT,AUT,1561.988
CZE,QAT,1559.973
HKG,JAM,1559.118
ESP,ARG,1552.567
CZE,THA,1550.26
BEL,CHE,1549.933
SWE,KWT,1545.681
CZE,AUS,1539.643
ECU,PER,1539.434
IND,MUS,1536.399
USA,KAZ,1536.361
JPN,KAZ,1528.686
SAU,BHR,1517.839
DEU,RUS,1514.822
USA,TCA,1512.277
USA,KEN,1507.686
NLD,EGY,1502.466
PER,DOM,1501.773
KOR,EGY,1499.932
FRA,JOR,1498.67
CAN,FRA,1489.273
SAU,IRQ,1488.265
SGP,ZAF,1485.919
BGR,ISR,1485.875
NOR,FRA,1482.549
SVN,SVK,1481.032
GEO,ARM,1479.771
ROU,MAR,1477.365
IND,ISR,1476.878
CHN,DMA,1476.832
IDN,BRA,1475.85
GRC,IND,1471.522
FRA,MYS,1469.555
POL,TUN,1465.506
VNM,CHL,1465.345
AUS,FJI,1463.698
SRB,BIH,1459.003
IRL,HUN,1457.943
GBR,BRA,1456.225
CHE,HRV,1454.626
JPN,SVN,1452.897
TUR,LTU,1451.888
VNM,KEN,1446.372
POL,IDN,1445.946
FRA,HRV,1445.937
SWE,DZA,1442.234
TUR,KEN,1441.682
HKG,KOR,1440.85
USA,ISL,1436.837
SVK,NLD,1433.321
ITA,MDA,1430.732
GBR,QAT,1427.589
AUT,ARG,1424.484
PER,ECU,1423.12
DEU,MDV,1421.703
USA,ABW,1420.842
NLD,CYP,1420.697
CHE,SWE,1419.191
LUX,GRC,1417.638
KOR,AZE,1414.487
GRC,KOR,1412.612
CHN,BRB,1409.344
RUS,EGY,1404.011
POL,ISR,1402.726
SWE,IND,1394.353
VNM,SRB,1393.726
HKG,SWE,1393.157
KOR,GEO,1392.54
ISR,NLD,1383.801
ESP,HRV,1382.847
MEX,BLZ,1382.673
ROU,ESP,1381.843
KWT,ITA,1375.492
TUR,ARM,1373.9
DNK,ESP,1373.509
HKG,GRC,1373.439
KOR,MMR,1373.265
HKG,AUS,1372.824
MYS,LBN,1371.296
CZE,KGZ,1370.784
KOR,KHM,1367.345
KAZ,CHN,1356.282
ARE,CHL,1356.086
HKG,DNK,1353.38
ISR,AZE,1351.454
USA,LUX,1350.397
DEU,ECU,1348.818
NLD,SGP,1348.65
ESP,LBN,1347.068
THA,ARG,1347.0
DEU,LBN,1345.224
JPN,MNG,1344.797
IND,ZMB,1340.805
SRB,TUR,1340.446
JPN,ECU,1336.133
DEU,AZE,1334.667
HRV,BIH,1331.953
CHN,TTO,1331.63
MEX,TWN,1330.039
SVN,MEX,1329.614
MEX,ITA,1326.16
FRA,VNM,1323.544
AUT,THA,1322.551
JPN,SVK,1322.426
JPN,EST,1320.965
USA,MNG,1320.581
LTU,NLD,1315.358
ITA,MNE,1311.775
AUT,SRB,1311.32
MEX,NGA,1308.173
AUS,MYS,1304.734
FRA,CIV,1301.725
NLD,AUS,1300.374
FIN,ISL,1298.222
POL,MNE,1297.857
BGD,QAT,1297.322
HUN,MYS,1296.191
CHN,PYF,1295.783
PRT,AUS,1295.559
BEL,IRL,1294.027
SWE,ISR,1292.882
HKG,GEO,1292.579
SGP,BGD,1291.078
CHE,JPN,1288.432
MYS,PER,1285.122
LAO,THA,1284.445
CHN,VUT,1282.621
IND,MEX,1280.993
ITA,NGA,1280.762
EST,POL,1279.496
TGO,CIV,1273.529
LTU,DEU,1271.99
DEU,GEO,1271.067
VNM,BGR,1270.607
KEN,ZWE,1269.698
USA,HUN,1268.275
CHL,VNM,1268.017
BGR,KGZ,1266.527
ITA,LBN,1265.747
IND,SDN,1263.96
DEU,TUN,1262.408
GBR,LBN,1260.884
PRT,MAR,1258.439
SVK,KOR,1257.55
ROU,SVK,1256.973
PHL,BRA,1256.233
BGR,BIH,1256.185
KOR,JOR,1255.878
UKR,MDA,1255.589
LAO,CHN,1254.042
SWE,PRT,1253.253
UKR,CZE,1251.261
AUT,TJK,1248.404
FRA,PYF,1244.017
ESP,LBY,1241.846
ROU,SRB,1240.503
IDN,PER,1239.75
DEU,ARM,1238.783
ITA,HKG,1236.931
POL,TJK,1236.537
VNM,MOZ,1236.248
SVN,TWN,1234.896
CAN,AUS,1233.858
BGR,JOR,1232.306
IDN,KWT,1229.985
NLD,OMN,1229.838
KOR,MUS,1229.465
KOR,MOZ,1226.805
AGO,COD,1226.569
FRA,IDN,1226.423
HKG,CHE,1226.402
FRA,MKD,1223.816
ISR,FRA,1219.828
USA,BWA,1217.745
BEL,AGO,1216.911
PRT,QAT,1215.633
FRA,BGR,1214.065
ESP,AND,1210.626
MEX,PER,1206.164
AUS,JPN,1202.82
AUT,BIH,1201.512
MEX,NOR,1198.066
CAN,FIN,1195.108
FRA,SRB,1192.797
KOR,DNK,1190.443
IRL,FRA,1189.309
KEN,ZMB,1186.733
TWN,PRT,1183.002
CHN,NCL,1182.891
LVA,POL,1182.125
GRC,AUS,1181.413
MYS,IRN,1180.531
NOR,NAM,1179.292
GBR,HRV,1178.525
ITA,JOR,1171.59
CHN,MNE,1171.559
SGP,THA,1171.482
SWE,EST,1169.577
FRA,BEN,1169.256
POL,PHL,1168.354
PRT,CZE,1166.445
AUT,TUN,1166.43
ARE,BFA,1164.784
ITA,IDN,1163.189
SGP,NOR,1162.622
BEL,LTU,1162.325
CHE,PER,1162.145
MEX,SAU,1161.132
SVN,JOR,1160.254
COL,CUW,1158.479
GBR,NZL,1155.877
TWN,CHL,1150.253
ARG,URY,1147.589
FIN,KOR,1147.35
JPN,PER,1146.586
DEU,BHR,1144.441
OMN,BHR,1143.465
FIN,SAU,1143.036
HUN,IDN,1140.359
SWE,CHL,1140.276
USA,CUW,1139.394
TUN,POL,1137.751
LVA,USA,1137.724
PRT,HUN,1136.887
ESP,HKG,1133.178
ESP,MDA,1130.009
TUR,LBR,1129.235
BGR,CHE,1128.878
MEX,POL,1123.226
UKR,ARM,1121.758
MEX,KOR,1120.63
TUR,SAU,1119.785
ITA,COL,1117.983
DEU,NGA,1117.158
MYS,YEM,1115.93
AUS,DEU,1108.155
PRT,USA,1107.329
SVN,KOR,1107.256
CHL,BOL,1105.57
CAN,GBR,1104.708
IND,BOL,1104.687
IND,LBY,1104.491
CHL,AUS,1103.988
NOR,LKA,1103.861
SWE,LBY,1103.653
ESP,CIV,1101.264
MYS,NZL,1100.854
CAN,HKG,1100.816
ITA,ARG,1100.165
SLV,USA,1098.981
CAN,DEU,1097.78
POL,HKG,1097.475
BGR,ZAF,1096.906
FIN,IDN,1095.339
PER,BOL,1093.025
BEL,ARE,1092.607
EGY,KEN,1091.282
NLD,SRB,1090.843
USA,SUR,1089.007
CHN,PSE,1087.475
POL,JOR,1087.2
TUR,GIN,1086.364
VNM,GRC,1074.372
CAN,POL,1073.307
SWE,SVK,1070.27
COL,BOL,1067.09
FRA,GNB,1066.937
TUR,NGA,1063.799
GRC,BGR,1063.41
LTU,EST,1062.94
IRL,ARE,1062.213
HUN,SVN,1059.2
KOR,ETH,1058.263
USA,PAK,1053.872
CHL,MEX,1053.228
USA,HRV,1049.484
CYP,ISR,1047.186
SVN,IRL,1046.725
ITA,GHA,1046.702
FRA,ARG,1045.162
IRL,ZAF,1044.81
USA,BHR,1044.341
BEL,AUS,1042.476
HKG,SRB,1042.306
IND,GIN,1039.898
TUR,IRL,1039.84
AUT,CMR,1039.557
LKA,GBR,1038.979
BGD,BHR,1038.709
KOR,PRT,1037.776
GBR,LUX,1037.0
SGP,CHE,1035.905
SWE,HKG,1035.54
NLD,NGA,1033.938
IND,IRN,1032.218
VNM,ECU,1029.934
SGP,UKR,1027.233
LBN,SYR,1026.497
GBR,MYS,1026.484
DEU,PAK,1025.912
DEU,ALB,1024.572
ROU,BGR,1024.207
BGR,SVK,1022.336
SGP,DNK,1021.138
THA,RUS,1017.345
CZE,UZB,1016.989
SVN,CHL,1015.224
IDN,PRT,1014.593
EST,UKR,1014.228
VNM,LBN,1012.942
NLD,CUW,1012.123
PRT,CPV,1011.904
SWE,IRL,1011.546
MYS,CHL,1010.193
ISL,USA,1009.29
PAN,HKG,1007.479
GBR,JOR,1004.269
SRB,MNE,1003.631
LUX,CZE,1003.223
ESP,OMN,1002.7
KOR,PAK,1001.891
PRT,BEL,1001.609
FRA,COL,1001.334
BLR,KAZ,1000.961
THA,LBN,1000.837
HUN,IRL,1000.567
CZE,MNE,1000.061
USA,BMU,999.47
TUR,CHN,995.797
ARE,NZL,995.109
TUR,NIC,995.075
GRC,LTU,994.829
SVK,GBR,992.76
USA,VGB,992.323
GRC,SGP,992.141
GRC,IRL,991.563
ARG,DEU,991.148
CZE,SGP,991.138
AUS,IDN,989.136
KOR,BLZ,988.392
TWN,DNK,988.25
JPN,COL,988.242
GBR,LBY,987.386
NZL,AUS,986.244
KOR,BHR,984.498
BLR,GEO,983.84
VNM,MAR,983.385
AUT,MYS,983.075
POL,PER,981.752
ITA,IRQ,980.843
PRT,CHN,980.145
ISR,CHN,979.033
THA,KWT,977.816
IDN,IRL,977.743
KOR,BHS,975.691
SVK,ITA,973.351
BEL,FIN,972.896
ITA,AZE,972.714
IND,CHL,972.645
KOR,MLT,970.71
KOR,ARG,967.983
FIN,THA,967.705
SWE,THA,964.19
KOR,ECU,962.589
ESP,DNK,961.914
USA,MAR,961.144
HKG,PRY,961.114
SWE,TUN,959.973
SGP,AUT,959.935
SWE,BGD,956.979
NLD,BGR,956.394
TUR,CAN,956.305
GRC,JOR,954.62
PRT,BIH,954.005
KAZ,ARM,951.839
THA,BRN,948.059
HUN,LUX,947.737
POL,ISL,946.661
FRA,TWN,944.787
VNM,BHR,943.922
ZAF,MUS,943.195
ESP,DZA,941.259
ZAF,AUS,940.894
CHN,LSO,938.203
PHL,ARG,938.191
USA,ATG,937.904
IND,AGO,937.305
ITA,ECU,936.392
SGP,CZE,935.054
ZAF,UGA,930.028
JPN,FJI,927.345
KOR,FJI,927.264
DEU,PHL,922.227
IDN,BRN,920.376
FRA,AGO,918.101
NZL,USA,916.978
POL,LUX,916.926
SGP,BGR,916.443
IRL,DEU,916.296
PRT,EGY,915.083
SVN,SWE,914.573
CAN,HUN,913.917
BRA,FRA,913.683
IDN,CAN,910.856
HKG,THA,910.052
DNK,CAN,909.72
UKR,NZL,908.88
FIN,CRI,908.095
GRC,HRV,907.952
IND,EGY,907.337
MYS,SEN,904.953
CZE,CYP,904.841
AUT,MEX,904.753
GBR,SVN,903.181
ITA,PHL,901.811
USA,MDV,899.982
UGA,TZA,896.782
TUR,SDN,895.514
DEU,JOR,893.919
ESP,CYP,892.373
SVK,BEL,889.679
MEX,CZE,889.409
PHL,SRB,888.182
VNM,HND,887.966
ARE,NER,886.79
FJI,WSM,885.549
POL,QAT,885.024
FRA,LTU,883.567
ESP,SVN,881.42
USA,KNA,880.797
ZAF,HKG,879.449
CHE,CZE,874.408
IRL,BEL,873.179
BGR,EST,872.863
ESP,IRQ,872.418
TWN,NZL,872.063
PHL,MDV,867.79
GRC,PAN,867.655
MEX,BHR,867.448
BIH,MNE,860.583
ZAF,SWE,859.981
CHL,THA,858.499
POL,GEO,857.895
NOR,ISL,856.982
GBR,SRB,856.577
CHN,MLT,856.441
ESP,ECU,856.402
CHE,ZAF,854.971
IDN,NZL,852.239
JPN,BGD,851.702
CHE,VNM,851.158
SVN,ARG,850.18
CAN,TWN,849.614
DNK,AUS,848.463
DEU,BGD,847.519
NOR,CHE,847.313
LVA,FIN,845.312
FRA,BLM,844.867
MEX,THA,840.168
TUR,SUR,836.361
KOR,LAO,836.117
TUR,TZA,835.049
SVN,IRQ,831.469
THA,CAN,830.677
POL,ARG,828.981
HKG,ECU,825.864
USA,OMN,822.338
TWN,PER,820.018
EST,ROU,819.803
IND,MOZ,816.363
BGR,KAZ,816.095
SAU,DEU,814.754
IRL,GRC,812.103
AUS,SGP,811.411
AUT,KAZ,809.85
ESP,SGP,808.699
MYS,MRT,807.395
QAT,SAU,806.516
CHL,COL,804.594
CHE,ARE,804.067
GBR,THA,803.025
MEX,AUT,802.785
DEU,PAN,800.856
MYS,GMB,800.844
NLD,CAN,799.64
MKD,NLD,797.722
POL,MDA,797.129
BGR,QAT,795.356
ARG,THA,792.801
TUR,YEM,792.788
MYS,EGY,791.179
THA,LKA,790.328
CHE,TUR,789.676
NLD,MLT,789.362
USA,AIA,789.153
IDN,KEN,788.472
MYS,SVK,787.614
SGP,MMR,786.33
ITA,CUB,784.663
BWA,ZAF,783.274
AUT,KOR,783.208
ESP,LVA,782.988
DNK,GRL,782.834
PRT,SVN,781.974
IND,MLI,780.96
ARE,DOM,780.068
BWA,MWI,779.126
NOR,BRA,777.165
ROU,IRL,776.546
IDN,GTM,776.384
TUR,AUT,775.976
GBR,EST,775.825
EST,FIN,773.386
USA,PRY,773.259
SGP,BRN,772.785
BEL,IND,770.218
CHN,KIR,769.662
ITA,EST,769.577
SWE,PER,768.332
CHL,ESP,767.099
SRB,AZE,767.038
FIN,ITA,766.696
PHL,ESP,766.517
THA,MAR,765.851
SVK,HRV,763.047
HKG,EGY,762.697
KOR,CIV,762.343
BGD,SGP,761.735
GTM,HND,760.348
DNK,IND,759.901
TUR,PAN,759.403
MLT,ITA,758.754
CAN,DOM,757.769
SWE,MAR,757.732
NOR,ITA,755.97
COL,BRB,755.171
PAN,CRI,753.357
FIN,NLD,751.661
CZE,ARM,751.596
SGP,TUR,750.627
MAR,LBY,748.447
USA,GRD,747.738
TWN,CRI,745.427
MYS,FIN,745.382
BLR,ARM,744.858
IND,GRC,742.762
HRV,SGP,738.326
SVK,DNK,737.344
IDN,UGA,736.801
GRC,COL,736.679
MEX,TUR,736.256
CZE,TWN,735.258
NOR,SGP,735.249
FIN,DNK,733.485
KEN,COD,732.737
VNM,BOL,731.625
FRA,KWT,731.538
CZE,KOR,731.425
CZE,HKG,731.155
DEU,TKM,729.58
GBR,NGA,728.082
UKR,GEO,727.709
AUT,TWN,727.211
KOR,BRN,726.699
SVN,DZA,726.239
BGD,IDN,725.186
AUT,CYP,725.149
ITA,PYF,724.264
IDN,OMN,720.196
HUN,JPN,719.992
ARE,GRC,719.949
CHE,IND,719.6
DEU,ZWE,719.247
FRA,EST,719.015
ARE,IDN,718.353
ITA,GEO,718.002
USA,SRB,717.42
FIN,MNG,717.398
TUR,COG,716.848
LKA,IND,716.723
ZAF,AGO,715.707
MEX,CHL,712.65
DNK,BGR,711.705
MYS,COL,711.045
BGR,HRV,709.535
KOR,VCT,709.325
SGP,SWE,707.768
IND,NOR,706.902
TWN,LTU,706.73
ITA,OMN,706.175
VNM,SVN,703.569
LVA,CZE,702.586
SVK,NOR,702.541
SWE,ISL,701.035
VNM,DOM,700.685
MEX,MAR,700.219
IND,CHN,700.179
USA,GRC,699.39
DEU,VEN,698.687
NLD,ALB,698.598
HKG,ZMB,698.015
LUX,ISR,697.519
NOR,ARE,697.119
PER,PAN,696.945
IND,GTM,695.607
THA,GTM,695.382
LBN,ZMB,693.837
THA,ZAF,691.977
CZE,IND,691.708
ROU,DNK,691.326
TWN,SVN,690.623
IDN,SOM,690.071
ZWE,MWI,689.928
THA,POL,689.36
TUR,DJI,689.132
PHL,UKR,688.469
BGD,SAU,688.156
NOR,EST,687.429
AUS,HRV,685.242
TUR,THA,683.247
UGA,KEN,682.899
LTU,DNK,682.087
THA,FRA,681.963
TUR,CMR,679.221
BGR,TUN,677.094
ARE,THA,676.566
PHL,TUR,676.552
ROU,GRC,675.101
MYS,TZA,674.27
VNM,GTM,674.111
BEL,BHS,672.669
JPN,BOL,672.027
GBR,OMN,670.452
IRL,NLD,670.301
POL,KWT,669.792
ESP,BHR,669.385
GRC,SEN,668.236
DEU,MLT,667.831
GBR,ZWE,663.797
TUR,MLI,663.577
ARE,MDG,663.301
IND,HTI,662.691
NLD,MAR,662.377
IRL,NOR,662.363
LUX,ZAF,662.289
KOR,BRB,662.08
GBR,VEN,661.667
CHE,DNK,660.527
HKG,NOR,656.523
IDN,IRN,656.447
IDN,VNM,655.227
CHN,CYM,654.804
DEU,CRI,654.49
TUR,GUY,654.478
MYS,ECU,654.233
ROU,EST,654.155
FRA,DJI,653.549
ECU,BRB,652.938
TUR,HND,652.874
SRB,BGR,652.623
ESP,VNM,652.374
IDN,CHE,650.627
IDN,CHL,649.889
BGR,MDA,649.207
CYP,DNK,649.11
USA,AZE,649.069
JPN,ARG,648.201
ESP,GIB,647.86
GBR,IRQ,646.946
ITA,BHS,646.485
CHN,BDI,645.445
ITA,LTU,644.79
IND,CHE,644.263
SVK,ESP,643.026
AUT,IND,642.651
ISR,GBR,642.471
ITA,ETH,641.421
USA,BRN,639.96
BRA,TTO,639.337
THA,DEU,638.961
BRA,ECU,638.537
TWN,GRC,635.393
BEL,RUS,634.566
MYS,GRC,633.967
KOR,UGA,632.611
DEU,KEN,632.609
HUN,ZAF,631.456
ARE,SYC,630.861
USA,EST,629.777
DNK,CHE,629.772
TUR,FIN,629.734
SAU,LBN,629.549
CHN,TLS,629.547
ESP,KEN,628.934
POL,NCL,626.416
USA,WSM,626.283
BEL,ZAF,626.253
NOR,BEL,625.71
TWN,EST,623.92
THA,ESP,623.198
BRA,HKG,622.312
GRC,UKR,621.216
MEX,ZAF,620.294
MUS,ZMB,619.032
BLR,UZB,618.715
ROU,LTU,617.309
DEU,SEN,617.255
ITA,LVA,615.961
VNM,SLV,615.62
MYS,MMR,613.249
SGP,BEL,611.383
EST,ITA,610.601
ESP,GRC,609.965
ROU,CHE,609.939
KEN,SSD,608.998
CZE,JPN,608.372
SGP,NAM,607.361
DNK,JPN,607.195
GBR,IDN,606.473
PRT,PER,605.265
SRB,POL,604.189
GBR,DZA,602.041
BEL,HKG,600.048
CHL,AUT,599.091
SGP,KHM,595.517
TUN,DEU,593.807
HKG,HRV,592.83
LTU,GBR,592.167
ESP,DOM,591.362
LBN,TUR,591.012
ECU,TTO,590.3
TUN,ESP,589.595
CHE,ROU,589.22
LUX,BRA,587.172
CZE,KWT,587.017
CAN,ESP,586.875
DEU,IRN,586.097
ROU,CHN,584.876
NLD,JOR,582.606
AUT,HKG,581.974
POL,VNM,581.198
COL,DEU,581.134
IDN,COL,579.691
DEU,MNE,579.085
USA,BGD,579.008
DEU,KGZ,578.45
TTO,DOM,577.992
USA,SVK,577.564
BGR,AZE,576.704
GRC,SWE,574.833
URY,DEU,573.687
LUX,NLD,572.897
ITA,URY,571.785
USA,LVA,570.223
TUN,SEN,569.576
IND,MWI,568.404
HUN,BRA,568.159
ITA,VNM,567.96
POL,KGZ,567.664
USA,GHA,566.787
ZAF,SLE,566.348
CHN,TON,566.205
LAO,CAN,564.672
BOL,NLD,564.557
PHL,QAT,563.022
ARE,DNK,562.851
ARE,EGY,562.504
CAN,CRI,562.146
GBR,ARG,561.859
GRC,GTM,559.711
ARM,RUS,558.949
IND,GAB,558.737
MOZ,ZWE,558.173
CZE,ARE,557.818
IND,AUT,557.72
PHL,NOR,557.641
DNK,AUT,557.564
PHL,KAZ,556.336
MKD,ALB,553.644
ESP,IND,551.516
FRA,TGO,550.533
HUN,NZL,550.022
VNM,PAN,549.865
AUT,ALB,549.701
LTU,ROU,549.508
ZAF,CZE,549.061
UKR,KAZ,548.645
KOR,HRV,548.575
AUT,EST,548.513
SGP,ESP,548.192
KOR,COD,547.518
JPN,ZMB,547.201
ESP,PAN,546.749
SVK,FRA,545.381
CHL,CHE,545.041
EGY,GBR,543.26
ZAF,RUS,542.612
BGR,USA,542.203
CHN,GNQ,541.768
VNM,LKA,541.679
CHE,HUN,541.63
BEL,HRV,538.743
CAN,SWE,538.393
COL,ESP,538.224
CZE,ISR,538.072
FIN,ROU,537.299
RUS,TUR,536.833
NZL,FJI,535.895
MYS,KEN,535.851
ZAF,ARE,534.824
POL,CYP,534.444
ZMB,ZWE,534.419
SVK,ARE,534.283
BGR,HKG,531.84
LTU,POL,531.038
NOR,NGA,531.003
TUR,MYS,530.386
SWE,KAZ,530.251
IRL,POL,529.141
CZE,SAU,529.037
KOR,BOL,528.491
PRT,KAZ,528.259
IDN,CZE,527.914
ROU,MDA,527.781
DEU,NAM,527.061
BIH,ITA,526.899
SVN,THA,526.49
GBR,AGO,525.685
PRT,UKR,525.241
CHN,BTN,523.661
BEL,BRA,523.569
LKA,DEU,523.057
GBR,AZE,522.937
BRA,ESP,522.533
IND,PER,521.559
MEX,ARG,521.431
FJI,PNG,521.333
HKG,PAK,521.225
ITA,PRY,520.924
FRA,ECU,520.418
DOM,USA,519.958
KOR,TZA,519.18
ITA,LUX,519.042
ARE,ZMB,518.147
EGY,TUR,517.363
MAC,HKG,517.231
HKG,TUR,517.225
COL,CZE,516.787
KOR,LCA,513.59
CYP,NGA,513.134
CHE,SVN,513.032
HRV,MNE,512.264
ESP,URY,512.003
GRC,SAU,511.524
TZA,MWI,511.17
LTU,MYS,511.063
ROU,TWN,510.662
THA,QAT,510.387
DEU,GTM,509.09
SWE,URY,508.768
UKR,BGR,508.395
NLD,MLI,508.193
FRA,LBN,507.448
ROU,ZAF,506.825
NLD,TWN,506.675
CHE,MAR,506.416
TZA,UGA,505.819
CAN,BEL,505.662
HRV,HUN,505.601
DEU,DOM,504.769
ARE,HKG,504.683
GRC,MLI,504.519
TUR,MUS,504.511
POL,COL,503.776
FRA,ETH,503.639
IRL,CZE,503.412
TWN,PRY,502.853
DEU,URY,502.242
KOR,KGZ,502.213
CHE,SVK,501.426
MAR,SEN,501.288
SVK,SRB,500.877
ARE,QAT,500.682
BWA,ZMB,500.535
USA,MRT,500.499
KOR,MKD,499.238
PRT,EST,498.909
NOR,LTU,496.828
KOR,MDA,496.181
ARE,CZE,495.348
EGY,MAR,494.479
HKG,COL,492.425
CHL,SAU,492.388
BGR,ARE,491.233
AUS,HKG,491.221
DNK,ARE,490.862
CAN,ITA,488.855
HUN,EGY,488.521
ISR,AUS,488.196
GBR,KWT,487.281
FJI,NZL,487.211
PHL,UZB,486.229
KEN,BDI,485.701
USA,TZA,484.772
CAN,NOR,482.975
OMN,QAT,482.927
KOR,MAR,482.822
AUT,NZL,482.414
AUT,KWT,482.122
KOR,BEN,481.752
TUR,NOR,481.742
HKG,LVA,481.463
TWN,LBN,481.392
ITA,NCL,479.548
AUT,MLT,479.462
NOR,AUT,479.078
EST,CZE,478.6
CAN,ARE,478.467
ESP,NGA,477.287
PRY,BRA,476.252
SVN,EST,476.167
GRC,SVK,475.214
THA,DNK,475.213
BGR,CYP,474.397
MEX,FIN,473.107
JPN,KWT,472.948
CZE,LUX,472.497
ESP,BIH,471.823
FIN,EGY,471.703
SVN,BOL,470.833
CHE,CHL,469.394
PRT,KWT,468.065
BGR,EGY,467.759
GBR,KEN,467.27
CRI,IRL,466.509
ISR,KOR,466.036
MKD,UKR,465.901
CAN,JPN,465.431
ESP,SEN,465.159
HKG,PAN,464.321
ZAF,POL,463.762
THA,NLD,463.654
FRA,GHA,463.322
CHN,ABW,463.27
CZE,GEO,463.112
AUS,VNM,462.186
NLD,IRQ,462.068
ZAF,SXM,461.7
HRV,POL,460.963
MYS,AZE,459.937
FIN,ARE,458.852
SVN,ECU,458.715
ROU,SVN,458.034
ARE,TZA,457.563
POL,BHR,456.962
ITA,MMR,456.839
NOR,MRT,456.009
POL,ARM,453.145
HRV,FRA,452.804
DNK,CHN,452.731
BRA,IDN,452.605
IDN,BEL,451.634
THA,KEN,450.608
BGR,LBN,450.307
EGY,SDN,449.04
USA,COG,448.694
PRT,BHR,448.084
CZE,COL,448.072
GTM,SLV,447.017
CAN,IDN,445.793
CHE,QAT,443.007
CZE,TUN,442.133
TUR,MNE,441.811
KOR,ARM,441.793
ECU,SLV,441.774
JPN,PRT,441.261
CHN,FSM,440.667
AUS,FRA,440.336
PHL,VNM,438.389
CHN,SWZ,437.667
USA,MOZ,436.073
MKD,MNE,435.912
MYS,SVN,434.63
IND,BEN,434.461
ITA,MUS,434.344
ITA,PER,434.137
EGY,LBY,434.064
HKG,LKA,433.749
AUT,LUX,433.168
POL,AZE,432.732
CHL,PER,431.933
UZB,RUS,431.617
BGR,AUS,431.465
FRA,MOZ,431.005
CAN,KOR,430.736
BGR,BLZ,430.661
ESP,MNE,430.271
TKM,AZE,430.046
DNK,COD,429.646
ZAF,GHA,429.587
MEX,QAT,429.011
IND,COL,428.418
TUR,MLT,428.246
UZB,TJK,427.868
DNK,GRC,427.715
PRT,BRA,427.065
PRT,COL,426.965
AUT,SAU,426.213
DEU,PSE,425.242
IDN,TLS,425.234
USA,DMA,424.893
ISR,COL,424.866
GBR,KAZ,423.767
KOR,LKA,422.957
FJI,TON,422.858
TTO,BRB,421.391
UKR,BEL,421.382
USA,DZA,421.112
ZWE,MOZ,421.11
KOR,PYF,420.794
DEU,TZA,420.755
GBR,LTU,420.502
IND,PRY,420.001
HKG,PRT,419.893
USA,SYC,418.977
DEU,AGO,418.694
BEL,GIN,418.397
AUT,EGY,417.826
THA,NZL,417.802
ARG,BRA,416.472
IDN,PRY,415.948
BEL,EST,415.779
KGZ,FRA,415.731
TUR,SGP,415.691
NLD,QAT,415.553
TUR,GMB,415.386
CHN,GRD,414.911
HRV,AUT,414.599
NZL,TON,414.531
TUR,SOM,413.703
LUX,ESP,413.441
NZL,VNM,412.964
TUR,BHS,412.338
GRC,CHL,411.95
SLV,GTM,411.662
UKR,GHA,411.321
JPN,CRI,411.157
GBR,COL,410.871
CHE,PHL,410.477
ISR,ESP,410.415
ITA,NZL,410.135
MEX,URY,410.094
AUS,ARG,409.235
MEX,SVK,408.955
ISR,CHE,408.37
KOR,ZMB,408.193
CYP,GRC,407.999
DEU,MUS,407.745
EGY,LBN,407.731
ARE,PAK,406.788
HUN,EST,406.271
JPN,SRB,406.13
LAO,TWN,405.538
BEL,KEN,404.365
MYS,ZWE,404.135
CAN,CUB,402.936
USA,ZMB,402.076
JPN,MDV,401.981
DEU,TJK,401.652
DNK,UKR,401.461
SGP,SVN,401.227
DNK,ROU,400.605
BGR,IRQ,399.456
MLT,USA,399.371
ROU,BIH,399.244
ZAF,MDG,398.228
MLT,CZE,397.655
LUX,HUN,397.043
JPN,MHL,396.892
PRT,TUN,396.885
NLD,PHL,396.533
BEL,ZMB,396.438
TWN,GTM,395.788
ESP,ARM,394.142
NLD,PSE,393.814
HKG,FJI,393.712
NLD,GEO,393.647
USA,NAM,393.352
SRB,FRA,393.309
LVA,DEU,393.285
SWE,JOR,393.182
AUS,CAN,393.007
MYS,SWE,392.495
GRC,TWN,392.411
ITA,COD,392.196
TWN,MAR,392.122
NLD,BRN,392.098
TWN,PAN,391.974
GBR,PHL,391.406
CHL,IDN,389.944
SVN,GEO,389.812
CHL,UKR,389.254
ARE,AGO,388.567
DEU,PRY,387.555
HKG,URY,385.589
IDN,POL,385.323
AUT,MNE,384.605
VNM,PRY,384.262
ZAF,MLI,384.163
FRA,CYP,384.037
HKG,CHL,383.467
SGP,ARG,383.398
PHL,COL,382.788
LUX,CHN,382.732
POL,LBN,380.125
UKR,TUR,379.591
SRB,AUT,379.044
CHE,EGY,378.941
POL,MUS,378.429
GBR,BHR,378.184
ISR,CAN,378.058
DEU,LKA,377.809
TUR,CUB,377.795
DEU,GHA,377.092
NLD,MDA,376.67
DEU,TGO,376.424
PHL,ZAF,376.027
SAU,MAR,375.388
COL,ABW,374.8
TZA,ZMB,374.674
CZE,MLT,374.513
VNM,ISR,374.0
MAR,GBR,373.28
MYS,SRB,373.124
GRC,MLT,372.858
KOR,ZWE,372.657
ITA,KAZ,372.612
NLD,BFA,372.484
CAN,HTI,372.453
SVN,IDN,372.335
JPN,TZA,371.934
FRA,AZE,371.72
IND,MDV,370.779
NLD,ISL,370.759
SVK,CAN,370.106
BEL,VNM,369.965
MYS,KAZ,369.458
AUT,ISR,369.316
DEU,KHM,369.289
DNK,TWN,368.951
FIN,SGP,368.94
TUR,VNM,368.496
MYS,RUS,368.452
THA,BEL,368.164
CHE,THA,367.554
ITA,LBY,367.39
ZAF,SVN,366.597
LTU,FRA,366.438
HUN,IND,366.166
ITA,AGO,365.859
CHN,ATG,365.792
VNM,AZE,365.228
NOR,BGR,363.97
JPN,UKR,362.46
LVA,ITA,362.154
KOR,GUY,361.986
SWE,NZL,361.796
ESP,MKD,361.787
NGA,BEN,360.194
SGP,PNG,359.757
GBR,TZA,359.488
ESP,MRT,359.424
LTU,SWE,358.896
FRA,PHL,357.779
ISR,POL,357.61
ESP,TZA,357.143
FIN,CZE,355.466
HKG,MWI,355.271
AUS,KEN,355.161
FRA,BHR,354.109
ROU,JPN,353.97
ESP,BOL,353.871
CHE,PRT,352.913
MYS,SOM,352.854
EST,DNK,352.351
DNK,IRL,352.316
KOR,KEN,351.919
NLD,BRA,351.866
NGA,NER,351.42
ROU,LVA,351.244
AUT,BHS,351.082
ESP,MUS,350.735
IND,SVN,350.693
GBR,UZB,350.659
CHE,BRA,350.287
USA,LBR,349.425
TUR,OMN,349.244
LKA,FRA,348.979
FRA,IRQ,348.486
LTU,ITA,348.187
BGD,TWN,348.093
BRA,ZMB,347.838
KOR,CUW,347.436
NAM,NOR,345.89
CAN,SGP,345.294
BEL,MKD,345.226
SGP,QAT,344.819
IND,ZWE,344.473
AUS,BRA,344.094
GRC,EGY,343.31
NLD,KAZ,342.134
AUT,MAR,341.744
ARE,MWI,341.38
VNM,ISL,340.79
BEL,MYS,340.371
TWN,HRV,340.268
USA,LBN,339.917
THA,TUR,339.436
PRT,MOZ,339.085
GRC,CRI,339.0
BHR,SAU,338.677
ROU,CAN,338.481
HRV,CZE,338.018
AUT,CHL,337.607
GRC,HUN,337.329
BRA,GBR,336.891
POL,ALB,336.427
HUN,ISR,335.733
TTO,GUY,334.969
SVN,KWT,334.498
CHE,IRL,334.077
NLD,DZA,333.788
LTU,NOR,332.529
GRC,SLV,331.903
NLD,MYS,330.165
CHL,NOR,329.07
ZMB,TZA,329.061
CHE,COL,328.562
IND,TKM,327.989
HKG,TWN,327.709
HKG,BEL,327.707
JPN,HND,327.225
USA,VCT,326.864
HKG,CYP,326.778
GBR,GEO,325.792
USA,TJK,325.365
USA,TON,324.423
ITA,PAK,323.718
DNK,HRV,323.665
HKG,CIV,323.227
JPN,MAC,322.871
SGP,LKA,322.823
CHE,SGP,321.238
SGP,ARM,320.896
UZB,KAZ,319.838
PHL,PER,319.707
PHL,HND,319.099
BGR,ALB,318.637
DEU,CMR,318.296
IRL,IND,318.059
NLD,CUB,317.287
ISR,FIN,316.546
NLD,IDN,316.278
DEU,BEN,316.118
JPN,QAT,314.898
ARE,KWT,314.38
PRT,THA,314.28
USA,PYF,314.192
NOR,AUS,313.987
ITA,MDG,313.367
GBR,GHA,313.258
CZE,NGA,312.403
ZAF,NZL,312.38
TUR,BOL,311.756
SVN,LBN,311.703
KOR,ALB,311.647
FIN,JPN,311.172
GBR,VNM,310.756
ITA,ISL,309.411
BEL,GHA,308.99
FRA,PER,308.865
HUN,MNE,307.221
ESP,MDG,306.762
AUT,ISL,306.644
BGR,ETH,306.482
NZL,WSM,305.954
SWE,BHR,305.536
NAM,UGA,305.525
ZAF,IRL,305.203
SWE,AZE,304.609
PRT,NGA,304.523
HUN,HKG,304.265
ARE,ZWE,303.621
IRL,CHE,303.451
BGR,BHS,302.585
SWE,LBR,302.433
USA,GNQ,301.841
FIN,IRL,301.609
ESP,AZE,301.547
NLD,BES,301.217
ARE,NAM,301.206
TUR,GAB,300.992
CHE,MEX,300.325
USA,MHL,300.243
USA,CYP,298.9
GBR,SVK,298.513
GRC,LBN,298.074
IDN,AFG,297.867
ROU,NOR,297.557
PAK,TUR,297.321
SWE,MNG,296.566
CHE,JAM,296.558
ISR,MEX,296.103
UGA,SSD,295.615
MEX,IND,295.244
BGR,AUT,294.26
COL,BHS,294.245
CZE,CHL,294.18
DEU,BRN,293.851
ESP,MYS,293.788
MEX,EGY,293.732
THA,JOR,293.573
IND,UZB,293.025
FIN,OMN,292.715
ITA,ARM,292.602
PRK,BHS,291.82
TUR,GTM,291.621
NAM,NGA,291.373
MOZ,CHN,291.165
LUX,DNK,291.092
SWE,UKR,291.041
USA,MLT,290.302
SGP,PAK,290.104
PRT,STP,289.786
BRA,CRI,288.907
THA,TZA,288.56
ROU,AUS,288.261
ITA,BHR,287.993
GBR,GRC,287.833
BEL,DZA,287.089
KOR,NPL,286.943
THA,ETH,286.808
SWE,COL,286.584
USA,LCA,286.373
VNM,URY,285.97
ITA,CIV,285.182
HKG,BOL,285.113
SVN,LTU,285.026
DEU,MDG,284.962
IRL,HRV,284.962
AUS,VUT,283.773
ISR,CZE,283.753
AUS,NCL,283.571
PER,URY,283.566
NLD,VNM,283.469
GRC,UZB,283.441
DEU,CIV,283.231
UGA,RWA,282.17
BEL,SVN,281.882
IND,PAN,281.745
ESP,MOZ,281.625
FRA,LVA,281.178
SEN,KWT,280.986
ITA,CAF,280.496
LTU,UKR,280.443
EST,ARE,280.091
THA,MDV,280.067
EST,TUR,279.91
CRI,CAN,279.657
ESP,GEO,279.304
FRA,ZMB,279.266
DEU,TTO,278.485
IDN,MMR,278.456
VNM,NIC,278.199
LKA,USA,277.555
GBR,ETH,277.239
HRV,ESP,277.214
IND,BFA,277.2
NOR,PRT,277.023
EST,NLD,276.468
MDA,TUR,276.219
BRA,CUB,276.151
VNM,LTU,276.085
MYS,TUN,276.08
CRI,DEU,276.021
USA,BFA,275.8
AUT,QAT,275.686
FIN,CHE,275.231
ESP,PRY,274.996
AUS,ARE,274.958
AUT,GEO,274.757
NOR,ROU,274.424
SGP,SAU,274.189
KOR,MDV,273.492
HUN,MAR,272.68
EST,NOR,270.804
BEL,SGP,270.231
DNK,PRT,269.955
LVA,KGZ,269.745
FRA,OMN,269.075
ESP,GAB,268.45
PER,GTM,268.317
BGD,TZA,267.742
DEU,NCL,267.648
CAN,SAU,267.124
SVN,BGR,266.906
BEL,SVK,266.123
HUN,THA,265.876
TUR,NAM,265.274
HUN,LTU,264.573
CHE,MNG,263.856
ZAF,OMN,263.71
NLD,THA,263.142
ESP,PHL,263.088
EST,MAR,262.196
BGD,IND,261.952
USA,MAC,261.647
ARE,KEN,261.637
DEU,BOL,261.285
KWT,IND,259.371
SGP,COL,258.972
COL,POL,258.758
BEL,ISL,258.711
COL,HTI,258.542
ITA,CMR,258.278
IND,ETH,258.008
TUR,COD,257.69
TWN,ROU,257.459
SVN,LKA,257.345
ITA,UGA,257.267
MYS,BRN,256.962
SVN,ARM,256.795
ECU,VEN,256.48
SRB,MKD,256.234
POL,CIV,256.003
BEL,COD,255.966
BRA,GTM,255.732
ISR,SEN,255.414
PAN,GTM,254.378
HKG,COD,253.994
FIN,PRT,253.506
SVK,CHE,253.42
DNK,EST,253.216
FRA,NER,251.794
MEX,NZL,251.754
CZE,MKD,251.62
FRA,CRI,251.048
KOR,LTU,250.971
FRA,PAN,250.664
SVN,ISL,250.453
ITA,MDV,249.898
ROU,EGY,249.863
SAU,CHE,249.434
FRA,PNG,249.272
CZE,DZA,249.23
SVK,KAZ,248.923
IND,GUY,248.857
NOR,JPN,248.465
THA,SAU,248.409
PHL,MAR,248.395
JPN,PRY,248.173
GBR,MLT,248.126
IDN,ARG,247.944
BEL,KAZ,247.555
SWE,PRY,247.374
KEN,SDN,247.222
CUW,ARM,246.459
GRC,ALB,246.387
SAU,ZAF,245.711
PHL,PNG,245.442
SRB,CZE,245.251
SWE,PAN,244.409
MUS,SEN,243.839
ITA,GTM,242.971
AUT,GAB,242.892
MYS,CIV,242.547
IND,SLE,242.234
DNK,MEX,242.05
BGD,LBN,241.867
HUN,MDA,241.839
AUT,JOR,241.194
COL,LCA,240.698
CZE,PHL,240.632
DNK,TUR,240.554
IND,GMB,240.525
AUS,TWN,240.251
IND,MAR,240.22
SVN,CRI,240.165
SVN,TUN,240.114
SWE,LUX,240.059
VNM,BFA,239.786
VNM,ARM,239.744
HUN,ALB,239.623
CHN,WSM,239.586
DNK,UGA,239.524
UZB,BLR,239.42
VNM,MKD,238.182
JPN,TTO,237.186
PHL,MMR,237.158
PRT,DZA,236.734
AUS,ZAF,236.69
CAN,THA,236.187
TWN,AZE,236.133
IDN,ZAF,236.108
BGR,DOM,235.748
DEU,BFA,235.7
MEX,ECU,235.573
PHL,BHR,235.491
USA,DJI,235.216
ROU,KGZ,235.002
ROU,SGP,234.851
DNK,QAT,234.736
KHM,CHN,234.672
IND,POL,233.887
DNK,SDN,233.578
GBR,GUY,233.304
BGD,SYC,233.069
GBR,MUS,233.061
ZAF,HUN,233.028
IDN,MDV,232.761
CAN,TUR,232.24
DNK,BRA,231.887
IDN,MAR,231.783
TUR,PAK,231.688
COL,ATG,230.582
ECU,CUB,229.797
HRV,USA,229.492
JPN,ROU,229.251
HUN,LVA,227.715
CAN,MDV,227.527
CZE,ARG,227.367
BEL,KOR,227.072
SWE,ROU,226.901
NZL,COK,226.562
ITA,SEN,226.541
IND,BGR,226.516
FRA,MUS,225.933
DEU,SLE,225.412
CHE,CRI,225.307
SWE,KEN,225.121
HKG,IRL,225.063
IRL,AUS,225.025
IND,SYC,224.553
EST,GEO,224.3
MEX,HKG,224.209
MDA,UKR,223.692
MAR,LBN,223.665
BEL,CMR,223.222
NZL,JPN,223.077
CHE,IDN,223.069
SWE,BRN,222.869
VNM,NAM,222.771
DEU,MLI,222.262
AUS,ISR,222.175
BGD,EGY,222.003
JPN,BIH,221.95
POL,OMN,221.746
MAR,COG,221.135
ZAF,PAK,221.023
LVA,SWE,220.787
DEU,MMR,220.613
BOL,FRA,220.306
IND,GEO,220.286
IND,CZE,220.143
FRA,AND,219.177
OMN,GBR,219.06
DEU,SLV,218.841
NLD,TKM,218.833
ISR,IRL,218.586
FRA,GEO,218.006
CHE,SRB,217.514
URY,PER,217.143
ESP,MLI,216.495
TUR,IDN,216.42
COL,PRY,216.327
FRA,ISL,216.068
GRC,URY,216.022
BGR,NZL,215.953
SVN,MDA,215.925
GBR,FLK,215.755
TZA,KEN,215.354
HKG,TON,215.178
MLT,GBR,215.097
VNM,EST,215.066
TUN,PRT,215.05
ISL,POL,214.858
GBR,MDA,214.326
IRN,AZE,214.242
GRC,ARG,213.77
ARE,BEN,213.52
MAR,GMB,213.508
TUR,AUS,213.043
ITA,VEN,212.751
ARE,PER,212.354
NLD,UZB,211.785
USA,MKD,211.618
KOR,MNP,211.413
GBR,BRN,210.702
ESP,AGO,210.607
AUT,MNG,210.498
LBN,CHN,210.102
ESP,EST,210.002
MKD,IRN,209.742
MUS,MDG,209.607
CHN,VGB,209.18
JPN,ARM,208.942
DEU,SYC,208.936
SWE,PHL,208.846
DEU,UGA,208.817
ARE,TGO,208.496
BEL,MRT,208.45
SAU,DZA,208.077
HRV,TUN,208.03
ITA,DOM,207.781
ARE,CAF,207.51
PRT,SVK,207.301
ARE,SWE,207.048
CAN,CHE,206.993
BEL,JOR,206.907
TUR,SLV,206.658
ROU,JOR,206.537
USA,MDA,206.176
DEU,CUB,205.944
LTU,SVN,205.463
ITA,KGZ,205.417
ARE,GEO,205.271
HRV,SWE,205.121
JPN,GTM,204.555
GBR,ISL,204.379
MYS,PAK,204.158
AUT,SSD,204.018
SRB,ALB,203.671
ESP,CMR,203.636
THA,PAK,203.432
DEU,COD,203.366
BRA,LBR,203.301
DEU,BLR,203.259
GBR,GNQ,203.181
MAC,ISR,203.0
LTU,BEL,202.964
PAN,CHL,202.701
GBR,BRB,202.099
GRC,AUT,202.047
HUN,SGP,201.966
CHN,VCT,201.815
VNM,TUN,201.688
GBR,BIH,201.352
SLV,NIC,200.829
FRA,MRT,200.481
LTU,FIN,200.366
VNM,MDA,200.2
TUR,DNK,199.838
ARG,PER,199.629
THA,KAZ,199.573
LUX,SWE,199.103
EST,RUS,199.095
BGR,COL,198.997
SEN,MLI,198.899
MYS,TGO,198.874
POL,BGD,198.869
DNK,LVA,198.83
USA,BOL,198.798
ITA,BGD,198.632
CZE,BFA,198.249
HKG,PNG,198.189
CZE,AZE,198.037
TWN,EGY,197.965
HUN,MOZ,197.868
HUN,DNK,197.448
ROU,GEO,197.435
MLT,SVN,196.587
KEN,ETH,196.414
EGY,MUS,196.376
SGP,EST,196.352
PRT,AZE,196.257
ITA,KEN,196.251
HKG,GTM,196.194
TWN,LKA,195.546
GRC,KWT,195.508
FRA,URY,195.294
MEX,IRL,195.264
FRA,PAK,195.241
BEL,UKR,194.788
EGY,BHR,194.651
IDN,PAN,194.64
ARE,CHN,194.424
DEU,JAM,194.145
SVK,MYS,193.996
SGP,ECU,193.962
CZE,LBN,193.719
SVN,PER,193.506
HKG,ALB,192.281
NLD,IRN,192.14
ZAF,FRA,192.091
THA,GUY,191.966
MKD,KOR,191.695
GRC,SVN,191.543
SLV,HND,191.067
ARE,FRA,190.968
IRL,CAN,190.96
ZAF,BGD,190.694
PAN,COL,190.457
THA,COL,190.256
BRA,KOR,190.202
TWN,QAT,190.146
PAN,ECU,190.124
PHL,FIN,190.04
MYS,FJI,190.028
BEL,JPN,190.026
FRA,MDG,189.702
CZE,BHR,189.599
MUS,ZAF,189.166
ITA,BFA,189.079
GRC,LKA,189.078
HKG,EST,188.853
LKA,ESP,188.685
PRT,AUT,188.588
JPN,GRC,188.549
ZAF,SYC,188.084
BWA,NAM,187.989
TWN,CYP,187.626
CAN,CHL,187.522
KOR,CMR,187.062
DNK,BGD,186.876
IND,BRN,186.67
SAU,LBR,186.652
IDN,AUT,186.334
CHE,IRQ,185.852
NLD,LBY,185.822
KOR,GRD,185.606
DEU,SUR,184.942
BGD,JPN,184.671
ROU,KOR,184.122
CHE,ZMB,183.841
DEU,BLZ,183.3
ITA,TJK,182.958
ARE,BHR,182.258
GBR,ALB,181.948
TUR,ETH,181.927
NLD,PAK,181.712
IDN,TZA,181.612
NOR,LUX,180.696
PRT,BGR,180.343
EGY,ETH,180.0
DNK,KOR,179.508
DNK,SVN,179.452
SGP,IRL,179.357
GBR,SEN,179.306
COL,SUR,179.112
FRA,MDA,178.305
AUS,ESP,178.283
SGP,PYF,177.56
MYS,DOM,177.452
DNK,MAR,177.262
KOR,GAB,177.19
ESP,GTM,177.099
TUR,PER,177.099
SGP,SVK,176.988
FIN,MYS,176.461
FIN,KGZ,176.457
PHL,CRI,176.447
MNG,CAN,176.441
ROU,ALB,176.387
BEL,EGY,176.197
HUN,MKD,176.14
EST,CAN,176.08
ZAF,SEN,176.053
MKD,GBR,175.877
BGD,MDV,175.773
TWN,SRB,174.92
IDN,SUR,174.816
IND,LBR,174.394
CHE,NZL,174.176
HKG,SVK,174.17
MYS,NAM,174.048
LUX,MKD,173.479
ROU,THA,173.301
PRT,ZAF,172.886
BGD,MUS,172.565
KOR,VEN,171.609
PAK,DJI,171.44
AUS,PAN,171.436
CHE,KOR,171.381
KAZ,GEO,170.916
GUY,USA,170.777
TUR,LKA,170.692
BEL,GEO,170.428
LBN,IRQ,170.07
AUS,SLB,170.068
EST,BEL,169.981
CHE,UKR,169.962
KOR,BMU,169.853
DNK,SEN,169.797
HKG,ROU,169.688
GRC,CHE,169.68
NOR,SEN,169.66
MYS,ZAF,169.647
KOR,TGO,169.522
BEL,SRB,169.514
ESP,GNQ,169.493
ESP,UZB,169.199
IDN,CRI,169.105
KOR,CUB,168.883
NLD,TUN,168.841
AUS,NFK,168.747
EGY,SVN,168.601
CHE,EST,168.535
BRA,IND,167.968
IDN,TUR,167.939
BEL,CAN,167.876
HKG,MLT,167.846
SVK,JPN,167.296
TUR,HKG,166.686
CHE,KAZ,166.651
CRI,HND,166.294
UKR,EST,166.109
GRC,MKD,165.963
CHE,ZWE,165.905
USA,MUS,165.772
POL,PAN,165.511
BGR,ARM,165.232
JPN,MUS,165.21
PAN,CAN,165.09
VNM,MUS,165.065
BHR,ARE,165.049
IND,ARG,164.957
KOR,URY,164.92
MAR,CAF,164.789
DNK,MRT,164.532
HUN,ARG,164.506
TGO,GHA,164.451
HKG,CRI,164.419
ARG,CAN,164.229
TUR,URY,164.161
JPN,BFA,164.06
THA,SSD,164.052
CHE,COD,163.659
SWE,AGO,163.468
LTU,TUR,163.327
DNK,JOR,163.269
ISR,JPN,163.249
LVA,GBR,163.11
NER,SVK,162.838
LTU,SVK,162.829
NLD,MRT,162.65
SEN,DEU,162.535
HKG,PER,162.531
SRB,MDV,162.47
HKG,ISL,162.364
ITA,MAC,161.868
TUN,GBR,161.398
PRT,IRL,161.233
BGR,UGA,161.023
VNM,ALB,160.982
ZAF,THA,160.972
TUR,MHL,160.918
USA,TUN,160.888
KOR,MNE,160.799
ZAF,PRT,160.757
PRT,LBN,160.714
CHL,EGY,160.403
ESP,MLT,160.164
SGP,EGY,160.104
ZAF,GIN,160.053
VNM,BIH,160.004
BOL,TUR,160.0
ARE,KGZ,159.886
CZE,PER,159.789
CRI,COL,159.751
USA,PNG,159.346
GBR,BGR,159.333
POL,PAK,159.136
CHE,TZA,159.084
TUR,MNG,158.989
HKG,KEN,158.86
LUX,AZE,158.819
TUR,KOR,158.398
UKR,IRQ,158.313
ESP,LTU,158.23
FRA,GIB,157.957
GBR,TTO,157.704
SVK,BGR,157.362
AUS,IRL,157.172
CRI,NIC,157.1
EGY,RWA,157.042
POL,SEN,156.839
IDN,NOR,156.795
JPN,AZE,156.367
THA,AUT,156.044
DEU,TCD,155.747
LKA,UKR,155.385
JPN,KEN,155.286
TUR,ISL,155.158
VNM,LUX,155.053
KOR,BLR,154.928
PHL,CHL,154.769
QAT,TUR,154.629
POL,KEN,154.321
NLD,GHA,154.234
THA,DJI,154.123
CAN,PER,153.842
KOR,NCL,153.794
ITA,YEM,153.706
IRL,PHL,153.234
FRA,UZB,152.963
BEL,CIV,152.843
GRC,NAM,152.537
CRI,GBR,152.456
PHL,KWT,152.411
LBN,LBR,152.33
KOR,ABW,152.179
TUN,USA,152.084
DEU,GIN,151.821
OMN,LBN,151.807
FRA,RWA,151.409
BGR,BHR,151.224
POL,ZMB,151.211
CHE,PAN,151.21
USA,UGA,151.13
PHL,GTM,151.055
FRA,BRN,150.952
DEU,BDI,150.739
SGP,FJI,150.461
HUN,PRT,150.299
BHS,USA,149.645
GBR,CYP,149.615
IRL,SGP,149.274
PRT,HRV,148.98
EGY,IRQ,148.953
KOR,VGB,148.877
HRV,NOR,148.843
POL,UZB,148.653
GBR,BGD,148.597
MYS,LBY,148.587
GMB,SEN,148.56
IDN,SYC,148.533
RUS,GEO,148.444
ROU,HRV,148.194
GRC,JPN,148.11
GRC,BIH,147.869
SWE,BGR,147.867
GBR,SYC,147.799
BGR,TCD,147.72
KOR,WSM,147.658
PHL,BRN,147.36
DEU,CUW,147.354
RUS,ARG,147.203
NLD,KGZ,147.07
FRA,GNQ,146.994
ROU,IND,146.777
IRL,TUR,146.739
IND,CMR,146.641
ISL,NLD,146.526
BGR,PYF,146.375
NLD,SEN,146.25
ROU,MYS,145.93
HKG,PYF,145.8
CAN,HRV,145.722
SWE,DOM,145.633
THA,FSM,145.514
CHL,QAT,145.333
TWN,SLV,145.314
CAN,NZL,145.309
IND,ECU,145.233
CHN,SYC,145.071
TUN,NOR,145.054
KOR,SUR,145.002
QAT,KOR,145.0
MYS,GEO,144.796
MAR,GIN,144.704
USA,MSR,144.653
USA,MLI,144.545
CAN,ISR,144.544
DEU,CAF,144.485
EGY,UGA,144.231
PAN,HND,143.779
THA,NOR,143.771
KOR,LBR,143.745
SVN,KGZ,143.654
IDN,GUY,143.613
JPN,LUX,143.585
EGY,SYR,143.209
PER,JAM,142.945
SGP,BTN,142.923
ROU,MEX,142.886
LVA,AUS,142.782
THA,OMN,142.329
ISL,TGO,142.153
MYS,GNQ,142.134
DNK,IDN,142.032
JPN,EGY,141.671
BGR,RUS,141.583
MEX,ROU,141.557
AUT,ARM,141.027
BEL,SAU,140.885
TWN,MAC,140.725
THA,UGA,140.662
HKG,JOR,140.364
NZL,AUT,140.042
BEL,LBR,139.976
SRB,CHE,139.633
MMR,THA,139.626
PHL,BGR,139.626
ESP,MWI,139.4
BRA,AGO,139.154
MNE,SWE,139.104
ARE,MAR,139.014
USA,NER,138.947
FRA,TCD,138.905
BLR,MDA,138.505
ARE,CIV,138.487
JOR,USA,138.387
PHL,EGY,138.125
FRA,ARM,138.031
HKG,QAT,137.743
AUS,AUT,137.474
CMR,DEU,137.359
GEO,CZE,137.33
CHN,LCA,137.285
SRB,HRV,137.013
IRL,BHR,136.977
IRN,ARM,136.869
IND,VEN,136.794
USA,BIH,136.611
CAN,ZAF,136.594
AUS,CIV,136.591
SVK,IND,136.057
NLD,CIV,135.992
MYS,PNG,135.853
THA,NGA,135.796
CZE,ISL,135.791
PAK,MOZ,135.662
SVN,MAR,135.54
BEL,IDN,135.302
HRV,CHN,135.199
ISR,GHA,135.0
THA,CZE,134.61
KOR,BIH,134.478
IND,HND,134.456
TWN,TUV,134.328
PRT,MKD,134.289
ZAF,CIV,134.254
AUT,MDA,134.018
KOR,SWZ,133.837
NLD,GMB,133.482
CZE,CIV,133.476
LUX,UKR,133.013
HKG,KWT,132.889
NLD,GIN,132.83
BGR,MAR,132.743
JPN,MMR,132.738
HUN,KAZ,132.725
GBR,URY,132.693
MAR,NOR,132.517
ARE,UGA,132.458
ESP,BFA,132.396
SVK,ISR,132.396
BEL,ARG,132.393
KOR,CYM,132.163
ISR,PER,132.09
ITA,PAN,132.066
NZL,NLD,131.751
SRB,USA,131.608
TUR,ZMB,131.567
EST,KGZ,131.041
NZL,SGP,131.04
PRT,ALB,131.007
ESP,LUX,130.892
LBN,BGR,130.833
ISR,LUX,130.68
CAN,BGD,130.559
BRA,SGP,130.435
SGP,MDV,130.357
CHL,PAN,130.235
JPN,MAR,130.2
CHE,GEO,130.121
FRA,KHM,130.047
EST,ISR,130.0
CHL,FIN,129.837
IND,FIN,129.79
SGP,KWT,129.17
QAT,KWT,129.121
NAM,ZMB,128.965
GRC,LVA,128.801
ISR,EST,128.625
TWN,HND,128.173
JPN,BHR,128.166
LBN,TZA,128.1
FRA,LKA,128.005
TUR,SYC,127.805
SAU,CAN,127.791
SVN,MNE,127.722
ROU,NCL,127.283
ESP,SLV,127.221
PRT,BOL,127.005
ISR,PHL,126.957
IND,DJI,126.927
KEN,COG,126.885
MDA,ROU,126.843
DOM,CRI,126.83
BIH,HRV,126.823
SGP,TZA,126.635
TWN,URY,126.355
NAM,GHA,125.588
NLD,MEX,125.494
HKG,MAR,125.389
TUR,MEX,125.01
ISR,ARE,125.0
AUS,NOR,124.917
VNM,HRV,124.879
SVN,SEN,124.572
VNM,UZB,124.567
IDN,ECU,123.786
ISR,ARG,123.634
FRA,LBY,123.398
ZAF,RWA,123.295
CZE,ZMB,123.284
JPN,RUS,123.171
CHE,ISL,122.745
MEX,IDN,122.285
CHE,HKG,122.221
LBN,BHR,121.972
LUX,THA,121.879
MAR,CMR,121.692
PHL,BOL,121.692
NZL,FRA,121.603
ECU,ARG,121.514
VNM,CIV,121.504
DEU,MAC,121.487
MYS,BIH,121.445
BLR,LVA,121.317
PRT,KGZ,121.274
TUR,SLE,121.209
COL,VGB,121.156
TKM,KGZ,121.049
AUT,PHL,120.956
THA,GIN,120.823
NLD,RUS,120.523
PRK,BRB,120.504
NLD,TGO,120.415
ISR,GEO,120.31
TWN,MUS,120.015
ARE,ARG,119.964
IND,BWA,119.95
GRC,CHN,119.927
GBR,PSE,119.755
THA,CHL,119.722
FRA,ALB,119.592
BEL,PER,119.545
BEL,LVA,119.272
ARE,CAN,119.132
GRC,NGA,119.108
UKR,UZB,119.089
LUX,MAR,119.075
TUN,KEN,118.873
COL,NIC,118.785
HUN,ISL,118.584
HKG,IRQ,118.208
HUN,PER,118.196
NLD,MNE,118.181
PRT,CIV,117.977
ESP,NZL,117.778
ITA,TTO,117.778
BGR,LVA,117.605
CHE,ARG,117.535
ITA,IRN,117.533
PRT,SRB,117.246
GBR,PAK,117.116
SVN,OMN,117.094
TTO,USA,117.01
ROU,OMN,116.814
SVK,IRL,116.622
USA,CMR,116.523
AUT,IRN,116.501
HUN,LBN,116.462
EST,GBR,116.241
IND,UKR,116.062
POL,MLT,115.822
TUR,CAF,115.71
IRL,SVK,115.33
PAK,NGA,115.27
KOR,GMB,115.176
TUR,STP,115.153
SVK,EST,115.139
PRT,PAK,114.887
GEO,AZE,114.882
MYS,PAN,114.747
JPN,LBN,114.721
DEU,MWI,114.512
HKG,BHS,114.353
IDN,QAT,114.255
CZE,OMN,114.201
SAU,TUR,114.032
DEU,SSD,114.023
IND,DOM,113.992
GBR,MKD,113.973
NOR,IRL,113.866
BEL,SEN,113.865
SWE,PAK,113.618
SGP,PRT,113.516
ROU,IDN,113.388
DEU,MNG,113.242
MYS,EST,113.18
USA,FJI,112.756
NOR,BRN,112.64
SWE,LKA,112.132
MOZ,ZAF,111.868
ITA,RWA,111.795
CHL,CZE,111.744
GRC,EST,111.647
JAM,HND,111.526
LUX,PHL,111.507
DNK,CAF,111.483
USA,UZB,111.174
EST,CHE,110.999
CZE,TZA,110.828
MAR,TWN,110.216
TWN,KAZ,110.077
TUR,GNQ,110.013
ITA,BWA,109.976
ZAF,ISR,109.942
MEX,CUB,109.917
MEX,BOL,109.833
HUN,PHL,109.69
FIN,BIH,109.616
SVK,QAT,109.468
HKG,BRB,109.326
SGP,NCL,109.286
KOR,GUM,109.222
DNK,PHL,108.895
DNK,ZAF,108.868
BEL,MAR,108.784
USA,TCD,108.703
THA,VCT,108.589
CHN,KNA,108.556
TUR,BRA,108.297
QAT,EGY,107.628
USA,CIV,107.59
NLD,LBN,107.579
SWE,CIV,107.519
MYS,URY,107.315
EST,ARG,107.283
PHL,GRC,107.249
URY,ARG,107.147
ITA,TGO,107.06
IND,SSD,106.909
HRV,SVK,106.903
SRB,SVN,106.876
LTU,CZE,106.803
LTU,USA,106.524
CAN,PAN,106.339
PRT,UZB,106.329
ARE,MUS,106.316
OMN,KWT,106.092
ROU,PYF,106.044
TUR,MOZ,105.983
NLD,MUS,105.959
SGP,SYC,105.915
BGR,MNE,105.909
HKG,UKR,105.828
MLT,GRC,105.569
MYS,CRI,105.276
TUR,UGA,105.248
SVN,ALB,105.23
FRA,WLF,105.2
IND,TGO,104.887
CZE,RUS,104.807
AUT,PAK,104.745
BRA,TUR,104.376
NOR,QAT,104.342
FRA,CAF,104.338
MAR,CHE,104.13
ESP,PAK,103.906
GRC,MDA,103.692
LKA,JPN,103.495
BEL,BFA,103.447
EST,MLT,103.332
USA,MNE,103.263
POL,GTM,103.251
CAN,BHS,103.19
SWE,MNE,102.925
TUR,PYF,102.924
LTU,GRC,102.905
FRA,TKM,102.828
ESP,GIN,102.256
NOR,CZE,102.256
THA,CHE,102.111
DNK,TCD,101.915
EGY,DEU,101.905
MKD,BEL,101.612
HUN,GHA,101.511
PRT,GNB,101.472
UKR,LVA,101.413
SRB,ROU,101.169
HKG,NAM,101.142
ZAF,EGY,100.969
PHL,SVK,100.862
TWN,ECU,100.73
LVA,DNK,100.272
SVN,PHL,100.267
PRT,IRQ,100.128
VNM,MNE,100.057
PHL,SLV,99.886
CHE,KWT,99.796
ESP,IDN,99.796
NLD,ARM,99.711
DEU,PYF,99.478
SRB,CHN,99.446
DNK,IRQ,99.34
DEU,HND,99.31
BEL,THA,99.276
SGP,KEN,99.163
POL,LBY,99.15
ARE,MOZ,99.045
LKA,MDV,99.017
LBN,SLE,99.006
SVK,TUN,98.989
HRV,TUR,98.908
IND,MDG,98.858
SRB,MAR,98.772
ARE,TWN,98.752
HRV,DNK,98.715
BRA,HUN,98.502
BRA,NOR,98.482
CAN,AUT,98.45
DNK,ISR,98.428
GBR,DJI,98.39
POL,MMR,98.315
BEL,TWN,98.257
SVK,SEN,98.171
ITA,COG,98.154
ZAF,ROU,97.81
MYS,LUX,97.79
AUT,GHA,97.762
CRI,GTM,97.738
ECU,BRA,97.597
USA,COD,97.595
JPN,LTU,97.453
LUX,PRT,97.338
BRA,VNM,97.322
SGP,GUY,97.319
LUX,SEN,97.3
SLE,ZAF,97.271
EGY,FRA,97.104
JPN,SEN,97.071
ESP,CRI,96.844
MAR,FIN,96.759
ROU,BFA,96.629
USA,NPL,96.53
SVN,IRN,96.434
IND,URY,96.318
GBR,CIV,96.12
GBR,TUN,95.929
ZAF,MMR,95.729
GBR,MDV,95.676
BRA,ITA,95.629
HKG,BGR,95.302
USA,IRN,95.084
BRA,MHL,95.044
UKR,SVK,94.756
MYS,LBR,94.714
GRC,PRY,94.597
IND,AZE,94.451
UKR,IRL,94.449
ZAF,NOR,94.442
NLD,VEN,94.054
USA,FSM,94.042
ISL,KOR,94.0
IND,ATG,93.918
CRI,ARG,93.844
SAU,ITA,93.783
HRV,TZA,93.743
SVK,COL,93.637
LTU,ARE,93.181
HKG,TUN,93.167
EGY,OMN,93.081
FRA,HND,92.992
NOR,CAN,92.961
DNK,ARG,92.881
AUT,BHR,92.876
NLD,ARG,92.776
JPN,IRQ,92.656
MAR,AUT,92.57
SVK,UZB,92.532
UKR,HUN,92.235
NOR,IDN,92.179
EGY,POL,92.036
AUT,IDN,92.032
ISR,RWA,92.0
TUR,HRV,92.0
SVK,BIH,91.998
EST,USA,91.559
GRC,NOR,91.449
JPN,MDA,91.449
LVA,NZL,91.411
CZE,TCD,91.365
CHE,GHA,91.342
ESP,TGO,91.332
SWE,GHA,91.316
POL,VEN,91.195
SAU,FRA,91.054
FIN,BGR,91.044
GBR,MWI,91.025
DEU,ZMB,90.878
GBR,LVA,90.692
ROU,HKG,90.643
DEU,MOZ,90.634
IDN,LKA,90.467
CHE,PAK,90.462
BEL,MLT,90.344
ESP,CPV,90.339
EST,CUB,90.182
TUR,AGO,90.178
HKG,DOM,90.137
TUR,ECU,90.058
BEL,MDA,90.034
PHL,SVN,89.962
MEX,SRB,89.887
NAM,AGO,89.8
JPN,GIN,89.795
ALB,USA,89.757
AUS,PER,89.743
UKR,GRC,89.656
MYS,SLV,89.617
CRI,TWN,89.614
LVA,HUN,89.554
EST,FRA,89.47
CHE,LTU,89.466
JPN,VUT,89.287
BEL,CYP,89.234
GRC,ZMB,89.184
DNK,SRB,89.095
GBR,GIB,89.095
CAN,IND,89.057
LTU,HUN,89.033
SGP,NPL,88.922
NLD,CMR,88.894
PRT,PAN,88.75
NZL,HKG,88.632
URY,PRY,88.626
LVA,AUT,88.453
ARG,AUT,88.375
KOR,LUX,88.354
GBR,CRI,88.35
ITA,CRI,88.296
BEL,GAB,88.199
IRL,LTU,88.079
ROU,SWE,88.028
NLD,KEN,88.01
IND,PAK,87.938
BRA,CHE,87.858
ESP,VEN,87.849
AUS,CXR,87.816
ECU,JAM,87.584
BGR,MLI,87.5
BEL,MLI,87.437
SMR,AUT,87.374
SAU,CIV,87.312
SGP,MAC,87.285
LVA,SVN,87.127
CZE,LKA,87.0
MLT,AUS,86.811
BGD,USA,86.766
BHR,USA,86.596
FRA,SPM,86.544
NLD,KWT,86.518
LTU,AUT,86.509
ESP,ISL,86.49
CRI,SLV,86.455
USA,GIN,86.4
CRI,PER,86.22
HKG,SVN,86.12
AUS,THA,86.095
EGY,TZA,86.071
NOR,ZAF,86.01
DNK,SVK,85.966
LVA,CHN,85.856
CAN,QAT,85.772
AUT,COL,85.765
VNM,MDV,85.714
CAN,HND,85.711
PHL,TZA,85.601
ZAF,LBR,85.469
AUS,SVK,85.385
NAM,BWA,85.355
ISR,CHL,85.282
IDN,NGA,85.182
JPN,URY,85.127
LVA,KOR,84.754
TUR,TCD,84.726
MEX,UKR,84.702
CHE,OMN,84.491
FRA,BIH,84.414
ZMB,COD,84.175
ESP,TTO,84.087
PHL,NIC,83.968
TUR,SVK,83.957
SVK,ECU,83.418
FRA,SYC,83.333
ZAF,PNG,83.118
TWN,NPL,83.02
LTU,GEO,82.86
CAN,PRT,82.83
CHL,ECU,82.782
DEU,RWA,82.75
DEU,ERI,82.714
AUS,LKA,82.673
POL,LKA,82.673
SVK,LVA,82.658
HND,IND,82.598
HUN,ARE,82.518
SAU,IND,82.449
IDN,HTI,82.416
CAN,SLV,82.398
AUS,LBN,82.242
CHE,TWN,82.228
TWN,PLW,82.179
NZL,GBR,82.093
LBN,GHA,82.002
CHE,ECU,81.967
FRA,KGZ,81.671
SVN,KEN,81.653
AUS,WSM,81.555
THA,COD,81.537
FIN,PYF,81.359
BEL,NGA,81.268
KGZ,RUS,81.205
TWN,MHL,81.089
USA,MDG,81.014
AUS,CCK,80.995
DEU,MRT,80.677
AUT,UGA,80.666
FIN,TUR,80.622
GBR,LBR,80.57
SVK,TKM,80.562
LUX,CIV,80.438
IRL,BRA,80.424
LKA,BEN,80.417
IRL,SAU,80.275
NOR,SAU,80.22
NLD,CHL,80.164
JPN,VEN,80.143
FIN,GRC,79.992
SGP,SRB,79.966
NLD,COL,79.856
CAN,PNG,79.812
BGR,OMN,79.771
ITA,ZWE,79.664
PER,TTO,79.614
EST,ESP,79.555
NLD,MNG,79.277
KHM,JPN,79.272
EGY,TUN,79.203
LTU,CHE,79.05
KOR,COG,78.948
DNK,SOM,78.86
AUT,AZE,78.798
NLD,SUR,78.792
CHE,BGR,78.767
GBR,DOM,78.306
ARG,COL,78.276
AUT,NGA,78.26
SWE,LBN,78.135
IRL,KOR,78.076
SAU,TGO,77.982
IRN,UZB,77.969
DNK,ETH,77.907
PAK,HKG,77.774
GRC,KEN,77.575
IND,SWE,77.561
NLD,BLM,77.472
BRA,AUS,77.339
IDN,VUT,77.286
KOR,KNA,77.173
HUN,SAU,77.012
AUS,SAU,76.971
TUR,MDV,76.953
CAN,BRA,76.893
IDN,UKR,76.766
DNK,KAZ,76.737
FRA,VEN,76.555
KOR,BGD,76.496
IND,FJI,76.493
EST,PRT,76.352
IDN,BHR,76.101
HKG,MDV,75.948
NLD,PER,75.924
CHN,BMU,75.886
NLD,ETH,75.803
LVA,GEO,75.742
FIN,IND,75.655
UZB,TUR,75.498
CIV,BFA,75.366
HKG,LBY,75.363
SLV,PAN,75.354
DEU,NER,75.224
SVN,MUS,75.196
LVA,TUR,75.13
THA,GHA,75.087
NOR,AGO,75.027
BRA,SLV,74.788
AUS,PYF,74.726
ITA,MOZ,74.697
POL,NGA,74.681
KOR,TJK,74.596
FRA,SLE,74.571
PAN,SLV,74.563
BGR,LUX,74.54
ESP,ETH,74.494
PAN,PER,74.279
CHE,GRC,74.267
HRV,BEL,74.224
PHL,ARE,74.178
NOR,COG,74.16
AUS,TON,74.145
MYS,ARM,74.11
NLD,LBR,74.106
BFA,MLI,73.829
NZL,BRA,73.808
KEN,SOM,73.787
LBR,TUR,73.738
MYS,MWI,73.714
FRA,DOM,73.66
CHE,BWA,73.588
CZE,MUS,73.578
USA,CPV,73.476
ESP,GHA,73.418
CRI,MEX,73.362
USA,RUS,73.211
CAN,DNK,73.195
GRC,QAT,73.188
CHE,GUY,73.169
LKA,ROU,73.146
MYS,MDA,73.139
HUN,BHS,73.11
MKD,CZE,73.087
TWN,TUN,73.087
KOR,MDG,72.985
JPN,TUN,72.955
ISR,HRV,72.782
CAN,GIN,72.728
NLD,DJI,72.685
BHR,OMN,72.645
EGY,ZWE,72.506
SGP,MNG,72.267
TWN,KEN,72.23
IDN,SVK,72.169
DNK,DOM,72.165
NZL,SLB,72.023
UKR,IND,71.936
CHE,JOR,71.708
NLD,NAM,71.706
ISR,GRC,71.642
SEN,LBN,71.622
MLT,FRA,71.584
BRA,NIC,71.553
GRC,MHL,71.505
TWN,BOL,71.401
TKM,ARM,71.334
GRC,LBR,71.128
CHE,LVA,71.043
EGY,KWT,71.008
MKD,KAZ,70.989
CHE,DZA,70.963
MYS,KHM,70.952
BEL,QAT,70.659
ARE,PHL,70.53
PER,MEX,70.329
HUN,CRI,70.291
DNK,RWA,70.254
AUT,CUW,70.05
USA,GAB,69.891
ARE,MRT,69.777
AUS,KIR,69.771
PRT,SGP,69.751
LTU,BGR,69.721
USA,PLW,69.694
MLT,POL,69.676
VNM,BRN,69.58
THA,BGD,69.441
TUR,TWN,69.415
AUS,PHL,69.252
DNK,SAU,69.108
PHL,DOM,69.068
MYS,UGA,69.059
CHN,CPV,68.945
JPN,SLV,68.918
DNK,SGP,68.886
LKA,POL,68.886
CHL,URY,68.884
USA,CUB,68.823
GBR,CAF,68.818
FRA,BOL,68.668
TUN,QAT,68.649
CZE,BDI,68.628
MYS,MDV,68.597
HUN,GEO,68.576
PHL,SEN,68.323
HKG,MUS,68.044
NZL,NFK,67.885
SWE,SRB,67.817
IRL,ARG,67.816
KHM,HKG,67.7
BGR,KWT,67.632
NZL,TWN,67.591
THA,MRT,67.573
BGD,ZMB,67.404
BEL,COL,67.324
TUR,BEN,67.295
ITA,TZA,67.25
IND,SUR,67.1
DNK,PAK,67.038
CHL,SVN,66.92
NZL,DNK,66.822
SWZ,USA,66.777
ARE,KAZ,66.687
TUR,CRI,66.678
PER,BRB,66.628
ESP,KGZ,66.61
DNK,NZL,66.557
TUR,BFA,66.435
CHE,GTM,66.265
NZL,THA,66.217
JPN,SYC,66.165
DOM,ECU,66.0
FIN,TWN,65.862
POL,TGO,65.843
LBN,CYP,65.793
SGP,GEO,65.786
BRA,HTI,65.543
USA,KGZ,65.496
IDN,EST,65.418
CAN,COG,65.322
ZAF,MYS,65.274
IDN,URY,65.272
NOR,UKR,65.041
CZE,GTM,65.037
THA,CMR,64.995
NZL,PYF,64.908
SVK,GEO,64.894
DEU,SOM,64.779
ISR,SVN,64.648
PHL,ARM,64.296
TUN,ROU,64.26
ZAF,BGR,64.25
THA,IRL,64.236
ISR,TWN,64.115
THA,FIN,64.073
AUT,PER,64.018
EST,BHR,63.93
HUN,GTM,63.739
GHA,CAN,63.684
EGY,DZA,63.61
JPN,ALB,63.608
LUX,SRB,63.607
CHL,HKG,63.579
GBR,LCA,63.524
PHL,DNK,63.499
ARE,HRV,63.322
JPN,NIC,63.294
ITA,MWI,63.285
ARE,TUR,63.146
SVK,OMN,63.143
RUS,BEL,63.125
GBR,LKA,63.097
BRA,MUS,63.082
CHN,PRK,63.063
AUS,IND,63.023
BRA,HND,63.016
ISR,KAZ,63.005
CAN,ARG,62.967
ROU,BRA,62.683
CHE,AGO,62.449
TUR,IND,62.397
AUT,VNM,62.386
COL,TCA,62.313
SVN,KAZ,62.296
THA,SLV,62.219
ITA,BEN,62.213
DEU,NPL,62.02
CHN,MHL,61.971
NLD,AGO,61.908
NLD,TTO,61.884
MEX,LBN,61.865
DNK,ERI,61.848
NAM,ZAF,61.791
GBR,GTM,61.723
VNM,SEN,61.572
COL,NLD,61.542
POL,ECU,61.437
JPN,PLW,61.289
ZAF,COM,60.907
HKG,AZE,60.8
NLD,ZWE,60.733
KEN,NGA,60.62
COL,CYM,60.583
IRL,HKG,60.505
DEU,BWA,60.503
CZE,SEN,60.462
BRA,JPN,60.435
DNK,CHL,60.374
SWE,CRI,60.306
DEU,CYM,60.305
JPN,GEO,60.301
DEU,DJI,60.266
MYS,HND,60.207
THA,TTO,60.113
BEL,BEN,59.954
LUX,AUS,59.707
MKD,AUT,59.703
BGD,LKA,59.688
POL,URY,59.576
IDN,BGR,59.569
EST,SAU,59.546
NLD,LKA,59.53
JPN,GUM,59.478
FRA,GRL,59.461
UKR,SRB,59.393
CZE,SLV,59.278
SWE,MUS,59.261
CAN,SOM,59.209
NOR,HUN,59.037
TWN,OMN,58.94
MDG,FRA,58.825
FIN,HRV,58.772
HKG,MMR,58.741
KOR,GIN,58.506
POL,LBR,58.477
DNK,EGY,58.345
NLD,AZE,58.277
GBR,BMU,58.023
SAU,BFA,57.983
ROU,ARM,57.979
UZB,CHN,57.926
GEO,ISR,57.832
CHL,MAR,57.696
DNK,THA,57.652
TKM,ITA,57.629
DNK,MDG,57.563
CHE,BGD,57.487
HRV,ROU,57.45
SWE,LAO,57.44
FRA,UGA,57.43
IDN,COG,57.403
ZAF,TGO,57.304
CCK,HUN,57.268
SAU,TUN,57.254
ISR,DNK,57.186
DNK,MKD,57.181
FRA,MNE,57.033
SVK,TWN,56.977
CZE,UGA,56.975
UZB,ARM,56.963
ISL,CAN,56.882
EST,SGP,56.761
PHL,LKA,56.695
ITA,GNQ,56.689
MUS,TZA,56.622
IND,TCD,56.586
PRT,IDN,56.582
BGR,NAM,56.578
TUR,ABW,56.556
MYS,MUS,56.526
SGP,PER,56.509
IDN,FJI,56.5
LKA,AUT,56.489
LBN,MLI,56.447
DEU,GRL,56.439
HKG,LTU,56.417
NLD,ECU,56.395
SGP,NGA,56.366
USA,LKA,56.33
BRB,ARE,56.322
SRB,NLD,56.3
FIN,UKR,56.265
DNK,HKG,56.258
ITA,BRB,56.228
ITA,PNG,56.151
RUS,ZMB,56.119
ZAF,ERI,56.049
HRV,CHE,55.972
PHL,BIH,55.884
DNK,NAM,55.818
EST,MDA,55.706
MKD,FIN,55.687
TUR,LCA,55.687
EST,AUT,55.627
MEX,BGR,55.5
PRT,JPN,55.435
PRT,MDG,55.333
MEX,BRB,55.237
NZL,CAN,55.196
HUN,CHL,55.119
GBR,MNE,55.09
AUS,COK,54.819
MYS,JOR,54.81
URY,CHL,54.687
DEU,TUV,54.661
NLD,BIH,54.574
DNK,GHA,54.382
AUS,QAT,54.372
CHE,RUS,54.258
HND,GTM,54.249
DNK,COL,54.239
BRN,MYS,54.222
TWN,MLT,54.205
ZAF,CPV,54.195
HKG,SLV,54.136
CZE,NZL,54.075
KWT,DEU,54.057
AUS,CHE,54.001
JPN,HTI,53.909
SVN,DOM,53.902
DNK,BIH,53.899
DEU,GAB,53.811
IND,CIV,53.732
TUR,SSD,53.725
DNK,LBN,53.591
FJI,VUT,53.572
USA,LSO,53.547
SWE,MMR,53.5
EST,CHN,53.454
KHM,TUR,53.341
DEU,CPV,53.318
ROU,LBN,53.215
KOR,TUN,53.073
SVN,IND,53.007
CHE,NAM,52.973
CHE,LKA,52.75
MEX,EST,52.673
AUS,NRU,52.672
DNK,VNM,52.559
ARM,SVN,52.513
LKA,SGP,52.438
CHE,CYP,52.389
AUS,ITA,52.377
KGZ,BIH,52.367
SRB,GBR,52.343
ZWE,ZAF,52.326
LBN,COG,52.306
TWN,MDA,52.167
NZL,CHE,52.109
CIV,SEN,52.095
ZAF,VNM,52.049
MLT,MEX,51.978
LVA,FRA,51.95
USA,GRL,51.907
JPN,BHS,51.867
ECU,GTM,51.529
IDN,AGO,51.385
BRA,SWE,51.305
UKR,ROU,51.174
SRB,KOR,51.119
MMR,AUT,51.101
LVA,ROU,51.071
AUS,MNG,51.054
LVA,NOR,50.986
NLD,SXM,50.972
MEX,PHL,50.944
ARE,NOR,50.874
ZMB,NAM,50.845
BEL,BGR,50.775
GBR,MRT,50.699
SGP,BHR,50.654
BFA,FRA,50.635
CHE,LUX,50.461
PHL,ALB,50.446
TWN,BHR,50.329
LVA,LUX,50.318
MYS,GTM,50.285
MEX,CIV,50.182
LKA,ITA,50.162
TZA,BDI,50.148
PAN,USA,50.122
NLD,COD,50.1
PHL,URY,50.092
GBR,ECU,50.088
SWE,CYP,50.032
NLD,BHR,50.002
NAM,ZWE,49.874
USA,ARM,49.844
KOR,PNG,49.743
SGP,AGO,49.67
POL,GAB,49.625
DEU,ATF,49.617
DOM,GTM,49.585
RUS,FRA,49.56
JPN,MNE,49.489
GBR,SHN,49.477
FIN,HKG,49.403
BRA,SUR,49.398
HRV,NLD,49.366
CAN,URY,49.299
BGR,MDV,49.268
HKG,NGA,49.219
LUX,ECU,49.206
AUT,OMN,49.164
IRL,SVN,49.119
ISR,ROU,49.116
LTU,KAZ,49.057
ECU,ESP,49.055
BEL,PHL,48.958
AUT,MUS,48.936
NLD,BDI,48.9
ITA,HND,48.857
GBR,MDG,48.716
SUR,USA,48.668
HRV,ALB,48.581
SGP,PRY,48.473
GBR,AND,48.411
ARG,PAN,48.304
URY,USA,48.261
PRT,CAN,48.233
CHE,NPL,48.216
LTU,ZAF,48.19
PRT,URY,48.171
CAN,OMN,48.144
EGY,CHN,48.006
HUN,URY,47.833
FIN,ISR,47.804
SVK,LTU,47.766
DNK,URY,47.764
EGY,MDG,47.76
DNK,UZB,47.717
CHL,HRV,47.683
POL,DOM,47.662
EST,SVK,47.57
BGD,THA,47.564
DEU,NIC,47.548
HUN,MNG,47.486
BLR,KGZ,47.481
TUR,RWA,47.48
IDN,EGY,47.333
MYS,BEN,47.263
BGR,IRN,47.234
MYS,MNE,47.183
NLD,GAB,47.181
SVK,MLT,47.173
AUS,POL,47.12
LTU,KGZ,47.002
EGY,YEM,47.0
ISR,ETH,47.0
BGD,KEN,46.99
CRI,CHN,46.865
LKA,PAK,46.848
ARE,NGA,46.831
SGP,BIH,46.777
FRA,STP,46.672
CAN,GTM,46.628
MUS,FRA,46.508
NOR,MUS,46.493
NZL,CHN,46.366
LVA,QAT,46.364
CAN,IRL,46.324
FIN,SEN,46.095
ZAF,CHE,46.056
BIH,SRB,45.967
FRA,PRY,45.93
THA,SVK,45.91
PER,BRA,45.74
PHL,MDG,45.683
EST,SLE,45.642
FIN,ZAF,45.537
SEN,FRA,45.414
SAU,IDN,45.37
FIN,LUX,45.36
POL,TKM,45.316
AUT,KEN,45.297
USA,ZWE,45.272
ZAF,IDN,45.267
CHE,UZB,45.239
FRA,COM,45.236
NLD,COG,45.226
TUN,SAU,45.117
CAN,MYS,45.013
LTU,SGP,44.905
GTM,BLZ,44.546
PRK,LBN,44.464
IND,RWA,44.358
HKG,IRN,44.344
IND,SLV,44.052
LVA,ESP,44.044
SVK,GNB,44.014
EGY,USA,43.947
EST,SRB,43.872
THA,PNG,43.848
PRT,MNE,43.663
USA,SEN,43.602
MKD,CHE,43.537
MYS,NIC,43.512
USA,KHM,43.435
PHL,ITA,43.411
LTU,ESP,43.271
TWN,KWT,43.206
CAN,COL,43.199
ROU,COL,43.133
ROU,ISR,43.11
DNK,PER,42.876
BGR,VNM,42.863
SWE,MLT,42.734
GUY,TTO,42.729
BIH,RWA,42.719
BGR,GMB,42.679
IRL,AUT,42.662
HUN,DOM,42.652
MNE,ALB,42.638
MYS,BOL,42.551
DEU,ETH,42.523
DEU,BRB,42.509
AZE,TUR,42.498
PHL,MDA,42.405
LTU,HRV,42.377
LKA,CHN,42.363
NLD,CRI,42.348
ARE,BRN,42.297
MEX,SVN,42.267
ARE,MDV,42.218
CAN,LUX,42.171
HKG,SAU,42.151
MEX,KAZ,42.135
LVA,BGR,42.123
GBR,CYM,42.105
CHE,TUN,42.088
IND,NZL,41.972
BEL,TZA,41.963
FJI,KIR,41.946
IND,CRI,41.94
IDN,ZMB,41.901
AUS,GHA,41.839
TUN,MDG,41.776
UKR,TZA,41.767
SMR,BEL,41.704
CHE,ARM,41.683
PRT,SEN,41.679
GRC,THA,41.666
HKG,OMN,41.65
ITA,LKA,41.616
AUS,HUN,41.565
SAU,ESP,41.548
DEU,PNG,41.506
IND,DZA,41.481
CZE,PAK,41.386
BRA,BEL,41.312
THA,PER,41.161
CZE,ETH,41.132
DNK,BHR,41.121
NZL,NOR,41.115
PHL,ECU,40.89
GBR,PAN,40.885
DNK,MOZ,40.851
HKG,HTI,40.794
GTM,MEX,40.775
TUR,COL,40.742
GBR,MNG,40.626
PAN,BHS,40.585
BEL,CHL,40.461
AUT,SDN,40.446
JPN,NAM,40.434
ARG,CHL,40.29
BEL,BIH,40.266
KHM,THA,40.181
CZE,PAN,40.177
JPN,LBR,40.082
SGP,VUT,40.014
ISR,CYP,40.008
ISL,GBR,39.974
MAR,USA,39.95
BEL,OMN,39.933
MYS,DNK,39.925
THA,EGY,39.868
ARG,ISL,39.798
LKA,BEL,39.77
PRT,ARM,39.629
ARE,LKA,39.569
IDN,LCA,39.508
CZE,KEN,39.505
MYS,MAR,39.485
VNM,MAC,39.412
SVK,EGY,39.218
TWN,CIV,39.151
CHE,TTO,39.123
HRV,EST,39.109
CAN,PHL,39.067
NOR,CYP,39.028
ESP,NAM,39.013
IND,DNK,38.97
AUS,SVN,38.94
SGP,MLI,38.928
GBR,BFA,38.873
NLD,GIB,38.846
SWE,GRL,38.797
POL,BEN,38.723
BRA,MOZ,38.68
AUS,TLS,38.59
GBR,ZMB,38.583
TWN,BGD,38.473
DNK,NGA,38.472
SEN,GNB,38.409
LVA,SVK,38.401
KOR,NER,38.381
NLD,MDG,38.32
SGP,AZE,38.318
PRT,IND,38.272
ISL,SWE,38.259
HRV,JPN,38.238
DNK,BFA,38.226
LVA,MDV,38.178
GBR,MSR,38.169
TWN,NGA,38.146
ARG,NIC,38.139
KOR,ATG,38.076
MMR,POL,38.036
IDN,GIN,37.928
VNM,GUY,37.915
LKA,ARG,37.85
GBR,NAM,37.813
HUN,MUS,37.739
CZE,MDG,37.73
PRT,UGA,37.722
CHL,PRY,37.556
TJK,TUR,37.535
ITA,DJI,37.487
AUS,TZA,37.445
GBR,COG,37.37
KAZ,NLD,37.368
MEX,NAM,37.366
KHM,MYS,37.272
SVN,VNM,37.237
CHN,TCA,37.186
UGA,FRA,37.17
NLD,MKD,37.163
LBN,GEO,37.152
NLD,ZMB,37.125
JPN,OMN,37.07
ISR,NOR,37.065
CAN,TGO,37.056
LUX,MUS,37.01
NZL,WLF,36.958
SVN,QAT,36.941
BGR,KOR,36.859
FRA,BWA,36.779
PRT,GTM,36.706
LKA,PRT,36.666
TWN,ZMB,36.661
MLT,BGR,36.538
NLD,BEN,36.293
FIN,BRA,36.244
CZE,GHA,36.074
GEO,TUR,36.074
SAU,GAB,36.054
VNM,CYP,36.023
MEX,PRY,35.979
NZL,TTO,35.919
BGR,THA,35.885
PAN,NLD,35.793
MYS,AGO,35.739
CRI,URY,35.721
NLD,ABW,35.652
UZB,ARE,35.526
POL,MNG,35.511
AUS,NIU,35.486
DEU,AND,35.474
PRT,PHL,35.413
SVN,CYP,35.325
THA,BGR,35.19
SGP,AFG,35.173
HKG,SMR,35.169
DEU,COG,35.124
FRA,TTO,35.094
HRV,THA,35.008
POL,SYC,34.993
CHL,MYS,34.959
EST,HKG,34.935
AUT,LBN,34.772
IND,PNG,34.771
CIV,MLI,34.717
NZL,NCL,34.552
CZE,NAM,34.495
ZAF,ETH,34.476
UKR,ECU,34.436
MAR,TUN,34.426
MYS,PRY,34.34
SVK,VNM,34.336
BEL,CPV,34.258
SRB,ITA,34.253
CAN,NGA,34.23
MEX,AZE,34.158
CPV,PRT,34.14
AUT,COG,34.111
COL,GBR,34.102
BEL,LBN,34.011
MAC,GBR,33.98
AUT,ECU,33.961
TUN,AUT,33.911
GHA,TGO,33.879
GBR,GIN,33.843
SRB,LUX,33.8
BGD,DEU,33.757
THA,ISL,33.708
GBR,LAO,33.594
LTU,UZB,33.343
PRT,JOR,33.318
BIH,DEU,33.234
BEL,NZL,33.222
LTU,IND,33.198
ISR,MAR,33.121
GBR,NPL,33.09
NLD,TZA,33.045
DEU,AFG,33.026
SEN,GBR,32.959
KWT,FRA,32.924
ESP,ALB,32.902
UGA,COD,32.873
ZAF,IND,32.859
MUS,SYC,32.708
TUR,NZL,32.666
NZL,COL,32.519
MAR,SGP,32.501
BFA,CIV,32.498
ITA,UZB,32.496
DNK,KWT,32.486
TWN,ISL,32.407
DEU,LCA,32.374
DNK,MYS,32.367
MAR,RUS,32.333
IRL,FIN,32.286
AUS,CHL,32.27
CRI,PAN,32.24
EST,AUS,32.224
NZL,DEU,32.099
AUS,COL,32.083
ARE,BRA,32.058
GBR,JAM,32.044
POL,CRI,32.027
SEN,BEN,32.023
ITA,CPV,32.01
DEU,ABW,32.004
HND,SLV,32.004
SVK,MAR,31.982
IND,SVK,31.965
CAN,ZMB,31.93
SWE,TTO,31.89
FIN,HUN,31.852
DNK,AFG,31.836
TUN,NGA,31.83
BEN,SEN,31.812
HUN,COL,31.792
DEU,SXM,31.786
IRL,ROU,31.759
POL,CMR,31.757
SVN,TGO,31.715
BEL,CAF,31.692
CZE,IDN,31.637
FRA,LBR,31.558
PRT,ROU,31.544
BEL,TUN,31.434
ISR,SWE,31.394
CAN,MAR,31.379
HUN,LKA,31.328
MLT,CHE,31.29
JPN,UZB,31.275
BRA,THA,31.228
HUN,KWT,31.208
SGP,GHA,31.166
USA,LBY,31.06
JPN,TGO,31.025
SMR,KOR,30.951
MLT,IND,30.909
ISR,SRB,30.886
ISR,TUR,30.805
DNK,LUX,30.803
COL,URY,30.79
FIN,URY,30.755
NLD,GTM,30.72
DNK,SYR,30.684
BRA,NLD,30.643
POL,KHM,30.536
CAN,PRY,30.52
LTU,IRL,30.477
CAN,CYM,30.467
KAZ,TUR,30.46
AGO,USA,30.43
SWE,ECU,30.404
TWN,PAK,30.402
EST,VNM,30.374
TWN,NAM,30.344
WSM,IDN,30.341
ARG,PHL,30.326
TUN,AZE,30.303
HRV,IRL,30.288
BRA,MYS,30.222
THA,FJI,30.217
ISR,BRA,30.161
SAU,GBR,30.127
BEL,MNE,30.11
DNK,KEN,30.092
PHL,MAC,30.002
HKG,TTO,29.961
BMU,USA,29.916
MYS,SLB,29.867
NOR,SVK,29.789
ZAF,VGB,29.766
GBR,ARM,29.74
LBN,GAB,29.558
ZAF,SGP,29.527
HKG,MNG,29.5
HUN,AZE,29.411
LBN,CIV,29.396
PHL,PRY,29.375
SWE,BOL,29.363
AUT,PAN,29.305
ROU,KHM,29.261
NLD,SYC,29.258
SGP,TLS,29.251
PRT,LUX,29.238
JPN,DZA,29.221
JPN,CYP,29.201
MYS,LKA,29.099
GUY,BRA,29.025
AUS,MLI,28.976
FJI,CAN,28.955
MLT,EST,28.934
KOR,MAC,28.774
IND,ISL,28.757
BGR,CAN,28.685
SWE,AFG,28.672
DEU,LBR,28.656
PAK,CHE,28.596
CAN,GRC,28.587
DJI,DEU,28.555
AUT,LVA,28.526
POL,TCD,28.509
ARE,CYP,28.505
RUS,KOR,28.43
ARG,MAR,28.414
SGP,LBN,28.38
IRL,EST,28.311
CRI,VEN,28.194
EST,CIV,28.178
IDN,DNK,28.137
IRN,CZE,28.044
VNM,MWI,28.018
ZAF,BDI,27.978
TUN,CHN,27.968
FRA,VGB,27.928
BEL,RWA,27.917
HRV,GHA,27.875
BRA,PRT,27.868
OMN,ITA,27.837
ZAF,SHN,27.744
EST,HUN,27.734
PRT,CHL,27.725
BEL,CRI,27.704
MLT,GMB,27.662
USA,ALB,27.647
TUN,GTM,27.635
GRC,KGZ,27.582
AUS,TUV,27.565
SVN,PRT,27.562
ROU,TUN,27.547
DNK,GUY,27.528
CHE,KHM,27.456
MLT,CAN,27.436
NLD,YEM,27.415
CHN,AND,27.409
CHE,MLT,27.322
LKA,BRA,27.143
LUX,VNM,27.129
ZAF,AUT,27.126
HRV,KAZ,27.074
KEN,USA,27.049
FIN,KEN,27.048
MAR,POL,27.028
MKD,MAR,27.015
TWN,FSM,26.977
AZE,DEU,26.836
IRL,UZB,26.809
BHR,QAT,26.71
FRA,FJI,26.707
IRL,UKR,26.701
SWZ,TZA,26.665
TUR,GNB,26.663
CHE,BIH,26.644
URY,BRA,26.624
CHE,LBN,26.603
GUY,BHS,26.517
LBN,JOR,26.5
TUR,PLW,26.466
NGA,TGO,26.457
KAZ,FIN,26.441
SVK,SAU,26.427
PHL,CIV,26.357
BIH,LBN,26.349
AUS,EST,26.347
IRL,CAF,26.341
CHE,KEN,26.324
IRL,IDN,26.324
FRA,BRB,26.299
LUX,MLT,26.262
HKG,GMB,26.261
MYS,NCL,26.196
BRA,BHS,26.172
MLT,NOR,26.119
SRB,HUN,26.114
TUN,TUR,26.054
TWN,MKD,26.032
LUX,EGY,26.022
LTU,TKM,25.991
TUR,LVA,25.966
EST,ZAF,25.963
NZL,MYS,25.928
MYS,KGZ,25.911
TWN,MDG,25.907
JPN,BRN,25.901
ARE,UZB,25.895
CRI,AUS,25.862
EST,AZE,25.818
PHL,ISL,25.805
TTO,BLZ,25.804
HKG,FSM,25.79
GBR,UGA,25.767
ZAF,MRT,25.756
NOR,SVN,25.755
PHL,BEL,25.752
ARE,KOR,25.736
GBR,CMR,25.698
EST,RWA,25.654
PHL,SWE,25.644
ZAF,GAB,25.61
GBR,PYF,25.595
HRV,CIV,25.546
HKG,BWA,25.509
SGP,GUM,25.456
TWN,LVA,25.452
SYC,GBR,25.428
JPN,MNP,25.409
LKA,ZAF,25.349
SLE,USA,25.311
VNM,MDG,25.289
POL,NAM,25.274
AUS,MWI,25.263
KAZ,FRA,25.165
MYS,VCT,25.165
CHE,MOZ,25.109
ZMB,MOZ,25.048
PRT,MEX,25.039
IRL,DZA,25.024
HRV,GRC,25.002
SVN,BHR,24.98
AUS,BEL,24.95
TUN,MKD,24.896
HUN,KEN,24.831
PHL,KEN,24.748
CHE,CIV,24.747
BGR,MYS,24.735
BGR,SGP,24.727
AUT,PSE,24.716
SVK,TJK,24.679
NLD,SLV,24.626
ITA,BRN,24.574
VNM,MLT,24.536
AFG,CHE,24.528
PRT,MRT,24.49
ARE,SRB,24.344
TWN,SEN,24.336
TWN,LUX,24.324
DNK,SSD,24.31
ITA,MRT,24.293
AUT,DOM,24.28
POL,BLR,24.221
HRV,FIN,24.214
LBN,UKR,24.21
CHE,NGA,24.111
GRC,PAK,24.081
GRC,BHS,24.004
AUS,DNK,23.982
GRC,GEO,23.914
IND,MRT,23.912
BEL,NAM,23.885
ESP,NER,23.787
IRL,MYS,23.695
LTU,AZE,23.669
HKG,BLR,23.665
HKG,NPL,23.642
PHL,MUS,23.609
ITA,NER,23.492
GTM,NIC,23.491
LTU,PAN,23.479
SVK,CHL,23.368
CZE,CUB,23.351
AUS,EGY,23.344
USA,SOM,23.287
PRY,ARG,23.232
LKA,LTU,23.214
DNK,CUW,23.195
BRA,MLT,23.12
USA,GEO,23.062
PER,GBR,23.019
PRT,HND,23.013
ISR,BEN,23.0
NER,DEU,22.954
SVK,AUS,22.925
BEL,PYF,22.904
JPN,NGA,22.814
MMR,CZE,22.765
ESP,IRN,22.754
IRL,JPN,22.751
TWN,BRN,22.726
MEX,ISL,22.698
AUT,BDI,22.663
SVN,BRA,22.635
ISL,DEU,22.609
NLD,CPV,22.575
SWZ,ZAF,22.538
LTU,BRA,22.528
CZE,SSD,22.519
ITA,BOL,22.482
GBR,BOL,22.439
AUT,SMR,22.434
FRA,GTM,22.424
BGR,DMA,22.392
AUT,SLV,22.339
IND,HRV,22.333
NOR,GUY,22.306
AUT,UZB,22.301
ESP,BRN,22.289
ITA,TKM,22.247
CAN,ECU,22.201
LUX,PER,22.164
JPN,CIV,22.121
TGO,FRA,22.079
TUR,ATG,22.057
DEU,BHS,22.018
LTU,AUS,22.012
DNK,FJI,21.91
GBR,MMR,21.887
ISL,DNK,21.874
CHL,ITA,21.869
TWN,BIH,21.852
MDA,LTU,21.828
KWT,USA,21.758
EGY,AUS,21.744
MYS,MOZ,21.726
CZE,NER,21.625
AUT,KGZ,21.566
BGD,MYS,21.536
SGP,CRI,21.478
HKG,LBN,21.4
HKG,VEN,21.398
PHL,AZE,21.378
SRB,QAT,21.36
FIN,KAZ,21.301
FRA,CPV,21.26
CHN,STP,21.252
KAZ,DEU,21.182
SGP,OMN,21.11
PRT,MDA,21.075
SLV,CRI,21.033
UZB,UKR,20.981
LTU,IDN,20.941
LUX,JPN,20.941
LBN,GMB,20.898
GIN,CIV,20.896
FRA,ATF,20.893
CUW,USA,20.835
POL,SOM,20.818
SWE,GTM,20.815
CHE,MUS,20.813
NLD,VGB,20.711
BEL,NER,20.654
TGO,BEN,20.653
MYS,GUY,20.635
NZL,PNG,20.624
BEL,AZE,20.617
COL,BRA,20.559
NLD,JAM,20.555
CRI,ESP,20.516
LKA,AUS,20.492
BRA,ARE,20.473
CHL,CRI,20.463
ARE,JPN,20.461
ESP,CUW,20.419
LVA,CHE,20.195
LBN,GIN,20.16
AIA,USA,20.148
AUS,MUS,20.128
DNK,BOL,20.074
GRC,HND,20.033
ITA,SLV,20.007
LVA,IND,20.001
ISR,COD,20.0
CAN,GHA,19.974
CHE,NIC,19.97
BFA,NER,19.958
FIN,QAT,19.94
MLT,LTU,19.894
DNK,PSE,19.772
VNM,GMB,19.744
AUS,URY,19.741
ITA,NAM,19.733
ARE,HND,19.688
SEN,GMB,19.618
CZE,MOZ,19.597
MLT,QAT,19.554
SWE,SLV,19.542
FRA,IRN,19.541
USA,MWI,19.537
PRT,GIN,19.488
SVK,ARM,19.461
CHE,LBY,19.413
DEU,BMU,19.357
TUR,JPN,19.341
CAN,SRB,19.325
MEX,MAC,19.273
BRN,USA,19.182
CAN,GNQ,19.165
CHL,NZL,19.165
GRC,LUX,19.089
CHE,KGZ,19.065
FRA,VUT,19.037
UKR,ESP,19.003
CHE,BEN,18.979
SEN,GIN,18.973
TWN,ALB,18.911
DNK,GNB,18.871
MAR,TUR,18.87
AUS,SEN,18.827
DNK,BEN,18.78
CAN,BHR,18.775
DNK,AZE,18.775
NLD,SSD,18.771
LVA,HRV,18.741
NLD,BWA,18.737
LKA,KWT,18.726
AUS,NAM,18.705
NLD,GUY,18.67
COD,AGO,18.669
ESP,LKA,18.668
CZE,CRI,18.657
SAU,LKA,18.646
ESP,GMB,18.64
TUR,EST,18.64
FIN,MDA,18.626
ZAF,CAN,18.618
IDN,HUN,18.602
SGP,MAR,18.584
BEL,UZB,18.557
GRC,MYS,18.553
LKA,CHE,18.527
MAR,IDN,18.511
GTM,DOM,18.459
DEU,SDN,18.448
JPN,KGZ,18.446
LUX,TUN,18.41
FRA,AFG,18.407
IRL,MAR,18.377
GBR,NER,18.343
DNK,CYP,18.319
LVA,NGA,18.291
BGR,MUS,18.285
FJI,AUS,18.251
AUT,LKA,18.159
NZL,JAM,18.12
KWT,ARE,18.088
ROU,CHL,18.058
FRA,SLV,18.04
AUS,BFA,18.032
SEN,MRT,18.006
ISR,HKG,17.95
LTU,KOR,17.911
BLZ,USA,17.896
ROU,QAT,17.893
CIV,LBR,17.88
LTU,THA,17.869
FRA,GUY,17.811
GUY,GBR,17.808
AUT,CIV,17.794
GRC,BHR,17.786
MYS,NER,17.769
DNK,TUN,17.699
EGY,MLT,17.683
SGP,IOT,17.676
DNK,GIN,17.665
TUR,BHR,17.658
KEN,SAU,17.657
BRA,GRC,17.655
SVN,UGA,17.571
NOR,GHA,17.549
LUX,CHE,17.548
NLD,PYF,17.532
FRA,NAM,17.515
TUR,BGD,17.508
NIC,CRI,17.506
PAN,GUY,17.494
PHL,NAM,17.475
JPN,TON,17.467
NOR,CMR,17.459
NLD,URY,17.429
MYS,MAC,17.428
SAU,CHN,17.424
SGP,ZMB,17.422
DNK,TZA,17.404
CHL,KAZ,17.393
PAK,POL,17.393
EST,IRL,17.351
BEL,LBY,17.332
GEO,DEU,17.288
KHM,USA,17.255
PYF,FRA,17.251
SVN,CHN,17.241
AUS,IRQ,17.234
USA,NCL,17.23
SWE,BEN,17.222
PHL,PAK,17.188
SVN,URY,17.141
IDN,ISL,17.105
SVK,PRT,17.101
POL,NIC,17.076
BHR,TUR,17.047
MEX,BFA,17.044
TGO,MRT,17.034
CZE,LBY,17.027
PER,ESP,17.016
TUR,BWA,17.015
SUR,ISR,17.0
CYP,EGY,16.993
HKG,GUY,16.992
CAN,AZE,16.96
GBR,GMB,16.954
CAN,LCA,16.931
MYS,UZB,16.931
MLT,SGP,16.924
HKG,SEN,16.914
LTU,JPN,16.906
SWE,BIH,16.873
SYC,IND,16.816
ISR,NZL,16.805
CHE,TKM,16.784
ITA,GAB,16.783
TCA,CAF,16.746
TWN,MDV,16.715
EST,BGR,16.709
BOL,BRA,16.638
TUR,CPV,16.603
BGD,POL,16.563
HUN,QAT,16.54
ALB,CHN,16.498
POL,RUS,16.496
NOR,ARG,16.46
CHE,BHR,16.401
DEU,MHL,16.387
ZAF,TUR,16.371
FIN,BHR,16.366
GBR,BEN,16.347
FIN,PER,16.323
HRV,ISR,16.295
ESP,UGA,16.292
BRA,EGY,16.229
MMR,LUX,16.204
HUN,TGO,16.162
IND,LCA,16.161
DNK,PAN,16.153
NOR,GRC,16.148
SGP,ZWE,16.146
SAU,SWE,16.141
GRC,BFA,16.13
KEN,SYC,16.107
GEO,UKR,16.075
ARG,PRY,15.986
ITA,GUY,15.953
CZE,HND,15.923
UZB,AZE,15.873
CAN,KNA,15.87
IND,MDA,15.87
CHN,MSR,15.77
MEX,BHS,15.767
PHL,MNE,15.746
NLD,SMR,15.716
SLV,MAR,15.716
IRL,NPL,15.695
AUS,AGO,15.694
NOR,ISR,15.67
MYS,ISL,15.656
ROU,KAZ,15.65
ZAF,MAR,15.622
GBR,KHM,15.616
BRB,LCA,15.578
TUR,LUX,15.573
SRB,UZB,15.565
CZE,MWI,15.555
LTU,MOZ,15.537
ZMB,COG,15.533
BEL,LKA,15.504
ESP,GNB,15.503
BEL,PAK,15.501
JPN,AGO,15.501
THA,URY,15.499
CIV,BEN,15.478
BEL,MUS,15.449
THA,WSM,15.441
NLD,GNQ,15.434
LVA,IRL,15.396
CHE,TLS,15.354
SGP,LAO,15.351
THA,MAC,15.339
POL,UGA,15.336
IND,EST,15.329
CZE,MDV,15.316
CRI,JPN,15.314
GIN,NZL,15.304
POL,TZA,15.27
CAN,CZE,15.258
MLT,LVA,15.241
SWE,MDG,15.216
LVA,BEL,15.207
IDN,HND,15.163
VNM,BRB,15.162
PHL,EST,15.125
SVK,CYP,15.096
SRB,SVK,15.09
CAN,ISL,15.043
DEU,BLM,15.038
GBR,HND,14.984
BRA,CYP,14.98
EST,PER,14.974
EGY,ZAF,14.959
LVA,ARE,14.959
IRL,MLT,14.949
DNK,BTN,14.878
PRT,GRC,14.872
CYP,NLD,14.837
HUN,CYP,14.813
ESP,SMR,14.785
FRA,MDV,14.779
LVA,HKG,14.733
TUR,MNP,14.694
SWE,COG,14.668
SWE,ALB,14.667
ITA,MNG,14.657
MNE,SRB,14.643
SVN,AZE,14.64
CHE,UGA,14.625
BEL,NCL,14.599
RUS,SRB,14.599
GRC,MNE,14.578
HUN,ARM,14.531
HRV,CAN,14.47
KOR,BFA,14.457
ISR,LKA,14.43
DEU,GUY,14.397
ISL,ESP,14.393
JPN,GUY,14.377
CHE,URY,14.358
MEX,LUX,14.349
GBR,MAC,14.302
ROU,ISL,14.282
NZL,IDN,14.277
URY,ECU,14.277
SWE,NAM,14.273
DNK,MDA,14.263
AGO,COG,14.258
CHE,GRL,14.211
MLT,SRB,14.196
KAZ,MNG,14.179
NPL,DNK,14.172
ZAF,PER,14.168
PER,CHN,14.161
SVK,BRA,14.124
SWE,GEO,14.124
LUX,IRL,14.108
LKA,PHL,14.099
NOR,HKG,14.078
BEL,COG,14.071
HUN,BHR,14.069
TWN,MNE,14.034
SVK,LUX,14.025
IRQ,TUR,14.017
CHE,SYC,14.013
TWN,NIC,13.954
SWE,MRT,13.896
COL,CUB,13.869
IRL,KAZ,13.858
KOR,VUT,13.848
AUT,GTM,13.814
HKG,LSO,13.814
PER,IND,13.811
ZMB,ZAF,13.806
JOR,GBR,13.791
GBR,GAB,13.776
PAN,BLZ,13.767
FIN,MAR,13.695
PRT,KEN,13.626
FRA,JAM,13.567
LTU,HND,13.55
IRL,CHN,13.544
BIH,CHE,13.541
MYS,SYC,13.541
ROU,LUX,13.508
MEX,PRT,13.498
UKR,NLD,13.469
MLT,TZA,13.433
DNK,AGO,13.384
LTU,KWT,13.373
KEN,CAF,13.368
IND,ARM,13.353
ARE,GMB,13.346
BEL,GTM,13.337
CZE,ECU,13.327
JPN,LVA,13.325
LTU,ARM,13.324
SGP,URY,13.304
HUN,MLT,13.272
CAN,BMU,13.268
BEL,IRN,13.26
ITA,ZMB,13.235
MEX,TUN,13.218
ITA,NIC,13.208
POL,COG,13.196
ECU,SGP,13.167
PHL,TUN,13.139
LTU,CAN,13.114
FRA,BMU,13.099
FJI,TUV,13.087
LVA,SGP,13.086
ZAF,PAN,13.084
LKA,SAU,13.072
HUN,UZB,13.069
TCA,USA,13.064
BRA,PHL,13.053
ZMB,MWI,13.053
FRA,MAC,13.045
CYP,ITA,13.044
CAN,MDG,13.033
NZL,IND,13.03
VNM,FJI,13.017
BGR,JPN,13.008
IDN,MUS,13.005
ROU,AZE,12.984
FIN,TUN,12.961
NLD,BMU,12.958
DNK,VEN,12.938
IDN,SVN,12.934
DNK,CIV,12.91
TUR,COM,12.891
POL,BRN,12.876
DNK,TGO,12.753
DOM,TCA,12.69
LVA,TWN,12.648
HKG,SYC,12.643
KHM,GBR,12.577
USA,GMB,12.547
CYP,ROU,12.541
HUN,NIC,12.539
LTU,OMN,12.53
JPN,MOZ,12.489
MLT,LBY,12.478
NZL,KOR,12.461
SWE,KHM,12.402
POL,MWI,12.392
ZAF,KOR,12.386
LTU,SRB,12.38
ZAF,COG,12.379
QAT,AGO,12.347
KOR,BTN,12.344
ARG,CZE,12.341
GRC,PER,12.34
ISR,UKR,12.338
VGB,USA,12.336
PAN,NIC,12.254
MYS,BFA,12.236
FRA,NPL,12.221
HRV,UKR,12.208
ZAF,BFA,12.182
TWN,RUS,12.18
HRV,ISL,12.171
LTU,ISR,12.155
NOR,MEX,12.14
VNM,LVA,12.125
CHL,SRB,12.117
CRI,CHL,12.103
PRT,CUB,12.103
CHE,CMR,12.092
MEX,ARM,12.071
SVK,HKG,12.066
MOZ,ZMB,12.053
GUY,NLD,12.048
CZE,JOR,12.036
CZE,BRN,12.021
DZA,DEU,12.009
NAM,MLI,12.007
USA,FLK,12.0
TUR,NER,11.984
GEO,IRN,11.944
HRV,MLT,11.926
ZAF,ESP,11.924
ZAF,PHL,11.916
OMN,SVK,11.878
KEN,GHA,11.877
HRV,AUS,11.869
POL,BFA,11.865
DEU,VCT,11.851
NOR,BGD,11.81
ISR,UZB,11.795
MEX,BIH,11.777
NOR,GRL,11.737
MAR,ROU,11.709
HUN,TUN,11.688
MLT,GEO,11.685
AUS,PRT,11.642
MDA,NLD,11.634
LVA,JPN,11.601
TUR,PHL,11.6
ZAF,SAU,11.59
NZL,ISL,11.562
ZAF,NER,11.493
HUN,HND,11.483
CYP,BFA,11.439
SWE,MKD,11.385
ESP,TON,11.382
MAR,IRL,11.371
AZE,ARE,11.352
IND,NIC,11.339
GHA,BEN,11.338
CAN,MOZ,11.318
HRV,KEN,11.308
BGR,TKM,11.295
DNK,MLT,11.279
MAR,SVK,11.277
NOR,KWT,11.262
SWE,HND,11.262
SVK,COD,11.255
CHE,CPV,11.253
NOR,THA,11.237
BEL,TCD,11.231
HUN,SLV,11.216
UGA,BDI,11.216
TWN,DOM,11.184
ARE,ARM,11.149
LUX,NOR,11.121
NZL,ZAF,11.118
MKD,TUN,11.1
ZAF,CAF,11.091
NZL,PHL,11.087
NOR,TWN,11.074
AUS,NGA,11.052
CRI,PHL,11.038
NLD,PAN,11.033
VEN,FRA,11.032
THA,EST,11.017
VNM,NER,11.015
ISR,VNM,11.0
DNK,MLI,10.999
HKG,CMR,10.969
NLD,TCD,10.932
KEN,NLD,10.919
ESP,NIC,10.901
DNK,CMR,10.863
SWZ,NGA,10.838
USA,TLS,10.837
LTU,SAU,10.791
HKG,BHR,10.783
ISR,ZAF,10.761
IDN,NAM,10.746
BRA,POL,10.741
IRQ,NLD,10.741
AUT,IRQ,10.724
EST,HRV,10.721
CHE,SEN,10.712
MEX,GRC,10.711
JPN,DOM,10.666
KAZ,GBR,10.659
IRL,URY,10.658
SHN,GRC,10.655
IRL,GEO,10.651
BDI,IND,10.649
NOR,AZE,10.64
NER,IDN,10.638
PRT,ARG,10.638
SRB,SAU,10.638
PRT,OMN,10.637
ROU,MDG,10.636
UZB,AFG,10.63
ESP,JAM,10.607
MOZ,CHE,10.581
CHE,TGO,10.576
IRL,THA,10.573
IND,GNB,10.572
SEN,SGP,10.54
LTU,MDA,10.508
LVA,ARM,10.421
PRK,AUT,10.409
SVN,PAK,10.409
THA,PAN,10.392
GRC,NIC,10.386
LUX,TWN,10.367
ARM,GEO,10.35
TUR,ARG,10.346
ITA,SYR,10.338
PRT,RWA,10.33
NZL,BHR,10.304
ESP,COD,10.286
TZA,MOZ,10.262
GRC,AZE,10.255
SGP,TUN,10.25
HKG,GHA,10.246
NGA,ITA,10.238
FRA,MWI,10.22
NOR,MAR,10.216
BHS,GBR,10.211
CAN,TTO,10.204
SVK,AZE,10.197
SVK,SGP,10.182
LTU,ARG,10.163
IDN,SRB,10.159
NOR,EGY,10.158
ROU,SAU,10.152
NLD,PRY,10.138
ZAF,CHL,10.124
ALB,NLD,10.085
USA,PSE,10.07
ESP,ABW,10.067
EST,TWN,10.06
IRL,QAT,10.06
IRL,EGY,10.057
SGP,SLV,10.047
CHE,SLV,10.044
DNK,COG,10.031
SGP,NIC,10.01
KOR,NAM,10.007
HRV,ZAF,9.996
NZL,NIU,9.971
NZL,KIR,9.966
ESP,TCD,9.955
MWI,ZWE,9.928
MEX,SEN,9.922
SGP,PAN,9.912
JPN,BWA,9.91
CHL,KEN,9.893
SWE,BHS,9.836
THA,SRB,9.806
GMB,NLD,9.782
ESP,BWA,9.778
ZAF,BRB,9.778
ARE,HUN,9.736
VNM,AGO,9.732
POL,MAC,9.727
DEU,LAO,9.723
ECU,NLD,9.71
THA,BFA,9.69
DEU,SMR,9.669
NOR,PHL,9.662
IDN,MKD,9.661
DNK,OMN,9.65
LUX,TJK,9.649
POL,HND,9.629
EGY,NOR,9.61
CIV,SLE,9.596
HKG,RWA,9.578
HKG,KAZ,9.559
HUN,NAM,9.558
IDN,KAZ,9.54
SVK,MRT,9.501
POL,MDG,9.495
MLT,ESP,9.49
PHL,LBN,9.488
COL,AUT,9.478
FIN,RWA,9.456
FIN,UZB,9.434
FRA,SUR,9.422
URY,AUS,9.419
DEU,HTI,9.406
CHE,CUB,9.354
JPN,LAO,9.282
NZL,VUT,9.278
ZAF,SDN,9.277
CZE,MAC,9.267
HUN,PYF,9.254
BGR,CIV,9.252
GTM,CUB,9.228
LTU,HKG,9.215
ISR,CRI,9.208
NOR,CHL,9.193
GRC,TUN,9.184
CAN,ATG,9.18
TUR,KWT,9.166
GRC,ISL,9.15
EGY,NGA,9.123
CAN,SPM,9.119
NOR,MYS,9.104
NZL,PER,9.093
TWN,GUY,9.082
DMA,SGP,9.067
MLT,SAU,9.058
MYS,ALB,9.052
AUT,CRI,9.041
ISR,PRT,9.031
CZE,SOM,9.016
ISR,CIV,9.0
PHL,ISR,9.0
BRB,FIN,8.988
BGR,PHL,8.978
MEX,AGO,8.956
ERI,BMU,8.939
GBR,MOZ,8.934
KOR,SLB,8.931
BRA,BGD,8.923
SGP,MUS,8.917
FIN,MUS,8.89
NAM,MUS,8.884
LBN,CAF,8.85
THA,AZE,8.824
IRL,CHL,8.816
FRA,PSE,8.792
LUX,SVK,8.786
GBR,NCL,8.774
LUX,MEX,8.759
SWE,MOZ,8.741
TUR,PRY,8.732
IND,ERI,8.699
BRA,DZA,8.659
FIN,SVK,8.651
MYS,PYF,8.648
SVK,IDN,8.625
LTU,BIH,8.62
DOM,CAN,8.616
IND,IRL,8.608
NOR,MLT,8.607
SVK,BRB,8.607
LTU,MNE,8.6
AUT,BGD,8.565
PHL,LUX,8.561
PRT,DOM,8.555
BEL,KWT,8.541
DNK,BDI,8.54
TUR,BLZ,8.538
AUS,FIN,8.517
NOR,NPL,8.515
SVK,PER,8.501
SVK,NZL,8.492
LUX,ZWE,8.474
PAK,SGP,8.471
CAN,VCT,8.466
CRI,HKG,8.466
CAN,FJI,8.444
FRA,MNG,8.383
PRK,POL,8.383
LUX,COL,8.367
MYS,LAO,8.358
NZL,ARE,8.342
CAN,JOR,8.335
CMR,USA,8.329
GBR,FJI,8.324
BGR,TZA,8.316
OMN,IND,8.312
SRB,LBY,8.268
JPN,DJI,8.258
IDN,TUN,8.25
MKD,SWE,8.233
BRB,CYM,8.222
USA,SLB,8.214
DNK,NER,8.181
CHE,CUW,8.166
EGY,CHE,8.166
CAN,LBR,8.158
CAN,KAZ,8.157
LTU,CYP,8.092
CYP,GEO,8.079
GEO,ESP,8.063
LVA,MNE,8.047
BEL,BHR,8.043
SGP,MNE,8.027
LBN,KEN,8.0
AUS,LAO,7.998
BRN,DEU,7.998
PHL,PRT,7.981
TGO,ZAF,7.975
BEL,PAN,7.968
SGP,MKD,7.966
BRA,COD,7.962
LVA,MEX,7.957
DNK,TJK,7.937
NOR,NZL,7.897
POL,BOL,7.884
CRI,ECU,7.88
BGR,GTM,7.877
PHL,BFA,7.874
CHE,PSE,7.869
ESP,BEN,7.857
EST,KWT,7.854
MEX,ZMB,7.784
AUS,KAZ,7.77
USA,AFG,7.758
NOR,KAZ,7.755
LVA,KAZ,7.721
NLD,KHM,7.687
CAN,KEN,7.668
CAN,TCD,7.658
GRC,MAR,7.657
LTU,LBY,7.634
BLR,POL,7.628
FRA,ABW,7.613
MAR,CZE,7.603
URY,COL,7.585
PHL,NER,7.581
EST,JPN,7.579
NZL,CHL,7.578
PYF,NLD,7.575
CAN,TZA,7.558
EST,CHL,7.558
FRA,BHS,7.552
ZAF,BEN,7.552
MYS,CXR,7.551
IDN,TGO,7.548
HUN,BLZ,7.542
ARG,IRL,7.506
ESP,ZWE,7.485
NLD,MOZ,7.482
MEX,TZA,7.48
NLD,BRB,7.476
LBN,EGY,7.466
NLD,BOL,7.463
GRC,CIV,7.459
TWN,NCL,7.445
MLT,NLD,7.423
SEN,CIV,7.415
CHE,BRB,7.413
CAN,DZA,7.407
BRA,BMU,7.403
SVN,HND,7.379
ZAF,UKR,7.366
SLV,PER,7.346
AUS,NIC,7.344
BGR,PER,7.308
UKR,NOR,7.296
ROU,NZL,7.274
BRB,FRA,7.262
TUN,MAR,7.258
PAN,URY,7.254
FIN,ARG,7.243
CHN,TUV,7.212
LVA,PHL,7.194
GUM,PHL,7.189
HKG,AND,7.157
FIN,COD,7.154
PHL,PAN,7.115
JPN,HRV,7.113
ESP,SYC,7.112
FIN,COL,7.112
JPN,CUB,7.109
TCD,PAK,7.101
DZA,FRA,7.1
FRA,GMB,7.092
TWN,BFA,7.087
DNK,SLV,7.074
MLT,HRV,7.06
AUT,NAM,7.056
CHE,BFA,7.042
LKA,FIN,7.042
NLD,SLE,7.02
CRI,PRY,7.012
HUN,NGA,7.004
PAK,SWE,7.003
GRC,ARM,6.98
FIN,AGO,6.977
NLD,NPL,6.974
LTU,MEX,6.965
SOM,KEN,6.961
PRT,DNK,6.956
BRN,IDN,6.945
PHL,NGA,6.945
ISL,FIN,6.932
EST,BRA,6.925
ROU,GTM,6.925
SLV,COL,6.915
FIN,SVN,6.896
UKR,AUS,6.894
MEX,PAK,6.886
BEL,ALB,6.877
AFG,CAN,6.873
JPN,COK,6.871
NZL,SAU,6.865
JPN,PSE,6.858
THA,BHR,6.854
IDN,RUS,6.843
USA,TKM,6.84
BEL,SYC,6.836
KWT,BHR,6.811
NLD,MWI,6.811
THA,KGZ,6.809
ZMB,BDI,6.802
BEL,ECU,6.777
SGP,KGZ,6.76
SYC,USA,6.753
HKG,BLZ,6.749
MHL,AUS,6.746
LTU,LUX,6.741
AFG,PER,6.731
LTU,NPL,6.729
GBR,VCT,6.706
BIH,UKR,6.705
BIH,ALB,6.672
GRC,GIB,6.672
CHE,BOL,6.671
GIB,GBR,6.671
ARM,BLR,6.64
UZB,CZE,6.617
AUT,LBY,6.593
NOR,PAN,6.591
PRT,CYP,6.578
AUS,CZE,6.562
DNK,GTM,6.548
THA,CRI,6.524
AUT,HND,6.518
SRB,MYS,6.516
LVA,AZE,6.513
LTU,SYC,6.506
GBR,TGO,6.499
CAN,SEN,6.491
ITA,MLI,6.481
BRA,AZE,6.461
BEL,ETH,6.457
KHM,AUT,6.452
CAN,CUW,6.448
NLD,HND,6.434
RUS,DEU,6.433
AZE,GBR,6.427
DNK,TLS,6.406
SWE,SEN,6.395
TWN,BMU,6.395
LUX,SGP,6.393
ROU,KWT,6.389
ISR,BEL,6.388
JPN,PNG,6.388
RUS,LKA,6.361
AUT,TTO,6.349
CYP,SGP,6.33
LKA,BHR,6.328
ECU,MEX,6.326
SUR,GUY,6.303
THA,ROU,6.28
MMR,URY,6.276
HRV,LTU,6.274
PRT,KOR,6.267
LUX,NZL,6.258
SAU,HKG,6.251
AUS,MDV,6.236
THA,ECU,6.23
TWN,GEO,6.23
NLD,MAC,6.229
URY,PAN,6.223
SGP,SEN,6.214
ZAF,KAZ,6.2
HND,PER,6.194
GBR,DMA,6.189
GTM,CRI,6.187
DNK,BRN,6.185
USA,BEN,6.182
AUS,ECU,6.173
CAN,NAM,6.163
NOR,TUN,6.145
KGZ,ARE,6.14
NZL,TUV,6.132
CHE,BHS,6.117
LVA,CAN,6.113
MAR,BFA,6.111
NOR,TTO,6.106
KEN,BEL,6.105
POL,VCT,6.089
MDA,HUN,6.076
LVA,UZB,6.068
JAM,POL,6.059
BGR,DJI,6.049
BGR,IND,6.042
TTO,CAN,6.042
BRA,NRU,6.031
TON,FJI,6.03
CHN,PLW,6.025
LUX,HRV,6.017
GBR,PRY,6.006
AGO,QAT,6.0
LUX,FIN,5.98
ZAF,JPN,5.97
CIV,GHA,5.965
NAM,SEN,5.965
ECU,CAN,5.951
MAC,SGP,5.949
SGP,LUX,5.944
CHE,BRN,5.937
JPN,MLT,5.937
AUT,BFA,5.914
MKD,AUS,5.894
BHR,PAK,5.891
LVA,BRA,5.891
DEU,YEM,5.871
QAT,FRA,5.87
NGA,USA,5.863
FIN,AZE,5.853
IRL,VNM,5.84
IND,CYM,5.83
ZAF,YEM,5.829
BLZ,CHN,5.811
BRB,JAM,5.804
LTU,PRT,5.802
SVK,ALB,5.779
IRN,GEO,5.778
NOR,ECU,5.767
RUS,LVA,5.763
IND,TUN,5.754
AUT,TKM,5.736
NLD,CYM,5.729
ARE,POL,5.723
MYS,GUM,5.714
LBN,MLT,5.713
NZL,ASM,5.694
ARG,AUS,5.688
TUN,SRB,5.685
GRC,BMU,5.683
DOM,JAM,5.682
THA,UKR,5.667
KEN,MOZ,5.656
POL,SMR,5.653
SGP,BOL,5.647
GBR,BES,5.637
THA,NAM,5.612
ITA,BLM,5.605
LTU,CRI,5.601
ISL,UZB,5.586
LVA,ZAF,5.563
SWE,GUY,5.513
TUN,CHL,5.51
JPN,NER,5.509
USA,COM,5.505
GRC,FIN,5.503
LUX,NGA,5.496
FRA,MMR,5.492
NLD,MMR,5.485
MMR,DEU,5.483
ZAF,FIN,5.48
BEL,DOM,5.47
FIN,KWT,5.467
PAK,CZE,5.462
IRL,NGA,5.456
HKG,BRN,5.436
NZL,GIN,5.432
NZL,QAT,5.431
TON,JPN,5.424
CAN,SVK,5.415
SVK,MNE,5.41
FIN,NAM,5.407
NZL,NRU,5.391
GEO,HUN,5.381
TWN,UZB,5.374
AUT,JAM,5.357
AUT,SLE,5.357
DNK,GEO,5.357
LKA,EGY,5.35
CAN,MLT,5.344
CZE,PRY,5.342
AUT,BRN,5.341
RUS,SAU,5.335
DEU,ATG,5.332
AUT,SLB,5.33
ITA,VCT,5.329
TUN,NZL,5.303
AZE,ITA,5.299
PAK,GTM,5.297
SVK,ZAF,5.295
MAR,KOR,5.292
SAU,IRL,5.286
BEN,TGO,5.279
ROU,PER,5.27
TWN,SLB,5.265
TWN,VUT,5.265
SRB,ZWE,5.242
JPN,JAM,5.239
ARM,HUN,5.227
AUT,TUV,5.227
TGO,DEU,5.221
TUN,BRA,5.217
VNM,TGO,5.21
KEN,SLE,5.2
LVA,GRC,5.2
TWN,ZWE,5.198
BEL,TGO,5.19
JPN,LSO,5.178
IDN,KHM,5.171
BEL,SLE,5.167
CAN,BRB,5.16
ITA,GMB,5.155
JPN,MWI,5.154
SVK,FIN,5.154
ZAF,CYP,5.152
FIN,UGA,5.148
AUT,BOL,5.136
SEN,ITA,5.135
EGY,PER,5.124
HKG,MKD,5.124
SVK,MDA,5.124
UGA,CAF,5.122
JPN,CUW,5.12
AGO,ZAF,5.118
MLT,BEL,5.116
DNK,MNG,5.11
SWE,NER,5.11
TWN,HTI,5.109
ATG,MSR,5.103
IRL,TGO,5.087
BRA,FIN,5.086
DNK,MWI,5.058
FIN,GTM,5.055
ESP,BGD,5.045
LKA,IDN,5.044
TUR,BRB,5.043
NLD,UGA,5.034
DEU,FJI,5.025
BGD,AUT,5.02
KHM,DEU,5.008
BHR,CHN,5.007
BEL,TTO,5.004
MLT,KOR,5.001
SRB,ESP,5.001
NLD,NCL,5.0
SAU,MRT,4.997
LTU,EGY,4.992
DEU,GIB,4.986
RUS,MYS,4.98
BRN,KOR,4.971
BRA,CZE,4.963
PRT,LTU,4.961
BEL,ERI,4.951
GEO,KGZ,4.947
BEL,YEM,4.945
SGP,CIV,4.911
LVA,PRT,4.909
JAM,FRA,4.904
CIV,GIN,4.892
NAM,NLD,4.89
BTN,SGP,4.889
CYP,CHE,4.886
AGO,NAM,4.885
TUN,IND,4.883
UKR,CUB,4.879
ARM,ITA,4.872
ZAF,COL,4.866
PRY,USA,4.864
GRC,DOM,4.86
CHL,PAK,4.846
HUN,GNQ,4.839
GTM,USA,4.835
IRL,TWN,4.824
PRT,GAB,4.821
LUX,IDN,4.817
KEN,BFA,4.815
SVK,KEN,4.791
CHL,EST,4.765
TUR,TGO,4.763
GRC,VCT,4.758
PRT,GEO,4.748
AZE,CZE,4.746
NZL,IRL,4.745
SGP,TCA,4.745
POL,PRY,4.742
DEU,GMB,4.722
ITA,SLE,4.715
SGP,COG,4.712
NOR,OMN,4.707
FRA,NIC,4.684
IND,ROU,4.674
MEX,MUS,4.67
CZE,TKM,4.669
GBR,SLV,4.669
ITA,GIN,4.663
PHL,KGZ,4.658
CAN,CMR,4.653
CHN,SMR,4.65
FIN,BFA,4.639
CHE,SLE,4.636
SVN,UZB,4.625
TWN,AGO,4.621
TWN,KGZ,4.613
EST,MYS,4.611
HUN,BOL,4.61
THA,SVN,4.604
AUS,SRB,4.602
SMR,SVN,4.602
DEU,GRD,4.588
MLT,PER,4.584
ITA,SUR,4.582
LKA,MAR,4.579
THA,LTU,4.578
LTU,GUY,4.573
CAN,GRL,4.572
FIN,DOM,4.572
DNK,TTO,4.569
LKA,SRB,4.568
POL,AGO,4.552
DNK,MUS,4.548
AUT,MDV,4.521
GRC,UGA,4.521
KOR,MWI,4.516
NIC,AUT,4.502
KHM,BRN,4.497
MNE,HRV,4.489
PAN,PRY,4.486
GTM,PAN,4.485
HUN,SEN,4.467
GRC,MDV,4.447
GRC,HKG,4.446
ROU,UZB,4.43
DNK,DZA,4.416
GHA,FRA,4.416
BGR,ISL,4.414
HRV,BRA,4.41
GBR,ABW,4.409
CAN,VNM,4.408
LUX,PAK,4.403
FIN,SRB,4.401
MDA,CZE,4.382
THA,NIC,4.375
GIN,BEN,4.366
GBR,BWA,4.358
EST,IRQ,4.342
GRC,MUS,4.339
GBR,MLI,4.336
AUS,BGR,4.333
AUT,TZA,4.326
RUS,PHL,4.324
BDI,USA,4.313
AZE,KOR,4.31
HRV,BGR,4.3
PRT,BLM,4.288
IND,BIH,4.277
IRL,SYC,4.277
ZAF,BEL,4.277
NLD,GNB,4.273
KEN,CHE,4.267
CAN,LKA,4.241
MDA,DEU,4.234
BIH,NLD,4.223
NAM,CYP,4.217
TWN,TZA,4.212
JPN,LCA,4.202
GRC,ATG,4.189
JPN,MDG,4.188
NOR,CIV,4.188
UKR,SAU,4.185
ZAF,SOM,4.181
ROU,ARG,4.169
LKA,TZA,4.166
IRL,CYP,4.159
KEN,MDG,4.158
MEX,MKD,4.153
IDN,MDA,4.149
HKG,KGZ,4.128
IRL,BGR,4.127
CAN,MRT,4.126
LBN,ETH,4.121
NZL,LCA,4.105
EGY,CAN,4.102
AUT,RWA,4.097
USA,TGO,4.09
CAN,MSR,4.06
SRB,SWE,4.058
NOR,UZB,4.052
BRA,BDI,4.051
NCL,USA,4.05
MEX,MDV,4.039
MLT,TUR,4.03
MMR,CHE,4.025
POL,SLV,4.022
PHL,GUY,4.006
GRC,CYM,4.001
COL,BLZ,3.999
BHR,FRA,3.995
TWN,SUR,3.987
TGO,NLD,3.986
ITA,NPL,3.982
LKA,IRL,3.966
CAN,UGA,3.963
LKA,HRV,3.944
CZE,VNM,3.941
MAR,BEL,3.938
IND,CAF,3.93
NLD,NIC,3.918
PRT,ECU,3.914
LSO,ZAF,3.913
PRT,MYS,3.908
CAN,BFA,3.902
LBN,IRN,3.902
ARE,PRT,3.887
GEO,FRA,3.887
PRT,LBR,3.883
BRA,DNK,3.876
NAM,MYS,3.874
MUS,MOZ,3.867
EST,JOR,3.864
SGP,KAZ,3.864
GEO,USA,3.854
HRV,KGZ,3.852
CHE,MRT,3.839
LVA,MYS,3.836
LKA,ECU,3.835
LKA,NZL,3.828
BRA,CYM,3.827
TZA,CAN,3.816
ARM,ARE,3.78
UKR,DNK,3.751
ESP,HND,3.746
CIV,TGO,3.734
IRL,UGA,3.734
MMR,FRA,3.728
FRA,RUS,3.722
NOR,BHS,3.719
KEN,GBR,3.706
IRL,BGD,3.704
CHE,BMU,3.701
FIN,NZL,3.678
CAN,DMA,3.661
UKR,JPN,3.66
SLV,TUR,3.658
TUR,KNA,3.648
BGR,BFA,3.643
DNK,KGZ,3.641
USA,SSD,3.637
JOR,AUT,3.631
LBN,BEL,3.618
UKR,AUT,3.618
NOR,PER,3.617
TON,POL,3.614
GRC,IDN,3.609
IRN,FRA,3.606
NAM,DEU,3.606
BRB,BHS,3.604
EST,GAB,3.599
SUR,GTM,3.598
SWE,GAB,3.596
ZAF,GTM,3.596
AUS,LVA,3.592
THA,LUX,3.591
VGB,BGR,3.581
KHM,DNK,3.58
CAN,VGB,3.572
FRA,CUW,3.572
LUX,VEN,3.568
IDN,PAK,3.565
CPV,CHL,3.56
ARE,SVN,3.557
IND,JAM,3.557
NER,LKA,3.555
MMR,SVK,3.548
CHE,RWA,3.544
KEN,TCD,3.535
SVK,LBN,3.51
GRC,PLW,3.505
MLT,SWE,3.501
KAZ,MMR,3.5
NZL,MEX,3.496
IRL,ECU,3.493
SRB,NOR,3.483
ROU,CYP,3.48
KHM,POL,3.479
BLR,GBR,3.473
AUS,UKR,3.472
AUS,GRC,3.465
MEX,GUY,3.464
AUT,MRT,3.46
BGD,NLD,3.46
MYS,ROU,3.459
CZE,TJK,3.457
BRA,BRB,3.437
AZE,USA,3.436
GEO,ARE,3.436
KEN,NER,3.426
BRA,IRL,3.421
PER,COL,3.417
BEL,GNQ,3.416
LTU,DOM,3.413
PYF,NCL,3.399
BGR,MDG,3.398
AGO,GBR,3.397
CHE,DOM,3.397
BHR,DEU,3.396
SRB,BEL,3.393
LTU,PAK,3.364
BRA,TWN,3.363
QAT,NLD,3.363
PAN,BRB,3.361
MAR,ARE,3.358
PER,NIC,3.356
FJI,WLF,3.348
PHL,MKD,3.348
AUT,CAF,3.326
THA,SWE,3.324
NOR,LVA,3.321
ITA,GRD,3.308
PAK,ESP,3.298
FIN,LKA,3.296
THA,GRC,3.285
SRB,THA,3.281
MYS,LTU,3.279
AUT,CUB,3.27
IRQ,BGR,3.264
JPN,BMU,3.262
MYS,MDG,3.262
FRA,SSD,3.26
ALB,GRC,3.247
AUS,HND,3.245
GRC,TGO,3.241
NLD,DOM,3.236
BGR,SMR,3.23
LBN,CUB,3.226
PER,DNK,3.224
HUN,JOR,3.221
CHN,COK,3.213
FJI,AUT,3.208
MWI,MOZ,3.206
UKR,USA,3.206
DOM,IRL,3.205
IRL,GHA,3.198
PHL,LTU,3.197
BFA,GBR,3.192
ECU,CRI,3.192
NER,SGP,3.188
IRL,MOZ,3.181
IRN,SEN,3.177
AUS,SSD,3.175
DNK,LCA,3.169
EST,KOR,3.167
TUN,BIH,3.157
ROU,TGO,3.152
JPN,TKM,3.145
EGY,IND,3.136
JPN,PYF,3.136
POL,CUW,3.136
DNK,CRI,3.131
LKA,AZE,3.128
ARG,BOL,3.126
AUS,TUR,3.114
MEX,NER,3.114
POL,PYF,3.114
ROU,MLT,3.114
LUX,LVA,3.088
NLD,BGD,3.086
DOM,MEX,3.085
CAN,TUN,3.072
PER,SLV,3.072
AUT,URY,3.071
CHE,PRY,3.066
FJI,CHN,3.063
TUR,BDI,3.06
OMN,CHE,3.058
LBN,NLD,3.055
SRB,UKR,3.054
SRB,ECU,3.04
BGR,MLT,3.035
IDN,AZE,3.028
BHR,IND,3.017
GRC,BRA,3.012
GBR,NIC,3.011
DOM,BLZ,3.0
JOR,ISR,3.0
MAR,ISR,3.0
BEL,SLV,2.981
THA,MKD,2.978
VCT,USA,2.977
LTU,NZL,2.973
AUS,SLV,2.965
SRB,AUS,2.964
LVA,NAM,2.952
JAM,CYM,2.951
IRL,TTO,2.946
VEN,EST,2.943
IND,NAM,2.939
CZE,GIB,2.937
CHL,HND,2.932
FRA,HTI,2.922
MAR,JPN,2.913
LUX,GHA,2.909
COL,ZAF,2.895
ROU,MNE,2.893
LKA,CAN,2.892
SGP,LBY,2.883
MEX,LKA,2.88
ESP,COG,2.871
USA,BLR,2.87
EST,THA,2.868
BEL,GUY,2.864
AUS,CRI,2.855
MOZ,MWI,2.845
PRT,LVA,2.841
SAU,BEL,2.841
SWE,VUT,2.839
SRB,LBN,2.831
FIN,GRL,2.821
CHE,MDV,2.819
EST,PHL,2.815
LKA,HND,2.806
CHE,MAC,2.793
GMB,GBR,2.79
CHE,FJI,2.778
HKG,ARM,2.776
CHE,MDG,2.775
JPN,FSM,2.775
NIC,HND,2.774
ESP,PYF,2.772
MEX,MNE,2.764
SVK,ISL,2.764
DNK,HND,2.762
ZAF,BRA,2.753
SAU,AUT,2.747
MAR,CAN,2.74
MAR,CPV,2.735
MAR,COL,2.731
FJI,USA,2.728
BGR,LCA,2.719
MUS,ESP,2.715
SEN,MDV,2.714
GEO,POL,2.71
KGZ,UZB,2.709
THA,PRT,2.703
KEN,FRA,2.699
CMR,CAN,2.691
CAN,AGO,2.674
ISL,FRA,2.674
NZL,ESP,2.669
BRA,LUX,2.656
CAN,BGR,2.65
MLT,HUN,2.644
AUS,GIN,2.635
NIC,CZE,2.634
LTU,COL,2.63
MEX,MDA,2.627
TON,SAU,2.626
EGY,SEN,2.622
SGP,JOR,2.622
BRA,ATG,2.621
FRA,BGD,2.617
EGY,RUS,2.615
HRV,TWN,2.595
THA,ISR,2.595
ESP,SLE,2.593
DNK,SUR,2.591
MAR,TGO,2.589
SGP,DZA,2.589
GEO,CAN,2.587
GBR,BLZ,2.584
FIN,CIV,2.569
ISR,LTU,2.555
CZE,COG,2.554
CAN,KWT,2.552
FRA,BTN,2.546
CHE,HND,2.543
URY,ITA,2.543
GBR,PNG,2.54
EST,MEX,2.537
LUX,CMR,2.533
FIN,VNM,2.532
AUT,SOM,2.528
PRT,CRI,2.528
ISL,ITA,2.527
CYP,ZAF,2.522
POL,ATF,2.516
SXM,NLD,2.513
AFG,GBR,2.502
UZB,LTU,2.501
HND,PAN,2.5
BGR,CHL,2.497
FJI,COK,2.49
LAO,USA,2.488
IRL,LVA,2.486
PAK,CHL,2.485
AUT,PRY,2.484
MYS,HRV,2.471
HKG,BTN,2.469
BIH,SWE,2.466
BRA,BGR,2.465
CAN,MNE,2.463
IND,BLR,2.461
DNK,ARM,2.454
THA,MWI,2.454
LBN,AGO,2.453
THA,HUN,2.453
DNK,LBR,2.45
HRV,IND,2.45
PHL,UGA,2.446
MEX,BRN,2.442
VUT,FJI,2.434
FIN,SYC,2.429
THA,ZWE,2.429
CIV,NAM,2.428
HKG,BDI,2.42
BIH,IRL,2.417
CHE,ETH,2.412
IRL,COL,2.412
NOR,GIB,2.412
AUT,NPL,2.411
TWN,MWI,2.402
KHM,IDN,2.4
SWE,FJI,2.4
AUS,PAK,2.399
ZMB,KEN,2.399
PAN,PHL,2.397
ISL,EST,2.388
IRL,PAK,2.383
HUN,KGZ,2.378
LUX,SAU,2.369
JPN,BRB,2.363
POL,IRQ,2.363
IND,KAZ,2.362
CAN,ROU,2.361
LKA,SYC,2.361
PRT,ISL,2.355
LCA,USA,2.35
EST,KNA,2.342
TWN,IRN,2.336
FIN,BOL,2.335
UKR,CAN,2.327
CHL,IRL,2.322
HND,CHL,2.313
BIH,SVN,2.308
BHR,KWT,2.307
TWN,TTO,2.305
BEL,VEN,2.304
PRT,MWI,2.3
ARG,GTM,2.299
AUS,MKD,2.297
ISR,GTM,2.297
AUT,COD,2.295
CAN,GUY,2.287
BEL,UGA,2.285
MYS,BGD,2.28
HND,NIC,2.275
NZL,SWE,2.273
SEN,ARE,2.271
SEN,CPV,2.265
IRL,IRQ,2.264
OMN,ISL,2.264
NZL,ECU,2.259
MAR,MLI,2.258
HUN,CIV,2.257
ZAF,BHR,2.252
FIN,MNE,2.248
IND,LUX,2.246
VEN,DEU,2.246
KGZ,KAZ,2.234
IRL,ISL,2.228
IDN,LBN,2.221
COL,EST,2.216
IRL,MUS,2.216
MLT,BHR,2.216
HRV,ARE,2.214
SWZ,KOR,2.211
PAK,DEU,2.208
SRB,MDA,2.203
IRL,LUX,2.201
CHE,MNE,2.199
TZA,NLD,2.189
ITA,LBR,2.18
TWN,GUM,2.18
IRL,OMN,2.176
LKA,SWE,2.176
HKG,LBR,2.17
EST,GRC,2.167
AUT,GUY,2.166
BRA,CUW,2.166
VNM,KGZ,2.163
THA,MNE,2.16
UKR,CYP,2.16
ZAF,SVK,2.154
NRU,GUY,2.152
NLD,PNG,2.149
SRB,JPN,2.147
DEU,KIR,2.144
AGO,SEN,2.142
AUS,BIH,2.141
FRA,CYM,2.141
IND,COG,2.137
EST,SVN,2.136
MAC,KOR,2.131
SVK,LBY,2.13
NOR,JAM,2.129
BRN,AUS,2.126
CAN,NIC,2.123
CCK,ZMB,2.123
DNK,NIC,2.123
GBR,SSD,2.121
IND,BDI,2.119
CAN,COM,2.116
GEO,AUT,2.11
SVK,MKD,2.109
THA,HND,2.108
SAU,UGA,2.1
AZE,LTU,2.098
UKR,HRV,2.096
ITA,BDI,2.094
SVN,MDV,2.094
SWE,BFA,2.091
JPN,BLZ,2.089
GBR,TKM,2.077
LKA,SLV,2.075
EST,GHA,2.074
CHE,VEN,2.071
EGY,ITA,2.069
ARE,IRL,2.068
KWT,SAU,2.067
EST,ISL,2.065
HKG,SLE,2.064
SRB,SGP,2.051
AGO,STP,2.05
CHE,AZE,2.048
BRA,ROU,2.045
EGY,ARG,2.042
CAN,BLZ,2.028
EGY,PRT,2.028
FIN,GHA,2.021
POL,GIN,2.016
COL,TUR,2.014
MKD,EGY,2.009
NAM,GBR,2.005
ITA,SYC,2.002
MYS,ZMB,2.002
IRL,KWT,2.001
AZE,ISR,2.0
GEO,LVA,2.0
BGR,LKA,1.999
HKG,AGO,1.993
BRB,VCT,1.992
COL,AUS,1.987
CHE,BDI,1.982
FIN,PAK,1.981
BEL,BGD,1.98
BFA,NGA,1.979
THA,NCL,1.976
THA,MUS,1.963
MDA,GEO,1.956
NOR,NCL,1.956
DNK,PRY,1.954
MMR,CHN,1.954
AUS,BHR,1.952
CHL,SWE,1.951
CYP,TUR,1.946
LKA,NOR,1.945
KAZ,USA,1.938
LUX,EST,1.928
PHL,HRV,1.914
BRN,VNM,1.907
SVN,PAN,1.898
ROU,PHL,1.896
SUR,DEU,1.888
BIH,CZE,1.883
ISR,MLT,1.881
CHL,GHA,1.88
POL,ZWE,1.877
PHL,BRB,1.874
NZL,TUN,1.873
MDG,COM,1.872
PAN,AUS,1.868
BEL,ZWE,1.865
AUS,MLT,1.863
DMA,FRA,1.861
NLD,TJK,1.853
BGD,SVK,1.852
KWT,TUR,1.851
SVK,PAN,1.849
NLD,RWA,1.848
ALB,LTU,1.845
TWN,FJI,1.834
UKR,ISR,1.829
POL,MDV,1.823
MEX,KHM,1.81
HUN,MDV,1.808
RUS,COL,1.806
AUS,ZWE,1.805
CYP,GBR,1.8
SVK,LKA,1.8
DNK,MMR,1.799
CHE,CYM,1.798
SWE,SLE,1.798
BEL,GIB,1.79
IOT,BGR,1.789
CAN,EGY,1.78
AUS,JAM,1.779
SRB,GNQ,1.776
ARE,BEL,1.775
PHL,ROU,1.771
SMR,FRA,1.771
NLD,MDV,1.767
THA,BIH,1.764
IND,GNQ,1.761
LTU,ISL,1.757
MLT,KAZ,1.757
NGA,AGO,1.75
JPN,UGA,1.749
BEL,AND,1.745
COL,KOR,1.741
NZL,ITA,1.741
KHM,ESP,1.74
PLW,BRA,1.735
IRL,JOR,1.732
MAR,MUS,1.729
BOL,ITA,1.728
CAN,LVA,1.727
LVA,ARG,1.727
LTU,JOR,1.723
HUN,DZA,1.72
AUT,PNG,1.719
LKA,EST,1.719
THA,MLT,1.714
MDA,GRC,1.712
CHL,VEN,1.71
SWE,NIC,1.703
SWE,SOM,1.703
GEO,NLD,1.701
MLT,MAR,1.701
SRB,GRC,1.7
DOM,DEU,1.699
IRL,PAN,1.693
HUN,ECU,1.69
BEL,IRQ,1.683
NOR,CYM,1.673
BEL,MOZ,1.67
MWI,ZMB,1.666
TWN,CYM,1.664
NFK,MYS,1.662
JPN,IRN,1.658
DNK,GAB,1.654
VEN,SAU,1.646
MNE,LBY,1.644
LUX,TZA,1.638
RUS,SGP,1.637
CZE,GIN,1.633
SVK,SSD,1.632
BIH,ESP,1.63
TZA,ZAF,1.626
GBR,GRL,1.623
AFG,IRL,1.622
LVA,CYP,1.621
MLI,FRA,1.61
SWE,MLI,1.609
ISR,SLV,1.607
ARE,CPV,1.606
KAZ,CZE,1.6
PAN,BGR,1.596
IRL,TZA,1.595
SGP,MLT,1.594
VEN,BHR,1.594
FIN,LBN,1.593
IRL,NZL,1.592
COL,ARG,1.591
NZL,ARG,1.587
TWN,LSO,1.587
AFG,MOZ,1.586
IRL,PER,1.584
ISR,KEN,1.582
LUX,LTU,1.581
CHL,KWT,1.58
HKG,MDG,1.579
HKG,NIC,1.574
HKG,BEN,1.571
ITA,AFG,1.571
THA,HRV,1.571
SRB,LTU,1.57
POL,ABW,1.568
CHE,LBR,1.567
FIN,CYP,1.567
HUN,BGD,1.562
PRT,TWN,1.558
ZAF,CMR,1.558
ISR,SVK,1.557
CUW,MSR,1.55
MAR,EGY,1.55
DNK,NPL,1.549
ZAF,EST,1.549
LVA,MRT,1.544
KEN,SEN,1.543
AUT,MAC,1.54
SGP,GRC,1.538
BIH,ROU,1.536
ARG,CRI,1.535
HKG,UZB,1.533
CRI,FRA,1.531
CHL,DNK,1.528
LBN,DEU,1.528
LUX,DZA,1.518
SVK,ARG,1.517
HKG,TGO,1.512
FIN,GUY,1.508
DNK,MDV,1.507
NZL,BEL,1.501
AUS,UGA,1.5
DOM,HND,1.5
AUS,GUM,1.499
BGD,GTM,1.492
HUN,OMN,1.49
OMN,SYC,1.49
TUN,ZAF,1.489
MKD,PRT,1.487
CIV,BEL,1.479
ETH,NGA,1.476
GRC,NZL,1.476
EGY,FIN,1.475
CYP,CHL,1.471
LTU,BLR,1.466
BRA,KWT,1.465
EGY,THA,1.465
PHL,CYP,1.464
MLI,ESP,1.459
LVA,MDA,1.456
NOR,TZA,1.455
CRI,SVK,1.45
UKR,PLW,1.45
BEL,CUW,1.447
IRL,GTM,1.446
BOL,KOR,1.442
LBN,GBR,1.436
HRV,PYF,1.432
NRU,ECU,1.431
NOR,SUR,1.424
TUN,SGP,1.418
GHA,ZMB,1.411
POL,GUY,1.41
VEN,CAN,1.409
GRC,BGD,1.407
AUS,SYC,1.406
NZL,LAO,1.403
IDN,MDG,1.402
ZAF,SRB,1.401
TUN,CHE,1.399
PRK,LUX,1.396
UKR,PER,1.396
BGD,CZE,1.395
SAU,NLD,1.395
PAK,SEN,1.394
TUN,KWT,1.391
MNE,SVN,1.389
RUS,NZL,1.389
RUS,CAN,1.388
ZAF,SSD,1.385
BRB,KNA,1.384
ALB,SEN,1.383
GRL,DNK,1.382
KOR,DZA,1.38
SMR,HRV,1.38
AUS,OMN,1.377
AUS,AZE,1.372
NOR,KIR,1.368
KAZ,OMN,1.366
CHE,NER,1.365
AUS,SOM,1.362
COG,AGO,1.361
LUX,ARM,1.361
GHA,AGO,1.359
SGP,SLB,1.355
IRN,KAZ,1.354
NIC,USA,1.354
COD,UGA,1.351
AFG,JPN,1.348
UKR,CHE,1.342
CHE,GAB,1.339
ECU,DEU,1.335
DOM,SLV,1.334
BEL,PSE,1.328
HKG,ETH,1.322
IND,COM,1.32
CRI,SGP,1.319
KHM,TWN,1.316
CAN,GAB,1.314
CAN,TKM,1.311
EGY,IDN,1.311
BEL,PRY,1.31
OMN,POL,1.309
BEL,GMB,1.308
SGP,ISL,1.308
DNK,LKA,1.307
DEU,LSO,1.303
ROU,CMR,1.301
BEL,MAC,1.299
LUX,TKM,1.299
CAN,EST,1.298
CAF,CHE,1.297
GBR,KGZ,1.294
ZAF,DNK,1.291
MAR,CHN,1.287
SWE,MAC,1.286
CRI,NLD,1.285
GAB,GEO,1.285
AUT,NER,1.284
BGD,ESP,1.282
CRI,BEL,1.279
CAN,PAK,1.277
AFG,AUT,1.275
PAK,JPN,1.275
SWE,UZB,1.272
BRB,ESP,1.27
MRT,SGP,1.27
MUS,AUS,1.27
NGA,SGP,1.27
TUN,IRL,1.27
CRI,POL,1.269
GBR,TCA,1.268
SVN,AND,1.267
ROU,BHR,1.264
BEN,CIV,1.259
CRI,BLZ,1.256
CUB,CHE,1.253
EGY,KOR,1.252
BGR,KEN,1.251
PHL,AGO,1.25
TUR,NPL,1.25
IDN,LUX,1.247
GBR,COD,1.245
ISL,GRL,1.245
ZAF,MEX,1.244
PAN,VEN,1.242
AUS,MRT,1.238
MAR,UKR,1.238
CHE,GIN,1.236
EST,NAM,1.236
FIN,PHL,1.235
MDA,IRL,1.234
TUN,ARE,1.23
SGP,MOZ,1.228
MLT,VNM,1.224
VEN,IRL,1.223
LUX,UGA,1.222
ZAF,ECU,1.222
SDN,UGA,1.216
ZAF,TWN,1.213
TUN,MDA,1.212
SGP,GTM,1.211
AFG,PAK,1.205
MLT,ROU,1.203
NRU,CIV,1.202
TZA,CUB,1.202
MEX,MDG,1.201
GBR,MHL,1.2
NOR,MHL,1.199
PRT,ABW,1.197
FRA,MSR,1.18
ZAF,SLV,1.179
LVA,GNQ,1.176
MEX,BMU,1.176
HRV,KWT,1.173
SGP,GNQ,1.17
GEO,MNG,1.169
ISR,HND,1.169
ZAF,HND,1.169
SLV,ITA,1.164
BGR,PRY,1.161
DNK,ALB,1.161
LUX,CYP,1.159
URY,ESP,1.158
GRC,MDG,1.155
URY,GBR,1.154
SOM,AUT,1.149
ARE,BRB,1.147
BEL,NIC,1.142
GBR,TCD,1.141
UKR,MHL,1.14
CHE,IRN,1.139
SRB,DNK,1.136
EGY,SVK,1.135
BGR,NGA,1.133
ARM,KOR,1.132
SGP,UGA,1.129
RUS,IDN,1.125
CRI,CUB,1.124
BEL,URY,1.115
QAT,NAM,1.113
ISR,ECU,1.111
NIC,ITA,1.111
MAR,PHL,1.107
UKR,MNE,1.104
GRC,SLE,1.103
COL,MYS,1.101
POL,SDN,1.1
ITA,COM,1.099
TUN,NLD,1.099
LUX,BGD,1.093
CAN,BOL,1.091
OMN,AUT,1.09
FSM,ITA,1.089
FIN,NGA,1.088
SRB,RUS,1.087
CZE,PYF,1.086
NCL,FRA,1.086
MNE,POL,1.084
MAR,NLD,1.082
FIN,MLT,1.081
GAB,ZAF,1.074
KEN,ZAF,1.072
BHS,NOR,1.068
FRA,ATG,1.067
QAT,AUT,1.066
MAR,PAN,1.064
BEL,DJI,1.057
LUX,LAO,1.057
MNE,BIH,1.051
BGD,CAN,1.047
ESP,NCL,1.046
AFG,SVK,1.043
CAN,LBN,1.042
MEX,LTU,1.042
FJI,NRU,1.038
BEL,BDI,1.037
LVA,MAR,1.036
LKA,LVA,1.033
GRC,AGO,1.032
BRB,USA,1.031
SGP,MWI,1.03
MKD,MDA,1.029
BHS,GRC,1.027
ISR,ARM,1.027
EGY,LKA,1.026
THA,MDA,1.024
MDG,SYC,1.023
NLD,BHS,1.021
LVA,SRB,1.019
BGD,IRL,1.016
IRL,CRI,1.012
BLR,CZE,1.01
CHE,SWZ,1.009
PRT,NZL,1.006
ROU,NIC,1.006
AZE,CHN,1.0
GHA,ISR,1.0
ISR,ALB,1.0
ISR,PAN,1.0
ISR,TTO,1.0
LBN,QAT,1.0
LBN,SDN,1.0
MEX,ISR,1.0
SEN,ISR,1.0
