# source: CEPII BACI HS17 V202601, year 2024 (via data/processed/baci_2024_hs6.parquet)
# pulled: 2026-07-30
# license: Etalab 2.0
# script: analysis/20_multigraph.py
# unit: *_kusd values are THOUSANDS of current USD (BACI native 'v'); USD = kusd * 1e3
# note: Taiwan = BACI code 490 'Other Asia, nes', recoded to TWN (iso3_recode)
# note: de minimis 1.0 kUSD on layer edges; HHI on 0..10,000 scale;
#       betweenness distance = 1/ln(1+v_kusd); eigenvector on undirected projection
# layer = semiconductors; HS6 codes (18): 848610,848620,848630,848640,848690,854110,854121,854129,854130,854140,854150,854160,854190,854231,854232,854233,854239,854290
exporter_iso3,importer_iso3,value_kusd
CHN,HKG,82878659.43
TWN,CHN,56259922.952
KOR,CHN,53520357.809
TWN,HKG,44736404.067
TWN,SGP,41682884.74
SGP,HKG,37542846.79
JPN,CHN,28034901.513
KOR,TWN,26587638.583
KOR,HKG,23223818.183
TWN,KOR,22045926.278
CHN,KOR,21397727.897
CHN,TWN,19823815.134
MYS,SGP,18277190.303
CHN,VNM,17812223.937
SGP,CHN,17735684.687
KOR,VNM,17687852.21
CHN,IND,15309968.042
TWN,JPN,15181038.016
MYS,CHN,14849495.655
VNM,CHN,14621790.267
USA,CHN,14544716.142
MYS,HKG,14028171.967
JPN,TWN,13105847.817
MYS,USA,12941538.326
TWN,USA,11011803.062
JPN,KOR,10938079.372
KOR,SGP,10239211.242
NLD,CHN,10141733.976
TWN,MYS,10027976.242
CHN,MYS,9798109.062
USA,MYS,9753814.48
USA,MEX,9450666.333
SGP,MYS,9226866.863
HKG,VNM,8603298.497
JPN,HKG,8468545.611
VNM,HKG,8261867.359
TWN,THA,8097536.07
CHN,SGP,7937950.425
USA,TWN,7916547.028
MYS,TWN,7910065.925
VNM,USA,7307811.458
SGP,VNM,6981904.577
USA,KOR,6707743.752
PHL,HKG,6341190.571
PHL,CHN,6051273.84
SGP,TWN,5967480.989
JPN,USA,5591700.519
TWN,IND,5579661.37
NLD,KOR,5475754.97
JPN,SGP,5317163.763
CHN,NLD,5258511.388
SGP,KOR,5220588.749
IRL,CHN,5161823.792
CHN,BRA,4668203.581
IRL,MYS,4666355.758
TWN,VNM,4542207.36
MYS,VNM,4129121.833
THA,USA,4079473.627
JPN,MYS,3828542.017
KOR,USA,3789870.246
ISR,USA,3777796.597
CHN,THA,3694638.193
CHN,DEU,3608162.96
ISR,IRL,3606306.596
NLD,TWN,3597491.44
CHN,JPN,3581915.394
USA,HKG,3436823.107
MYS,DEU,3376417.791
MYS,KOR,3297858.345
CHN,USA,3172457.784
SGP,USA,3070757.182
DEU,CHN,3040981.554
KOR,IND,3038385.115
USA,VNM,3019355.763
THA,HKG,2957462.056
USA,JPN,2886444.667
CHN,MEX,2866217.828
USA,SGP,2836146.851
TWN,DEU,2831088.541
MYS,MEX,2827360.426
PHL,SGP,2772304.762
KOR,MYS,2665505.345
JPN,VNM,2640355.838
TWN,MEX,2628504.366
CHN,PHL,2611729.904
VNM,MEX,2608382.185
DEU,NLD,2435528.642
JPN,THA,2277139.851
MEX,USA,2204719.824
THA,CHN,2201373.439
DEU,HUN,2190628.684
CHN,PAK,2160209.167
TWN,PHL,2017028.769
NLD,USA,2002813.027
DEU,TWN,1919451.309
MYS,JPN,1879395.941
KOR,PHL,1811600.408
KOR,JPN,1801228.654
CHN,SAU,1769129.523
SGP,JPN,1760005.556
USA,NLD,1720601.959
MYS,THA,1714473.213
IRL,USA,1710317.498
FRA,BEL,1701417.308
PHL,DEU,1690402.852
IND,USA,1644357.269
DEU,USA,1621554.662
CHN,ESP,1568382.901
DEU,ROU,1498093.485
DEU,MYS,1485114.196
CHN,FRA,1459620.538
USA,DEU,1440067.816
NLD,DEU,1432848.441
CHN,IDN,1427279.382
USA,IRL,1386073.847
KOR,BRA,1370194.315
DEU,KOR,1321978.583
KHM,USA,1288112.141
PHL,USA,1259133.605
JPN,PHL,1254927.159
MYS,NLD,1196489.922
THA,SGP,1195116.309
FRA,SGP,1194136.176
AUT,CHN,1176103.402
USA,PHL,1168921.323
VNM,TWN,1157450.422
CHN,POL,1150584.345
THA,JPN,1140266.199
VNM,THA,1129346.616
SGP,PHL,1126884.544
THA,DEU,1117429.928
THA,TWN,1108267.343
NLD,JPN,1085922.913
PHL,TWN,1079985.475
SGP,MEX,1071744.809
JPN,DEU,1064599.516
CHN,CZE,1062624.518
HKG,KOR,1055180.652
DEU,FRA,1044333.811
CHN,GBR,1041414.8
DEU,POL,1034749.087
USA,THA,1002676.106
PHL,JPN,992332.118
CHN,TUR,977113.671
TWN,FRA,972524.683
HKG,MYS,967614.064
DEU,ITA,947049.79
NLD,HUN,923658.438
DEU,SGP,918328.082
THA,MYS,889047.728
VNM,MYS,887937.392
CHN,AUS,881541.93
TWN,BRA,867005.822
SGP,THA,865912.596
MYS,CZE,856510.865
CHN,GRC,839055.693
ITA,SGP,838756.427
DEU,HKG,836542.177
KOR,THA,836093.566
NLD,POL,833497.052
NLD,ITA,827118.346
DEU,PRT,806765.885
KOR,IDN,804015.653
MYS,PHL,803206.262
PHL,KOR,802402.818
DEU,AUT,800287.32
PHL,MYS,788897.009
THA,KOR,769738.124
VNM,BRA,762184.994
KOR,DEU,761513.747
JPN,IND,758368.527
SGP,MAR,755221.627
MYS,IND,744890.336
TWN,IDN,732415.69
CHN,RUS,728280.661
PHL,NLD,727367.187
DEU,JPN,723814.371
FRA,TWN,719161.193
AUT,DEU,718158.506
PHL,THA,709495.744
CHN,PRT,706802.153
DEU,CZE,692944.411
TWN,NLD,688422.329
VNM,IND,684296.374
DEU,ESP,664366.477
USA,CAN,658218.155
NLD,IRL,637037.395
CHN,ARE,624981.486
FRA,DEU,621343.457
PHL,MEX,620263.928
SGP,NLD,617110.208
KOR,MEX,615066.705
SGP,IND,613177.078
SGP,DEU,609056.642
USA,ISR,595068.855
VNM,KOR,580969.165
AUT,USA,559501.52
IDN,USA,548992.056
VNM,SGP,547204.233
HUN,DEU,517948.691
AUT,MYS,514807.367
MAR,HKG,513806.448
JPN,MEX,495908.585
FRA,KOR,491382.481
CAN,USA,484190.575
CHN,BEL,483918.243
MEX,CHN,483664.049
CHE,CHN,474665.02
KOR,NLD,460963.345
BEL,DEU,459658.964
HKG,NLD,455320.183
USA,FRA,452596.494
THA,PHL,447845.884
CHN,HUN,442513.039
TWN,GBR,436039.814
CHN,ITA,432348.168
TWN,BEL,430552.408
HKG,PHL,427747.468
CRI,MYS,424333.424
USA,GBR,422252.339
NLD,ROU,410086.813
PHL,IDN,406787.439
PRT,ESP,403654.128
MEX,IND,401285.754
MLT,DEU,400701.233
IRL,DEU,397436.649
CRI,CZE,397290.143
DEU,PHL,392543.617
DEU,SVK,390251.079
CHN,ZAF,386379.415
KOR,POL,376857.747
LAO,USA,376726.793
ITA,HKG,373259.269
GBR,USA,365074.312
THA,MEX,362292.553
TWN,POL,360195.072
ISR,JPN,359284.051
PHL,VNM,358246.943
MYS,FRA,355739.327
CHE,DEU,353888.997
JPN,IRL,353386.905
CHN,UZB,352730.165
CHN,OMN,352126.383
DEU,BEL,348555.37
USA,BRA,346003.022
GBR,CHN,344770.216
DEU,SWE,340744.847
GBR,DEU,339352.897
CHN,KHM,335609.79
CHN,BGR,335491.115
ITA,USA,333604.784
DEU,CHE,331581.129
FRA,ITA,329824.11
TWN,ISR,328127.854
CHN,UKR,325102.865
CHN,CHE,317174.137
IDN,SGP,311146.426
DEU,MEX,310952.024
CRI,SGP,309863.0
VNM,CZE,309119.281
VNM,NLD,307332.477
CRI,USA,307020.9
CHN,BGD,306271.091
SGP,PRT,303415.985
CHN,AUT,300204.768
DEU,THA,297099.977
SGP,IDN,296791.985
AUT,SGP,293055.782
MEX,TWN,290381.263
ITA,CHN,288977.035
CHN,MAR,285822.708
SGP,FRA,285092.386
FRA,CHN,277725.579
SGP,IRL,275997.029
IRL,BEL,275663.519
NLD,SGP,274222.414
GBR,THA,271098.768
MYS,BRA,270944.557
MAR,USA,268378.797
KOR,FRA,264572.088
JPN,NLD,264165.582
FRA,MLT,249715.159
MYS,POL,249121.485
TWN,AUT,239975.397
FRA,USA,238596.007
DEU,IND,235575.153
MEX,HKG,234598.43
ITA,MYS,233981.263
JPN,FRA,233969.906
VNM,DEU,233281.043
NLD,ESP,232406.001
MAR,CHN,232331.79
NLD,BEL,229242.884
CHN,COL,228371.455
THA,IND,223283.539
TUR,USA,222641.157
NLD,FRA,220186.353
JPN,IDN,218933.596
MYS,CAN,218421.325
DEU,GBR,218342.826
CHN,EGY,217664.059
PHL,IND,216783.132
MYS,IDN,216058.014
NLD,SWE,215009.121
CHE,USA,214854.796
MEX,SGP,214144.153
CHN,NGA,213962.899
NLD,THA,213558.122
SGP,BRA,213178.228
MYS,GBR,212275.739
HKG,IND,211297.38
TWN,PRT,210730.471
DEU,ISR,210559.423
CHN,ROU,208859.434
CZE,DEU,208243.475
CRI,CHN,206051.965
AUT,TWN,204040.695
MYS,BEL,203894.816
PRT,DEU,203668.467
SGP,ITA,199454.985
HKG,RUS,196435.246
BEL,ITA,195987.228
NLD,PRT,195926.924
ISR,IND,195692.345
TWN,CAN,194996.34
MAR,DEU,191624.817
CHN,CAN,190827.286
IRL,ISR,190742.04
HKG,CHN,190423.356
ITA,TWN,188434.517
FRA,MAR,187809.817
TWN,TUR,187398.63
MLT,HKG,186413.534
DEU,LTU,183898.702
VNM,JPN,182887.879
ISR,CHN,182587.309
CHN,ISR,180269.185
MEX,MYS,180201.522
VNM,CAN,179426.842
CHN,SVK,179283.488
SWE,CHN,178938.94
MLT,SGP,178881.247
CZE,AUT,178057.411
KOR,ISR,177729.135
HKG,HUN,177304.297
USA,AUT,177101.632
CHN,SVN,176756.611
MAR,SGP,174454.688
NLD,CZE,173956.55
CHN,ARG,172371.122
MLT,KOR,169860.889
USA,IND,168484.667
NLD,ISR,168135.899
JPN,AUT,167770.237
KOR,GBR,166998.873
DEU,DNK,166766.284
SVK,DEU,165615.25
JPN,BEL,164368.016
ESP,PRT,162960.21
BEL,NLD,161439.505
DEU,TUR,161214.382
ITA,PHL,160515.485
CHN,TUN,158977.299
DEU,IRL,158712.3
SVN,ITA,158446.257
IDN,CHN,157869.126
MLT,CHN,157415.11
TWN,CHE,157326.091
CHN,DOM,156620.044
THA,VNM,154125.301
CHE,HKG,153416.133
CHN,LAO,152878.649
GBR,PHL,152798.111
FRA,HKG,150138.741
CHN,DNK,149207.974
CHN,IRL,148442.718
POL,DEU,147369.963
FRA,NLD,145949.525
USA,ESP,145059.193
SGP,ISR,145010.876
NLD,HKG,142684.832
CHN,LTU,141308.133
KOR,CZE,140072.103
USA,CRI,139575.913
FIN,VNM,139270.304
THA,FRA,138729.073
MAR,FRA,137471.158
VNM,MAC,137452.199
TWN,MLT,135315.757
PHL,FRA,134905.507
CRI,HKG,131036.363
USA,CZE,130892.649
KOR,TUR,128629.951
ITA,DEU,128512.659
USA,BEL,128469.733
SGP,HUN,127602.531
GBR,TWN,127577.635
JPN,HUN,126820.925
ESP,MAR,126654.029
BEL,HUN,124473.461
CZE,USA,124465.662
CRI,TWN,124297.21
PHL,AUT,123088.233
USA,ITA,121798.131
ITA,MAR,121421.424
CZE,POL,120946.624
TWN,SWE,120936.692
BEL,FRA,120760.168
AUT,HUN,120639.408
THA,NLD,120562.468
ISR,MEX,120174.65
THA,GBR,120120.693
PHL,CAN,119732.106
HKG,ISR,119287.262
USA,HUN,116532.344
TWN,CZE,115397.417
PHL,ISR,114142.002
CZE,NLD,114100.037
CHN,SRB,113629.676
PHL,GBR,113523.358
KOR,CAN,113238.83
DEU,BGR,113179.027
ITA,ROU,111709.58
TWN,HUN,111245.551
DEU,IDN,110338.209
GBR,HKG,109981.279
NLD,GBR,109926.506
FRA,JPN,108625.594
HKG,ARE,108368.052
TWN,FIN,108069.551
FRA,TUN,107473.136
FRA,MYS,107055.884
JPN,GBR,107054.791
CHN,FIN,106912.731
GBR,NLD,106634.853
IRL,NLD,106436.182
TWN,ROU,106262.448
PRT,SGP,104831.186
AUT,KOR,104752.424
HKG,SGP,104567.946
MEX,DEU,104047.325
JPN,ITA,103640.367
CHN,IRN,103462.37
JPN,BRA,103157.342
BEL,ROU,102789.212
KOR,MLT,101642.373
MLT,USA,100343.289
DNK,ITA,100259.548
CHN,CRI,99812.923
IDN,JPN,99768.041
CHN,CHL,99057.71
MYS,BGR,98756.491
GBR,JPN,98605.846
HKG,MAC,98456.977
CHE,VNM,97958.537
PRT,CHN,97703.484
CHN,PAN,97670.428
NLD,MYS,96823.894
TWN,AUS,95478.648
NLD,ARE,95299.314
TWN,IRL,95104.665
ITA,FRA,94729.729
BEL,MYS,94013.916
PHL,POL,93847.678
GBR,MYS,93812.453
MYS,AUS,92965.331
MEX,JPN,92841.085
JPN,CZE,92281.19
MYS,AUT,91941.359
AUT,ROU,91628.686
AUT,HKG,91389.584
KOR,IRL,91100.323
USA,POL,90998.151
NLD,DNK,90987.874
MYS,HUN,90983.562
DEU,CAN,90738.28
GBR,ISR,90302.332
MYS,CHE,90031.443
NLD,AUT,88635.691
BGR,HKG,88601.184
CRI,MEX,88446.065
DEU,FIN,88323.731
CZE,SVK,87691.612
CHN,SWE,86866.066
MYS,IRL,86573.521
CHN,MKD,85189.915
CZE,CHN,84412.45
THA,CAN,83390.73
MYS,ESP,83376.514
CHN,NZL,83373.212
MYS,SVK,83224.919
SGP,LUX,83057.539
IRL,PRT,82446.152
THA,IDN,82194.274
TWN,ESP,81966.468
CHE,MYS,81271.266
IRL,HUN,81205.377
CHN,PER,81074.286
ROU,ITA,80652.089
MYS,TUR,80546.996
VNM,TUR,80462.759
GBR,FRA,80299.616
IND,HKG,80056.416
CAN,THA,79952.856
KOR,EGY,79822.183
BEL,HKG,79741.915
ITA,KOR,79105.893
HKG,BGD,78376.988
USA,EST,78362.389
BEL,SWE,78142.035
FRA,HUN,78087.172
PHL,CZE,77585.963
NLD,SVK,77512.621
JPN,ESP,77424.158
MEX,KOR,77237.207
PHL,BGR,76940.029
FRA,ESP,76595.848
FRA,SWE,76543.234
THA,CZE,76067.263
DEU,SVN,75942.004
DEU,SRB,75149.522
VNM,IDN,74960.322
IRL,ROU,74940.937
ISR,DEU,74641.67
ISR,PHL,74205.991
PRT,TWN,73550.439
AUT,JPN,73100.942
CHN,JOR,72565.891
SRB,HUN,72454.13
CHN,LBN,72037.568
CHN,EST,71862.693
NLD,MEX,71821.493
MYS,FIN,71812.623
ISR,TWN,71418.718
HKG,MEX,70675.089
HKG,BRA,70176.977
ESP,ITA,69978.008
GBR,KOR,69840.869
USA,PRT,69674.712
MEX,VNM,69543.895
CHN,YEM,69441.627
CHN,BIH,69374.506
DNK,NLD,69353.98
USA,CHE,69184.961
GBR,SGP,69122.579
JPN,CHE,69051.386
GRC,ROU,68763.777
POL,USA,68550.949
VNM,GBR,68255.867
IDN,DEU,68020.67
JPN,SVK,67791.365
ITA,MLT,67464.204
FRA,POL,67321.797
FRA,PHL,66494.432
FIN,CHN,66433.457
TWN,ITA,66235.255
CHN,ARM,66232.768
BEL,DNK,65120.627
BEL,USA,64983.499
CHE,FRA,64809.675
FRA,GBR,64688.154
CHE,SWE,64606.197
SWE,JPN,63918.46
THA,BEL,63884.588
ISR,KOR,63815.517
JPN,CAN,63402.8
NLD,CHE,63296.941
HKG,TWN,63034.461
CAN,SGP,63030.15
DNK,FRA,62911.044
KOR,HUN,62300.396
SWE,USA,62249.457
PHL,BEL,61351.232
IDN,KOR,61078.178
CHN,MMR,61046.892
CHN,AFG,60854.424
THA,BRA,60414.067
THA,POL,60213.304
SGP,POL,59541.147
IRL,JPN,59468.392
KOR,ITA,57800.546
CHN,QAT,57495.771
SGP,AUT,56696.817
AUT,NLD,56603.869
CHE,KOR,56491.874
HUN,ESP,56269.96
NZL,USA,55939.791
CZE,SGP,55939.613
ESP,GRC,55877.61
DEU,BRA,55638.198
IND,KOR,55214.39
DEU,GRC,55163.21
CRI,NLD,54359.25
SWE,KOR,54093.827
CHN,KEN,54010.297
HUN,HKG,53924.453
ITA,THA,53223.609
DNK,DEU,53217.337
KHM,IND,53087.478
POL,DNK,52766.351
HUN,SGP,52656.616
CHE,NLD,52614.558
PHL,CHE,52554.496
CHE,PHL,52137.383
FIN,IND,52007.428
FRA,PRT,51893.007
CHN,NOR,51629.186
BRA,JPN,51573.678
ITA,JPN,51560.877
ISR,HKG,51277.001
PHL,IRL,51138.724
TWN,NOR,50980.64
USA,DOM,50433.455
CHE,TWN,50071.155
SWE,NOR,49934.27
CHN,HRV,49899.385
CHN,SEN,49653.192
ITA,POL,49633.398
CHN,IRQ,49288.803
CHN,GTM,49095.739
BGR,DEU,49094.811
CHN,CUB,48686.481
DEU,EST,48555.836
ESP,DEU,48544.512
NLD,LTU,48528.047
BEL,ISR,48257.533
CHE,CZE,48129.903
USA,SWE,48044.023
CHN,DZA,48013.785
HUN,CHN,47976.297
AUT,CHE,46871.985
SWE,POL,46800.53
ESP,GBR,46750.216
CHN,MDA,46740.921
CHN,MDG,46322.317
TWN,SVK,45925.828
CHE,THA,45614.836
CZE,FRA,45557.472
CHN,ALB,45504.372
AUT,PHL,45503.842
BEL,ESP,45496.692
JPN,FIN,45416.9
FRA,THA,45250.206
SGP,BEL,45122.224
KOR,PRT,44787.816
SWE,GBR,44436.303
USA,AUS,44387.428
ISR,SGP,44048.824
MYS,SRB,43975.269
IDN,HKG,43770.836
HKG,GBR,43745.69
KOR,AUT,43712.885
CAN,JPN,43584.102
POL,ROU,43545.902
TWN,EGY,42933.424
IND,ARE,42609.64
IND,VNM,42489.106
FIN,MEX,42271.845
CZE,ESP,42173.83
CAN,CHN,42128.498
DEU,AUS,42013.315
CZE,HUN,41984.266
ESP,FRA,41850.933
BEL,JPN,41285.42
CHE,JPN,41270.716
JPN,ISR,41178.185
BGR,CHN,40584.086
ITA,NLD,40405.712
VNM,FRA,40291.749
JPN,POL,40288.953
HKG,IDN,40253.709
USA,TUR,40042.32
VNM,POL,39968.301
POL,ITA,39962.759
IDN,MEX,39874.371
FRA,IND,39810.837
ESP,USA,39468.492
HKG,THA,39445.452
ITA,CZE,39433.568
KOR,SWE,39137.63
VNM,AUS,38907.395
ISR,FRA,38712.834
MAR,ESP,38485.724
PHL,BRA,38206.51
FRA,ISR,37994.531
AUT,MEX,37986.144
CHN,CMR,37645.454
ITA,ESP,37546.814
BEL,AUT,37433.501
ITA,TUN,37422.95
CZE,MYS,37251.701
CHN,TZA,36998.301
CHE,ISR,36868.389
MEX,THA,36419.662
DEU,MAR,36216.523
POL,NLD,36190.753
MYS,ROU,35923.291
BEL,CHN,35617.505
MEX,NLD,35612.374
MEX,HUN,35377.144
DNK,USA,35223.954
BEL,SGP,35157.593
ESP,DOM,35145.884
CHE,IND,35091.754
TUN,FRA,35086.839
BHR,HKG,34962.044
CHN,NAM,34937.536
PRT,USA,34930.162
MYS,UKR,34854.709
VNM,ESP,34530.446
CZE,ROU,34493.694
MYS,TUN,34353.796
CZE,CHE,34292.51
AUT,THA,34239.485
MYS,MKD,34075.971
MYS,ARG,34066.001
GBR,CAN,33969.709
FIN,HUN,33895.299
BEL,POL,33894.595
PHL,HUN,33742.065
CHN,KAZ,33722.918
AUS,USA,33722.437
THA,TUR,33650.778
FRA,ROU,33602.935
CHN,LKA,33580.073
BEL,PHL,33564.792
KOR,SRB,33430.228
THA,ESP,33363.967
FRA,VNM,33307.196
ROU,DEU,33087.296
SVK,USA,33020.759
NZL,JPN,33012.873
MAR,MEX,32964.272
CHN,GHA,32941.051
THA,KHM,32568.79
CZE,SWE,32323.752
SWE,EST,32216.74
IDN,VNM,32212.838
BGR,PHL,32171.941
ROU,NLD,32070.229
PRT,ROU,32004.001
IDN,IND,31823.146
CHN,MAC,31806.839
CHN,ZMB,31680.617
CHN,LVA,31531.432
FRA,TUR,31497.736
ARE,HKG,31475.761
GBR,ITA,31207.561
JPN,MAR,31180.634
HUN,UKR,31154.117
HUN,AUT,31076.461
BEL,THA,30810.308
TWN,BGR,30793.498
SGP,CHE,30723.832
CZE,JPN,30719.116
CZE,ITA,30658.734
USA,FIN,30658.453
SGP,GBR,30624.353
POL,UKR,30607.11
DNK,POL,30516.217
KOR,AGO,30507.669
KHM,IDN,30471.817
CZE,TWN,30398.219
HUN,MEX,30051.426
SGP,CAN,30000.939
CZE,PRT,29962.905
HUN,USA,29852.744
IRL,CZE,29837.834
FRA,AUT,29830.705
THA,LAO,29826.128
USA,SAU,29799.043
MLT,MEX,29732.485
FRA,CHE,29691.431
PHL,ESP,29616.073
CHN,LUX,29529.608
MAC,HKG,29333.962
ISR,NLD,29292.206
MEX,BRA,29272.856
ITA,CHE,29269.394
TUN,ITA,29265.313
MYS,ITA,28983.347
HKG,DEU,28886.112
THA,AUT,28698.663
BEL,PRT,28677.034
KOR,FIN,28535.356
BRA,VNM,28527.244
USA,ARE,28319.602
TWN,UKR,28178.83
IRL,MEX,28153.605
THA,ITA,28143.659
DEU,TUN,28133.492
MAR,KOR,28117.362
SVK,AUT,28039.228
IND,SGP,27991.782
FRA,CZE,27874.07
CHN,CIV,27638.507
SGP,ARE,27636.053
HUN,IND,27634.014
SGP,AUS,27597.455
CAN,NLD,27501.883
JPN,TUR,27469.43
ITA,TUR,27409.909
MYS,NOR,27135.573
MYS,MAC,27037.556
CHN,ECU,26994.314
SGP,MLT,26863.875
SWE,DNK,26800.606
GBR,IRL,26749.253
PHL,TUR,26474.844
CZE,GBR,26151.35
CHE,IRL,26061.755
TWN,TUN,26044.833
NLD,LVA,25990.312
MEX,CAN,25948.519
AUT,FRA,25884.138
POL,JPN,25867.157
CHN,TTO,25799.12
BEL,TWN,25667.801
DEU,HRV,25548.5
NLD,BGR,25522.689
CZE,HKG,25520.605
SVN,ROU,25432.265
DNK,ROU,25390.779
MEX,IDN,25294.144
ESP,ROU,25199.882
AUT,ITA,25166.692
CHN,UGA,25121.233
PHL,SWE,24759.516
USA,LUX,24717.043
CAN,HKG,24714.428
MLT,THA,24686.821
KHM,HKG,24663.764
HUN,SVK,24615.122
DNK,GRC,24599.588
CRI,JPN,24593.999
BEL,IRL,24508.349
JPN,ROU,24471.953
VNM,CHE,24447.447
TWN,LUX,24412.557
SVK,POL,24307.527
POL,SVK,24268.313
USA,NOR,24074.774
TWN,MAC,24038.47
PHL,ROU,23977.729
MAR,POL,23973.828
ESP,HUN,23950.254
IRL,PHL,23942.213
NLD,CAN,23819.932
CHE,SGP,23788.193
BGR,USA,23645.342
THA,CHE,23506.331
ITA,HUN,23327.089
CHE,AUT,23243.583
AUT,BGR,23169.614
CAN,DEU,23009.793
USA,CHL,22980.444
DEU,NOR,22926.46
CHN,COD,22452.118
ESP,NLD,22386.159
CHE,ITA,22318.155
MYS,SWE,22297.663
SWE,TWN,22253.341
DNK,HUN,22071.539
FIN,TWN,22047.863
MYS,ARE,21941.813
FRA,MEX,21785.296
AUS,JPN,21755.522
VNM,ISR,21642.0
THA,HUN,21575.719
ISR,GBR,21483.17
PHL,UKR,21396.229
KOR,SVK,21358.932
BEL,CZE,21322.335
AUT,POL,21319.591
NLD,PHL,21065.329
THA,ZAF,21035.778
CRI,KOR,21018.629
VNM,PER,20988.874
MYS,CRI,20969.087
PHL,ARE,20929.407
USA,ZAF,20890.777
CHN,BLR,20754.121
CHN,MOZ,20720.361
BEL,GBR,20698.667
TWN,MAR,20549.805
ITA,GBR,20530.129
LTU,LVA,20356.108
SVK,HUN,20142.574
CZE,ARE,20017.837
IND,BGD,19958.715
IRL,TWN,19817.735
DEU,VNM,19768.481
POL,LTU,19744.394
DNK,SRB,19638.763
SWE,DEU,19624.783
SWE,MEX,19597.046
CZE,UKR,19290.408
BGR,THA,19271.073
CAN,TWN,19201.362
GBR,CHE,19175.899
CZE,TUR,19151.151
IND,MYS,19085.854
SGP,CZE,19081.1
MYS,MAR,19008.573
KOR,AUS,18977.93
SVK,NLD,18971.906
NLD,FIN,18962.469
CHN,BFA,18933.918
SRB,FRA,18929.843
PRT,KOR,18885.233
DNK,SWE,18852.291
FRA,BRA,18762.616
BEL,CHE,18686.847
KOR,BEL,18644.803
POL,CHN,18614.395
TWN,ARG,18595.927
IDN,EGY,18557.083
HUN,JPN,18309.238
IRL,POL,18171.054
HUN,ROU,17994.583
BEL,SVK,17958.444
BEL,LTU,17917.0
IND,LKA,17884.845
FRA,LTU,17874.004
PHL,FIN,17857.119
CHN,TGO,17822.819
IDN,BRA,17783.666
UKR,HUN,17781.462
THA,ISR,17771.424
BGR,JPN,17611.575
FIN,JPN,17464.238
NLD,GRC,17436.707
ROU,PRT,17359.676
USA,MAR,17281.557
CAN,MYS,17221.697
GBR,BEL,17178.258
POL,CZE,17105.113
CZE,BEL,17102.345
PHL,AUS,17017.934
IDN,TWN,16963.175
TWN,DNK,16951.537
KOR,ARE,16883.231
THA,BGR,16845.326
BGR,ITA,16781.635
KHM,CHN,16762.415
GBR,IND,16738.529
QAT,KOR,16732.225
DEU,LVA,16712.642
DNK,MEX,16688.262
AUS,HKG,16686.532
POL,GBR,16628.272
HKG,KHM,16608.71
ISR,CAN,16521.276
SGP,TUR,16496.246
KOR,ROU,16494.413
ITA,IND,16485.818
HUN,THA,16466.434
IRL,GBR,16411.228
DEU,MKD,16338.526
IRL,FRA,16301.738
GBR,SAU,16297.533
ISR,THA,16222.229
CZE,PHL,16186.263
SVK,CZE,16165.373
IRL,SGP,16147.623
HUN,PRT,16141.477
VNM,ARG,16134.761
TWN,ZAF,16016.192
ITA,AUT,15998.763
THA,MAC,15992.342
HUN,POL,15952.052
JPN,MLT,15935.683
TWN,EST,15904.004
ROU,POL,15830.224
MYS,SVN,15801.78
VNM,SAU,15687.722
HKG,USA,15638.703
IDN,POL,15601.431
AUT,IDN,15529.546
CHN,SLV,15522.994
ESP,SWE,15495.475
PRT,FRA,15474.642
THA,MKD,15373.798
POL,AUT,15338.948
NOR,SWE,15328.232
SVN,HRV,15290.992
GBR,POL,15257.58
HKG,FRA,15203.178
FRA,DNK,15197.965
THA,SVK,15159.695
USA,BGR,15103.845
CAN,KOR,15103.006
USA,DNK,15032.078
PHL,ITA,14966.2
KOR,CHE,14944.189
HUN,NLD,14923.338
PHL,SRB,14889.427
IND,TWN,14859.055
JPN,SWE,14852.934
ESP,BEL,14796.493
THA,AUS,14789.474
ISR,ESP,14774.707
TWN,KHM,14758.331
CZE,VNM,14623.874
KOR,KHM,14547.082
FRA,BGR,14454.306
HUN,TWN,14283.725
BEL,KOR,14260.757
CAN,MEX,14245.315
LVA,VNM,14169.488
MYS,EST,14140.185
GBR,SWE,14082.871
CHN,KGZ,14050.273
POL,TWN,14016.195
POL,FRA,13987.834
CAN,GBR,13972.604
DEU,LUX,13963.39
MEX,FRA,13952.274
AUT,GBR,13943.275
SVK,ROU,13939.03
CZE,DNK,13890.185
ESP,POL,13820.092
PHL,SVK,13813.725
IND,CHN,13812.665
MYS,NZL,13789.141
GRC,THA,13788.497
CHE,CAN,13742.238
VNM,UKR,13674.674
IRL,HKG,13592.33
DNK,NOR,13553.457
USA,ARG,13511.478
THA,IRL,13262.65
PHL,MLT,13238.471
BGR,ROU,13219.407
CHE,GBR,13210.181
FRA,CAN,13136.576
RUS,CHN,13129.183
BEL,VNM,13074.497
MYS,ZAF,13011.761
SWE,NLD,13011.316
USA,SVN,12994.713
LUX,FRA,12985.229
SVN,DEU,12974.507
CHN,MLI,12851.985
VNM,IRL,12841.916
JPN,SRB,12780.722
SWE,FIN,12778.926
CRI,BRA,12756.082
POL,EST,12752.67
CHN,HND,12711.847
VNM,KAZ,12701.003
IRL,THA,12676.795
GBR,CZE,12601.758
POL,SWE,12563.942
USA,IDN,12529.851
DEU,MLT,12502.378
CHN,GUY,12423.369
CHN,ZWE,12371.602
GBR,AUT,12353.314
THA,RUS,12351.952
TWN,LTU,12344.956
NLD,HRV,12324.957
SGP,FIN,12289.675
GBR,DNK,12245.295
FRA,SVK,12240.838
LAO,IND,12229.344
TUR,ROU,12184.8
AUT,SVK,12135.537
PRT,GBR,12085.748
CHN,GEO,12070.049
TWN,LVA,12061.548
CHE,BEL,12057.05
CYP,GRC,12038.387
CHE,MEX,12025.312
JOR,USA,12011.694
VNM,FIN,12004.959
HKG,ESP,11994.46
CHN,CYP,11962.843
SWE,IND,11935.086
GRC,ITA,11901.022
TWN,MKD,11855.37
CHN,SLE,11852.912
BGR,SGP,11846.776
NOR,USA,11748.236
KOR,ESP,11647.96
AUT,CZE,11614.604
FRA,GHA,11603.118
TUN,MAR,11538.572
GBR,HUN,11477.68
SWE,HKG,11398.91
JPN,MAC,11312.79
PHL,EST,11265.579
IND,NGA,11252.388
MEX,SAU,11240.748
LTU,JPN,11227.164
CAN,SWE,11175.359
ITA,DNK,11125.92
MEX,GBR,11084.801
LTU,DEU,11081.135
ISR,VNM,11080.0
ZAF,ZMB,11062.847
ITA,SWE,10970.781
POL,HUN,10968.778
JPN,CRI,10957.411
TWN,SVN,10934.471
JPN,BGR,10906.541
HUN,MYS,10894.334
CHN,ETH,10887.227
KOR,MAR,10826.159
IND,RUS,10788.323
DEU,ZAF,10742.335
VNM,ZAF,10708.263
NLD,EST,10707.992
FRA,LVA,10703.53
POL,HKG,10683.035
THA,NOR,10671.097
EST,FIN,10654.625
USA,ROU,10635.44
BRA,DEU,10617.447
AUT,PRT,10613.59
HKG,JPN,10574.089
TUR,JPN,10548.921
ESP,CZE,10498.506
VNM,AUT,10491.745
LAO,THA,10432.584
MLT,SVK,10416.948
CHN,NIC,10370.39
ITA,PRT,10324.497
NLD,SRB,10294.563
HUN,ITA,10256.069
FIN,USA,10254.911
HKG,LVA,10243.398
POL,ESP,10228.293
BEL,LUX,10221.951
CHE,POL,10209.416
IND,JPN,10196.418
EST,MAR,10194.223
SVK,TWN,10145.961
ROU,CHN,10141.464
CHN,MDV,10118.883
HUN,GBR,10117.618
HKG,ITA,10052.753
KOR,NOR,9991.578
MAR,GBR,9946.581
ITA,HRV,9884.992
CHE,ESP,9828.839
CHE,SVK,9824.701
ESP,HKG,9812.097
MLT,TWN,9787.51
USA,COL,9786.898
AUS,CHN,9729.008
UKR,CZE,9702.244
COL,JPN,9701.013
KOR,BGD,9646.657
HUN,CZE,9646.027
CAN,FRA,9632.313
TWN,ARE,9624.655
BRA,BEL,9621.337
ESP,CHN,9576.351
BEL,MEX,9575.682
EGY,ZWE,9561.604
CHN,GIN,9559.261
BLR,CHN,9512.987
AUT,HRV,9499.935
HUN,BRA,9495.765
BGR,FRA,9470.878
MAR,THA,9451.978
TWN,SRB,9445.117
TWN,NZL,9434.554
BEL,TUR,9424.438
MYS,PER,9418.302
NLD,ZAF,9405.525
HKG,PRT,9380.752
THA,UKR,9327.335
FRA,IRL,9291.444
PAN,JPN,9261.288
AUS,MEX,9185.231
HUN,KOR,9172.369
DOM,USA,9134.933
IND,DEU,9101.644
PHL,TUN,9101.366
NAM,ZAF,9092.362
SVN,SRB,9063.088
FRA,MAC,9015.454
USA,GTM,9000.666
SGP,CRI,8991.457
CHE,HUN,8983.545
EST,DEU,8948.561
PHL,MKD,8941.569
BRA,USA,8941.492
SGP,ARG,8883.783
VNM,EGY,8862.401
TUR,BGR,8819.721
HRV,ITA,8814.508
CHN,MNG,8807.88
NLD,TUR,8773.492
NLD,VNM,8764.222
BEL,SVN,8764.168
AUT,SWE,8759.131
HRV,USA,8756.383
USA,GRC,8747.673
CHN,HTI,8653.536
SGP,MMR,8624.208
SVK,UKR,8596.656
CHN,PRY,8525.672
PHL,NOR,8428.09
FRA,GRC,8419.0
ITA,SAU,8412.748
MYS,PRY,8408.668
ITA,SVK,8397.364
THA,ROU,8323.194
SWE,THA,8314.82
CZE,LVA,8310.715
MYS,DNK,8299.209
CHN,MNE,8295.883
BGR,AUT,8266.831
HUN,FRA,8248.112
DNK,GBR,8201.422
CZE,DZA,8178.71
BGR,KOR,8164.694
BRA,HKG,8158.557
POL,MYS,8158.004
DNK,BGR,8151.836
FRA,AUS,8112.839
GBR,ESP,8075.099
IND,GBR,8042.883
IRL,DNK,8030.88
ITA,GRC,8024.496
DNK,THA,8023.48
SGP,UKR,8006.382
GBR,TUR,7979.867
SVK,GBR,7977.924
AUT,DNK,7968.811
HKG,MAR,7947.928
IDN,MYS,7938.272
ISR,HUN,7933.929
ISR,ITA,7906.357
KAZ,RUS,7903.674
DEU,ARE,7876.796
DNK,FIN,7869.307
MAR,IND,7863.322
JPN,ARG,7784.946
FIN,SGP,7765.7
TUR,SYR,7759.45
CHN,BHR,7723.047
LTU,NLD,7694.528
BGR,CZE,7680.06
SAU,CHN,7678.639
POL,KOR,7633.503
NLD,BRA,7578.347
ITA,MDV,7553.412
CZE,LTU,7544.976
ITA,BEL,7535.345
BGR,BEL,7534.036
USA,PER,7498.529
JPN,TUN,7489.45
CHE,ROU,7487.98
USA,SVK,7474.727
CZE,KOR,7459.226
PHL,ZAF,7458.096
SWE,ITA,7457.49
THA,SRB,7456.695
PHL,SVN,7449.096
POL,LVA,7436.709
ARE,USA,7422.414
AUT,ESP,7420.716
HKG,CZE,7396.49
POL,SGP,7374.241
AUS,NZL,7365.89
SWE,FRA,7352.178
ZAF,ARE,7343.339
MEX,CHE,7340.66
THA,FIN,7331.901
FIN,KOR,7319.0
LVA,POL,7315.637
AUT,LTU,7312.539
RUS,PHL,7309.948
DNK,HKG,7302.287
DEU,UKR,7286.524
ROU,USA,7267.861
ZAF,ZWE,7248.169
IDN,THA,7226.409
AUT,AUS,7203.733
ROU,HUN,7158.119
ITA,SVN,7146.49
CHN,SDN,7123.914
NLD,NOR,7122.906
GRC,BGR,7101.546
MLT,CZE,7085.566
CHN,MRT,7082.996
HKG,CHE,7045.446
JPN,SVN,7043.515
KHM,GBR,7015.789
FRA,FIN,7004.419
ITA,BGR,7001.634
SWE,KHM,6996.793
THA,DNK,6996.18
TUR,RUS,6994.418
SGP,NZL,6976.04
MYS,MLT,6974.619
IRL,ITA,6955.162
HRV,AUT,6931.629
ISR,POL,6912.048
THA,TUN,6901.255
MLT,FRA,6893.119
USA,LVA,6879.837
POL,MEX,6877.289
BRA,SVK,6872.41
CZE,HRV,6864.85
VNM,PHL,6817.842
JPN,MKD,6815.404
AUS,FRA,6802.576
ISR,BEL,6797.08
GBR,ARE,6794.913
SGP,KAZ,6757.801
KHM,VNM,6742.826
FRA,DZA,6742.103
CHN,JAM,6718.794
CAN,LKA,6712.702
MYS,PRT,6705.928
ITA,MEX,6703.121
BRA,CHN,6662.445
GRC,CYP,6648.884
LTU,IND,6641.938
LUX,DEU,6608.491
EST,JPN,6601.551
CHN,NER,6594.254
USA,MAC,6576.836
SVK,SRB,6562.334
ISR,CZE,6562.102
THA,SWE,6559.251
BGR,SRB,6552.237
DEU,PAK,6544.607
ISR,DNK,6529.894
CHN,KWT,6523.435
SVN,HUN,6503.907
ESP,KOR,6501.656
KOR,EST,6498.856
SGP,SWE,6496.567
JPN,LTU,6461.836
ARE,KOR,6452.329
HKG,BEL,6443.397
TUR,CHN,6436.436
CZE,NOR,6415.458
CAN,PHL,6399.057
CZE,FIN,6392.282
THA,EST,6385.791
AUT,BIH,6384.473
ITA,BRA,6350.072
SGP,SAU,6318.972
MLT,JPN,6295.454
MAR,BRA,6254.753
KHM,THA,6250.809
UKR,TUR,6244.807
DEU,SAU,6239.312
ITA,PAK,6232.573
VNM,SWE,6219.46
LUX,POL,6219.312
ESP,DNK,6214.473
JPN,AUS,6188.224
SVK,JPN,6185.344
GBR,NOR,6164.244
SGP,COL,6162.585
LTU,USA,6142.403
NLD,NGA,6127.277
RUS,HKG,6118.165
MEX,PHL,6080.63
EST,FRA,6072.206
MLT,CAN,6058.415
ZAF,ESP,6050.675
NAM,ZMB,6041.705
TUN,MEX,6036.963
MEX,COL,6008.27
ROU,MAR,5995.873
EST,LVA,5989.124
CZE,IND,5987.964
FRA,EST,5978.346
KOR,ARG,5956.676
CAN,CZE,5952.069
CZE,ISR,5948.835
NZL,KOR,5945.962
SGP,ESP,5931.53
GRC,USA,5929.569
GBR,FIN,5925.979
CZE,CAN,5916.013
ISR,MYS,5913.0
BGR,TWN,5908.142
ESP,JPN,5882.871
CHN,BEN,5875.361
SGP,ROU,5837.61
SRB,PRT,5810.425
CHN,TCD,5791.235
IND,IRL,5727.81
NLD,MLT,5709.488
GBR,ROU,5679.753
MEX,CZE,5673.149
IDN,MKD,5671.387
ESP,CHE,5656.919
BEL,EST,5620.315
ITA,FIN,5592.006
CHN,URY,5581.606
THA,NZL,5579.875
KHM,LAO,5569.148
SVK,ITA,5528.931
PRT,NLD,5490.841
ZAF,JPN,5480.819
ESP,AND,5466.951
SGP,KNA,5463.256
HKG,BHR,5461.22
ROU,MEX,5425.136
ROU,GBR,5413.214
USA,UKR,5409.376
POL,FIN,5379.679
ITA,EGY,5356.716
ITA,ALB,5356.358
CRI,POL,5356.12
LUX,BEL,5350.683
NLD,SVN,5329.184
SRB,ESP,5321.257
MEX,ITA,5319.287
FRA,LUX,5316.951
PHL,KHM,5314.417
IND,MEX,5308.717
ESP,MEX,5305.971
HKG,IRL,5302.944
EST,UKR,5288.405
SVN,GRC,5286.982
FIN,FRA,5286.024
KOR,DOM,5261.567
POL,TUR,5251.656
THA,MMR,5246.142
NGA,DEU,5227.468
MEX,POL,5187.442
PRT,HKG,5158.748
NLD,KAZ,5120.785
BRA,KOR,5115.529
BGR,MYS,5105.069
GBR,AUS,5090.173
CHN,AZE,5078.255
ISR,ROU,5066.884
TUR,NLD,5066.181
MAR,ITA,5041.487
IDN,ECU,5032.801
SVK,HKG,5022.023
CHN,MLT,5013.823
ROU,AUT,5006.14
CHN,DJI,5002.398
HKG,EGY,4974.483
ESP,IND,4969.215
IRL,EST,4967.549
SGP,SVK,4937.264
ESP,ISR,4929.06
NZL,HKG,4913.242
SGP,KEN,4898.022
LVA,LTU,4897.126
MLT,IND,4893.959
ARE,DEU,4873.068
CHN,SOM,4850.674
ISR,AUS,4847.799
LVA,EST,4838.902
SVK,CHN,4838.091
BGR,GRC,4829.261
TUR,DEU,4820.501
FIN,EST,4800.804
ZAF,BWA,4794.051
USA,BHS,4788.307
AUT,ISR,4779.885
CHE,LKA,4749.793
MLT,BRA,4730.78
FRA,SAU,4730.734
ESP,LVA,4729.937
SVK,CHE,4721.008
SVK,MYS,4717.968
GRC,POL,4717.334
PHL,PRT,4697.964
TWN,SAU,4692.131
THA,SVN,4680.825
MAR,JPN,4679.079
THA,ARG,4661.485
IRL,SWE,4661.403
EST,LTU,4654.044
DNK,ESP,4650.965
SAU,JPN,4649.711
IND,CAN,4596.66
SWE,HUN,4593.853
PRT,CHE,4592.717
IND,THA,4587.926
ITA,ISR,4586.422
FIN,SWE,4586.365
LAO,SGP,4580.196
CHN,MWI,4580.193
HKG,SWE,4572.681
SWE,LTU,4572.119
USA,SLV,4570.693
TUR,IND,4567.646
AUT,BRA,4562.943
FRA,SVN,4559.592
CAN,VNM,4544.482
VNM,NZL,4520.017
CAN,AUS,4508.326
DEU,EGY,4504.077
MYS,SAU,4499.522
KOR,LUX,4496.329
CZE,GRC,4494.005
HKG,POL,4490.689
PRT,JPN,4448.215
ESP,AUT,4446.599
SWE,CRI,4426.667
ALB,ITA,4377.189
ISR,CHE,4357.948
POL,CHE,4351.834
MEX,IRL,4345.371
ROU,FRA,4344.678
DNK,ISR,4333.48
FIN,BEL,4325.064
NLD,UKR,4322.063
SVN,CHE,4314.422
HUN,CHE,4312.739
ESP,FIN,4270.168
MAR,TWN,4267.36
VNM,ITA,4258.75
CAN,ISR,4256.475
PRT,MYS,4248.563
DEU,CYP,4246.35
LAO,CHN,4237.68
KOR,SAU,4224.256
JPN,KHM,4210.405
AUS,BGR,4209.085
ZAF,NAM,4201.313
NOR,DNK,4200.714
POL,BEL,4197.274
PHL,NZL,4194.881
VNM,KHM,4194.072
CHN,MUS,4193.088
LKA,IND,4175.205
ARE,IND,4164.12
POL,GRC,4163.327
CAN,BRA,4158.535
TWN,CRI,4148.892
KOR,UKR,4129.158
SVN,HKG,4126.881
AUT,NOR,4121.342
ITA,AUS,4119.961
FIN,THA,4116.195
USA,NGA,4095.249
GBR,MEX,4077.063
SVN,EGY,4068.045
MEX,PRT,4048.068
ITA,ARE,4038.892
IRL,ESP,4031.837
BEL,IND,4028.391
USA,URY,4023.562
FIN,NLD,4013.847
SGP,DZA,4011.356
AUS,NLD,4000.951
IRL,KOR,3997.156
AUS,SGP,3996.963
MYS,KHM,3991.422
HUN,FIN,3961.643
POL,NOR,3953.377
IDN,NLD,3952.284
LTU,POL,3938.548
BEL,NOR,3935.117
PRT,AGO,3932.497
JPN,NOR,3898.704
ISR,SWE,3879.609
AUT,SRB,3876.424
HUN,IRL,3874.476
FRA,IDN,3872.527
DEU,DZA,3863.16
ARE,ZWE,3854.256
ROU,HKG,3853.373
MEX,AUS,3812.37
GBR,LTU,3806.964
JPN,UKR,3792.008
AUT,CAN,3774.088
ITA,VNM,3765.901
HKG,SVK,3764.457
ESP,SAU,3745.192
GRC,DEU,3731.689
VNM,BGR,3721.552
DEU,BIH,3717.445
KOR,MAC,3703.27
FIN,LTU,3673.061
COL,MYS,3668.141
MEX,ROU,3666.667
JPN,SAU,3658.119
NZL,TWN,3639.966
CHE,BRA,3635.55
BEL,TUN,3624.068
IND,NLD,3620.823
LTU,ITA,3602.729
SWE,SGP,3599.249
MEX,ISR,3596.892
CZE,SRB,3594.853
ITA,IRQ,3594.752
TUR,KAZ,3577.632
IDN,UKR,3566.451
TUR,BEL,3566.12
LKA,FRA,3565.817
IDN,FRA,3564.242
IND,IDN,3562.43
DNK,CHN,3560.674
MYS,LKA,3553.067
HRV,HKG,3552.969
IRL,IND,3551.517
AUT,SAU,3542.662
LVA,SWE,3537.242
KOR,ZAF,3528.928
CHN,BTN,3528.386
ITA,ZAF,3517.358
LTU,CHE,3512.501
KOR,TUN,3503.404
TUR,HKG,3490.997
DNK,EST,3488.781
NLD,IND,3488.076
SVK,BRA,3480.545
DNK,CZE,3464.188
NLD,LUX,3447.615
JPN,NZL,3445.316
HRV,DEU,3428.924
HKG,AUS,3425.762
SVK,KOR,3424.839
USA,PAN,3420.229
HKG,ZAF,3410.874
DNK,CHE,3405.74
CHN,BRN,3401.404
MLT,MKD,3387.981
ITA,CAN,3387.226
USA,ECU,3374.209
SYC,HKG,3367.584
USA,SRB,3367.278
GBR,BRA,3362.063
SWE,ARE,3356.001
FIN,DEU,3355.831
BLR,DEU,3345.506
AUS,KOR,3344.195
CRI,GBR,3334.148
CHE,AUS,3333.698
CAN,IND,3333.075
HKG,CAN,3331.871
CZE,IRL,3326.619
EST,ITA,3302.163
SVK,IND,3293.96
BRA,MEX,3279.833
JPN,EST,3273.798
AUT,SVN,3273.019
ZAF,TUN,3271.343
ISR,AUT,3270.895
FIN,POL,3269.837
USA,NZL,3268.218
MAR,CHE,3266.588
LAO,IDN,3260.568
LVA,CHN,3246.994
CHE,NOR,3246.374
ROU,JPN,3244.775
AUT,BEL,3236.595
BRA,MYS,3233.698
AUS,GBR,3233.434
PRT,POL,3228.848
CAN,CRI,3220.681
MYS,LTU,3220.059
CHN,NPL,3218.524
NOR,GBR,3214.31
CZE,MAR,3204.169
IDN,TUR,3195.822
SVK,FIN,3191.336
ITA,OMN,3182.819
HUN,TUR,3180.218
CHE,CRI,3172.364
BGR,CHE,3164.413
IDN,ESP,3159.954
AUT,ARE,3154.51
ITA,UZB,3154.004
ITA,NGA,3145.67
ITA,DZA,3141.458
CHN,BOL,3138.103
SWE,BEL,3127.495
ESP,CUB,3126.805
JPN,DNK,3123.929
BEL,BGR,3120.296
WSM,IND,3117.239
SVN,SGP,3112.871
JPN,ZAF,3101.598
DEU,ARG,3100.291
CZE,MEX,3098.353
DEU,LKA,3096.526
SGP,BGR,3089.381
ARE,SAU,3084.068
TWN,CHL,3081.041
LKA,CHE,3075.31
BEL,CAN,3071.392
LUX,ROU,3067.236
DEU,MLI,3061.682
JPN,PRT,3059.379
CZE,AUS,3055.888
USA,GNQ,3051.036
ITA,EST,3050.905
DNK,SVK,3050.427
TUR,EGY,3047.946
AUS,DEU,3045.525
MAR,SVK,3045.077
TUR,SAU,3041.331
PRT,HUN,3038.2
AUS,MYS,3024.775
ESP,HRV,3024.298
IDN,PHL,3013.818
ITA,CUB,3012.818
KOR,BGR,3003.273
MYS,PAN,3001.534
BEL,HRV,2999.792
IND,FRA,2995.463
SGP,MAC,2982.905
ITA,LTU,2976.037
DEU,NGA,2970.404
THA,MLT,2959.686
BEL,AUS,2950.208
FIN,GBR,2949.452
VNM,SVK,2949.127
DNK,BEL,2936.802
IND,HUN,2918.643
IND,ISR,2911.05
ROU,CZE,2905.511
MEX,MAR,2897.049
HKG,GEO,2881.109
SAU,ARE,2868.09
FIN,MYS,2863.577
USA,CYM,2859.009
DEU,COL,2850.972
USA,MLT,2850.399
CZE,BGR,2842.822
HUN,AZE,2827.188
IRL,AUT,2824.916
GBR,GRC,2819.136
ISR,SVK,2797.165
NLD,ABW,2766.771
THA,EGY,2761.68
GRC,ALB,2757.681
LVA,HKG,2754.929
KOR,NGA,2753.667
SGP,SRB,2745.67
ESP,PAN,2741.581
LVA,UKR,2735.97
CRI,DEU,2734.586
HKG,TUN,2707.129
TUN,DEU,2704.034
GBR,ZAF,2699.225
BGR,EST,2698.935
TWN,COL,2682.384
NLD,CYP,2661.552
NRU,BRA,2652.717
ZAF,USA,2650.051
EST,HUN,2648.881
USA,HND,2647.647
BIH,AUT,2647.539
RUS,MYS,2638.538
HUN,ISR,2636.395
PHL,CRI,2635.547
IDN,CAN,2634.395
HKG,TUR,2632.97
CHN,LBR,2622.91
MAR,CZE,2622.317
SWE,ISR,2621.624
NZL,NLD,2618.673
NOR,DEU,2613.961
KOR,HND,2610.234
MEX,ESP,2590.667
TUR,CZE,2589.84
TUR,UKR,2588.656
FRA,AND,2587.989
MYS,PAK,2586.523
DEU,MNE,2584.054
MLT,GBR,2576.708
POL,BRA,2575.258
FRA,ARE,2574.317
PHL,ARG,2569.68
CHN,KIR,2569.663
SRB,DEU,2564.313
SVN,AUT,2562.41
CHE,SVN,2559.748
MEX,AUT,2556.17
CAN,ZAF,2555.665
ESP,CPV,2555.641
MAR,IDN,2555.55
SVN,NLD,2553.047
TUR,MYS,2552.194
SWE,CHE,2550.865
BEL,FIN,2547.901
GBR,SVK,2539.86
CHN,TJK,2530.726
CHN,PNG,2530.187
GRC,ESP,2529.655
BGR,NLD,2524.35
MYS,CHL,2522.499
HUN,HRV,2521.404
NLD,BIH,2513.516
ITA,IRL,2488.822
CHN,FJI,2467.27
NZL,CHN,2464.688
MEX,SRB,2456.231
ITA,IDN,2455.71
NLD,SAU,2454.542
VNM,SRB,2454.457
KOR,MKD,2443.061
PHL,MAR,2438.855
ESP,BRA,2438.31
PRT,PHL,2436.613
AUT,LVA,2429.414
DNK,AUT,2429.096
BRA,URY,2418.968
LTU,SWE,2415.4
DNK,PHL,2413.963
ISR,ARE,2405.0
POL,BGR,2401.004
ESP,ARE,2386.933
CZE,SVN,2382.126
NLD,AUS,2373.05
ESP,TUR,2372.187
BEL,SRB,2367.133
BIH,SRB,2365.327
CRI,SVK,2363.38
NOR,NLD,2361.291
CHL,JPN,2356.266
ITA,UKR,2355.536
CHN,BHS,2355.132
HKG,BGR,2333.018
CAN,ITA,2329.352
SGP,MUS,2317.47
LVA,ROU,2310.481
IND,SWE,2290.458
USA,JAM,2289.795
IDN,CZE,2289.53
HUN,MAR,2282.366
IRL,SVK,2280.56
NGA,BEL,2276.916
POL,SVN,2274.459
SWE,AUS,2274.435
PRT,SVK,2273.476
EST,DNK,2270.892
USA,KNA,2268.141
CYP,SWE,2266.069
BEL,ZAF,2261.571
ZAF,SWE,2256.948
KHM,FRA,2255.245
SGP,QAT,2254.082
CHN,NCL,2242.428
THA,PRT,2229.363
MAR,HUN,2224.362
PHL,MAC,2217.915
DNK,CYP,2216.526
TUR,ARE,2211.439
SWE,MYS,2202.154
BRA,EST,2200.545
GBR,IRQ,2199.451
HRV,GBR,2196.555
DZA,BEL,2191.893
DEU,CHL,2188.845
ZAF,NLD,2184.91
ROU,SVK,2183.22
DNK,JPN,2180.473
POL,PRT,2165.346
BGR,UKR,2158.466
TUR,GRC,2157.809
NLD,MAR,2150.879
NZL,IND,2150.322
PHL,DNK,2143.155
SWE,BRA,2135.033
CHL,PAN,2134.066
KOR,CRI,2132.464
BRA,IDN,2131.577
RUS,TWN,2130.428
CAN,IDN,2128.672
NLD,CUW,2120.598
USA,KAZ,2113.887
PRT,CPV,2111.141
GHA,JPN,2110.674
LUX,NLD,2108.523
HKG,PAK,2107.068
LVA,SGP,2099.71
JOR,JPN,2098.353
CRI,FRA,2095.924
AUS,ESP,2092.156
SVN,FRA,2084.36
HRV,DNK,2080.396
NLD,TUN,2076.605
CZE,BRA,2075.787
LAO,MYS,2075.394
PHL,CUW,2075.35
NZL,SGP,2067.537
BGD,USA,2065.468
EST,SWE,2061.758
FRA,HRV,2058.359
LVA,DEU,2056.505
TUR,ITA,2053.926
CAN,TUR,2053.273
DEU,KAZ,2052.107
CAN,ESP,2039.36
SVN,BEL,2035.537
LTU,KOR,2031.81
IRL,BGR,2026.598
IDN,GBR,2023.132
NOR,CHN,2011.079
AUS,IND,2008.46
VNM,TUN,2000.813
SGP,BGD,2000.801
MAR,CAN,1998.253
HUN,DNK,1983.537
MUS,ZWE,1982.672
BEL,AND,1975.164
FRA,SEN,1974.836
HKG,ROU,1969.103
BEL,GRC,1965.305
CHN,VEN,1964.508
DEU,BEN,1961.035
THA,TZA,1957.275
CHN,TKM,1948.392
HRV,FRA,1946.168
BGR,HUN,1943.401
AUS,CAN,1942.554
GRC,ARM,1941.231
ZAF,MOZ,1939.336
PHL,MDA,1935.359
SWE,PRT,1934.836
SVN,UKR,1925.128
GRC,FRA,1922.175
CHN,GMB,1919.891
CRI,VNM,1915.858
NLD,KHM,1914.37
BEL,IDN,1914.068
FRA,NOR,1913.298
USA,KEN,1912.358
AUS,PNG,1911.287
HKG,DNK,1910.624
NLD,QAT,1909.066
ESP,THA,1903.779
GBR,LKA,1902.522
MAR,MYS,1898.743
HUN,BGR,1896.431
GBR,BGR,1892.886
ITA,CHL,1891.665
KOR,DNK,1888.406
VNM,ECU,1876.941
AUS,THA,1875.727
AUT,IRL,1873.578
FIN,ITA,1870.7
LTU,UKR,1867.708
ITA,BFA,1864.334
CMR,KOR,1864.018
NZL,AUS,1863.287
GBR,IDN,1860.185
HUN,AUS,1859.994
HUN,CAN,1856.849
ZAF,GBR,1855.176
MEX,BEL,1847.558
SVN,BGR,1845.813
MEX,TUR,1844.942
POL,IND,1843.573
CAN,SAU,1829.993
CHE,TUR,1828.037
SAU,MYS,1825.142
CZE,THA,1823.261
TUR,SRB,1821.478
TUR,CYP,1820.428
LVA,GBR,1816.552
AUT,IND,1812.631
HRV,BIH,1798.931
SVN,BIH,1794.695
FRA,MLI,1794.501
BGR,GBR,1791.388
BEL,MAR,1787.28
USA,IRQ,1786.282
USA,DZA,1784.168
BGR,POL,1781.473
GBR,MAR,1778.247
FRA,ARG,1776.128
ITA,NOR,1776.043
DNK,LTU,1774.767
CHN,COM,1771.062
FIN,HKG,1765.014
CAN,CHE,1763.546
SGP,LKA,1759.984
SVK,SGP,1755.078
HKG,AUT,1734.323
MYS,LVA,1730.092
GBR,PRT,1729.039
ITA,SRB,1728.314
CHE,BGR,1715.761
SWE,ROU,1714.904
FRA,TKL,1709.327
NLD,BES,1707.13
CAN,DNK,1704.604
RUS,IND,1700.1
CHN,BLZ,1696.322
MYS,KAZ,1695.768
BLR,KOR,1695.407
JPN,ARE,1694.808
THA,LKA,1694.274
TUN,HKG,1689.714
FIN,ESP,1672.374
NZL,THA,1665.807
MEX,CRI,1663.997
KOR,SVN,1659.32
CHN,CAF,1654.45
HUN,SVN,1649.408
SVK,SWE,1648.018
IND,TUR,1646.807
POL,IRL,1646.466
SRB,CHN,1646.013
ESP,SVK,1645.502
USA,MKD,1644.381
GRC,SRB,1642.86
BGR,SVK,1642.551
GBR,NIC,1636.329
HKG,CHL,1630.113
CAN,CHL,1629.151
ZAF,COD,1627.472
PHL,LKA,1619.769
RUS,KAZ,1615.429
THA,CRI,1612.877
SLV,SGP,1609.409
USA,LTU,1602.8
ROU,BGR,1602.056
DNK,MYS,1599.221
NOR,POL,1595.417
JPN,LUX,1592.463
GBR,NZL,1583.753
LBN,IRQ,1578.353
CHN,AGO,1575.439
USA,SEN,1575.361
CYP,NLD,1569.681
ARE,PAK,1568.522
VNM,SVN,1565.159
JPN,NGA,1563.781
CRI,THA,1561.288
DOM,CAN,1558.173
ESP,BGR,1556.426
ARE,SGP,1555.541
SVN,MEX,1553.692
ROU,ESP,1548.308
ARE,NGA,1547.115
SWE,GRC,1540.281
ESP,CAN,1538.996
AUS,NGA,1530.468
BGR,LTU,1530.193
FIN,TUR,1528.821
CRI,ROU,1527.44
SGP,BRN,1527.327
BRA,ITA,1527.316
CHE,FIN,1525.882
SWE,ESP,1523.231
CHN,GAB,1522.817
USA,MLI,1522.301
USA,EGY,1508.857
ESP,AUS,1505.734
COL,USA,1502.53
LKA,JPN,1494.365
DEU,NZL,1493.663
DNK,PNG,1490.434
NIC,CRI,1486.954
EST,CZE,1484.131
SRB,HKG,1483.097
CHE,SAU,1480.221
NLD,SUR,1478.951
ROU,IND,1477.114
CHN,SYR,1476.324
IDN,AUT,1475.658
FIN,CHE,1469.775
NAM,ZWE,1467.442
MAR,AUT,1467.145
NZL,GBR,1460.641
PHL,EGY,1458.712
MYS,EGY,1457.116
VNM,CHL,1453.887
LTU,CHN,1451.693
IND,SAU,1447.793
SWE,SVK,1447.139
MYS,COL,1444.21
IDN,ARG,1443.172
PRT,TUN,1441.522
PRT,CAN,1437.227
AUS,IDN,1435.34
HKG,KWT,1434.539
SGP,EGY,1433.872
MLT,PHL,1433.454
JPN,EGY,1427.457
ESP,LTU,1424.909
LVA,NLD,1421.552
LVA,AZE,1419.773
DNK,SGP,1417.905
CZE,KAZ,1414.866
ITA,COL,1414.066
PRT,AZE,1413.681
LKA,USA,1408.906
CHE,ISL,1408.357
AUT,VNM,1406.273
VNM,COL,1406.057
SWE,CZE,1404.033
ISR,URY,1393.067
RUS,JPN,1391.882
TWN,MMR,1391.346
POL,VNM,1390.854
VEN,MYS,1387.643
EST,NLD,1386.127
BGR,MEX,1383.573
SVK,TUR,1381.029
DEU,ISL,1377.792
SGP,TUN,1375.114
AUT,TUR,1369.885
PAN,USA,1369.785
TUR,NGA,1368.469
BGR,DNK,1365.494
USA,VEN,1365.142
SGP,PAK,1357.837
USA,TTO,1357.382
IRL,BRA,1357.254
USA,GUY,1345.961
ISR,BRA,1343.451
VNM,MDA,1343.234
SVN,PHL,1341.003
AUT,NGA,1339.143
KGZ,RUS,1338.847
BEL,LVA,1336.78
USA,BMU,1334.859
SWE,LVA,1334.305
TUR,KOR,1326.304
PRT,PAK,1322.167
AUT,TUN,1321.648
BEL,MLI,1321.368
CZE,SAU,1314.887
KHM,MEX,1309.755
BRA,NLD,1307.415
SWE,AUT,1307.373
USA,PRY,1305.187
ITA,MLI,1304.243
DNK,CAN,1303.079
ESP,ZAF,1302.109
THA,ARE,1299.19
ARE,AUS,1297.439
HKG,ARM,1293.847
POL,MDA,1293.406
CHN,RWA,1290.844
IDN,IRL,1287.137
KHM,TUR,1285.473
ROU,MYS,1279.269
DNK,UKR,1278.454
ZAF,IRL,1278.381
SWE,CAN,1273.14
EST,POL,1267.446
GEO,KOR,1264.992
CAN,ROU,1264.731
ARE,NLD,1264.5
TUR,VNM,1262.514
SWZ,BGR,1260.728
HUN,LVA,1257.971
LTU,FRA,1257.767
LVA,BEL,1256.668
ESP,CHL,1251.781
CAN,UKR,1248.557
CHE,LTU,1247.783
LTU,EST,1246.929
FRA,UKR,1240.536
SVN,CYP,1240.02
MLT,SRB,1239.535
CZE,TUN,1237.013
KHM,ROU,1235.641
CHE,PAK,1235.483
ARG,IND,1234.541
LTU,HKG,1231.578
SGP,LVA,1229.588
HUN,PHL,1225.475
NZL,MEX,1222.771
MLT,HUN,1221.697
BGR,IDN,1219.942
CAN,AUT,1214.199
NLD,IDN,1213.456
HUN,SAU,1212.108
ESP,ARG,1210.353
NLD,EGY,1203.931
HRV,NLD,1202.038
LTU,ROU,1201.905
LTU,GBR,1201.67
KHM,POL,1200.776
AUT,ZAF,1196.801
CHE,PRT,1195.771
AUT,UKR,1195.687
ESP,IRL,1193.459
FRA,ZAF,1193.157
LTU,BEL,1190.984
CRI,IRL,1190.21
LKA,PAK,1189.283
THA,IRN,1189.091
ZAF,BEL,1187.795
SVN,CZE,1177.391
ARE,CZE,1173.765
VNM,ROU,1170.836
JPN,COL,1170.829
FRA,MKD,1169.131
CHN,SLB,1168.911
SVK,FRA,1166.159
DNK,KOR,1165.013
CYP,FRA,1164.355
VNM,BEL,1161.784
KOR,NZL,1161.348
MKD,DEU,1160.147
MYS,CIV,1157.743
CAN,ARE,1155.708
PHL,TCD,1155.68
BGD,JPN,1154.154
EGY,HUN,1153.637
EGY,TUR,1150.617
ZAF,SGP,1150.013
GRC,JPN,1149.574
CHN,LBY,1149.535
IND,ITA,1143.424
AUS,VNM,1142.623
FRA,EGY,1138.69
EST,CHN,1138.276
PER,JPN,1138.222
IND,NPL,1137.571
IND,POL,1134.985
MYS,ISL,1133.313
TWN,LKA,1132.244
COL,MEX,1131.479
USA,TUN,1130.583
SEN,JPN,1127.2
HKG,DOM,1127.081
MEX,BGR,1126.849
MEX,ZAF,1126.463
POL,SRB,1126.233
EST,HKG,1125.742
GBR,KAZ,1122.022
VNM,PRY,1119.062
ZAF,MYS,1118.053
POL,HRV,1115.651
FRA,COL,1113.682
USA,KHM,1112.693
ESP,ZMB,1112.241
AUT,FIN,1111.132
MEX,NOR,1109.271
KOR,HRV,1108.944
BGR,HND,1108.92
MUS,USA,1105.419
CZE,PAK,1104.659
SGP,DNK,1104.323
NOR,FIN,1100.98
VNM,NOR,1100.214
TUR,SGP,1099.588
CAN,FIN,1098.531
KOR,KAZ,1098.407
ROU,BEL,1092.743
BGR,ESP,1092.681
SVK,LTU,1092.584
HKG,NGA,1092.286
FIN,SAU,1092.114
LKA,DEU,1090.43
KHM,PAK,1089.826
USA,QAT,1085.653
HRV,SGP,1084.142
NLD,SXM,1081.648
CHL,USA,1081.369
TUR,CAN,1079.88
AUS,VUT,1077.156
JPN,CHL,1074.332
CYP,ROU,1073.375
USA,HRV,1070.347
BEL,BFA,1068.848
GRC,TWN,1068.139
DEU,BFA,1067.057
DEU,SMR,1062.523
BGR,TUR,1059.381
PAK,MOZ,1047.971
IRL,CAN,1046.55
IND,ZWE,1041.483
USA,LKA,1038.878
USA,KWT,1037.631
BRA,IND,1035.332
SRB,USA,1035.168
NOR,SGP,1034.177
USA,BHR,1034.143
AUS,FJI,1025.94
CZE,ZAF,1025.441
NLD,KWT,1023.482
BRA,ARG,1022.845
ESP,TWN,1022.673
SVN,USA,1022.588
ARE,FRA,1021.938
SVN,SVK,1019.684
ZAF,SWZ,1017.39
SVN,GBR,1013.443
GRC,MYS,1012.972
LVA,FRA,1012.966
MYS,RUS,1012.307
TUR,POL,1011.996
JOR,DEU,1011.412
ESP,SGP,1007.6
BGR,MKD,1007.383
CAN,LUX,1006.095
FIN,CAN,1005.58
JPN,BGD,1005.132
GRC,PAK,1003.872
VNM,BHR,1003.125
HKG,MLT,1002.564
HUN,NZL,1001.88
IND,PHL,998.548
SVN,POL,998.486
HUN,MKD,993.02
ISR,SVN,992.67
ISR,PER,989.967
PHL,LUX,988.958
SGP,GEO,987.657
GRC,MKD,987.24
MYS,NGA,983.063
TUN,GBR,982.703
AUS,HUN,982.3
BRA,SGP,976.426
MEX,SVK,975.208
ITA,NPL,972.843
USA,PAK,965.184
ITA,MKD,964.611
TWN,KAZ,962.877
BHR,ARE,961.96
MYS,LUX,961.944
IND,CHE,959.838
MAC,CHN,956.461
ARE,GEO,955.056
IND,AUS,954.836
NGA,FRA,952.629
SGP,NGA,952.466
DEU,LBN,950.58
LVA,MYS,948.212
CRI,ISR,947.205
SVN,ESP,946.068
AUT,MDV,944.763
VNM,HUN,943.82
ZAF,MWI,943.432
NZL,MYS,941.932
IND,AUT,939.487
SVK,IDN,939.307
CRI,CAN,938.993
CHE,SRB,938.742
CHN,COG,937.441
NCL,FRA,934.457
ARE,JPN,934.178
ARE,UZB,932.776
FIN,DNK,932.467
KOR,LKA,931.129
CHE,MAR,929.253
NLD,MKD,928.934
TUR,GBR,928.2
LKA,ESP,927.486
PRT,MLT,927.43
CYP,DEU,927.374
TWN,RUS,925.777
BRA,ESP,925.21
JOR,MAR,924.173
GTM,JPN,922.273
FIN,BFA,921.221
ROU,GRC,920.033
HRV,SVN,919.508
MEX,EST,918.712
CIV,JPN,917.873
NGA,LTU,914.717
KGZ,LTU,912.466
GEO,DEU,912.057
BIH,JPN,910.302
CHE,IDN,907.834
CHN,WSM,905.134
ARE,NER,904.852
CAN,POL,902.8
CHN,CUW,901.698
MEX,DOM,899.138
CZE,CHL,898.927
DEU,PER,896.688
SGP,NOR,894.933
TUR,IRN,894.304
ROU,NOR,891.781
SVK,NZL,891.496
HKG,ARG,888.015
TUR,TUN,884.867
ISR,UKR,884.489
MAR,ARE,883.47
LVA,NOR,882.422
USA,BRB,880.473
PNG,USA,880.308
BLR,IND,879.706
MLT,MYS,879.422
JPN,HRV,876.488
SRB,SVN,873.913
LVA,KAZ,873.899
GBR,PAK,873.526
HUN,SRB,872.764
BRA,FRA,872.425
SVN,CHN,871.434
MYS,GRC,870.213
GBR,DOM,869.612
ISR,FIN,868.871
SGP,KHM,867.844
GRC,UKR,867.233
HRV,CHN,867.105
GBR,URY,866.974
SRB,ITA,864.545
ARE,CHN,859.131
DNK,GRL,858.959
POL,THA,858.412
HKG,ECU,856.783
IND,ESP,855.568
ROU,THA,855.178
HKG,UZB,855.107
PHL,LTU,852.374
FRA,GAB,849.301
SWE,KAZ,849.243
CZE,EST,848.844
PRT,ITA,847.868
LTU,PAK,847.784
TUR,AZE,846.574
HKG,COL,845.94
RUS,BRA,844.827
ROU,CHE,844.179
SWE,IDN,843.684
NZL,ISR,843.429
ROU,DNK,841.412
TUN,NOR,840.93
MEX,UKR,840.703
POL,MAR,837.995
HKG,BLR,837.352
CHN,BWA,836.22
CYM,MYS,833.535
KGZ,JPN,833.263
AUS,ARE,833.195
ESP,COL,833.192
TUR,FRA,830.569
USA,BLZ,830.238
IND,BRA,829.412
ESP,NOR,827.583
VNM,MAR,827.19
ZAF,DEU,826.138
HKG,KAZ,825.574
LVA,ARE,823.358
TWN,GRC,823.242
ROU,MKD,823.207
DNK,TWN,822.541
GBR,OMN,818.948
THA,LTU,816.745
IRL,LTU,816.03
LTU,CZE,812.091
VNM,EST,810.199
USA,DJI,808.198
EST,USA,803.377
DEU,ALB,800.572
HKG,MOZ,799.875
ZAF,MUS,797.581
SVK,EST,796.772
MLT,ITA,796.69
NOR,HKG,795.261
CHE,DNK,792.869
DNK,PRT,791.385
KOR,COL,790.46
CHE,NZL,785.604
BGR,CAN,784.937
EST,GBR,783.777
HRV,IND,782.751
SWE,NZL,781.616
NLD,MDA,780.183
DOM,MEX,778.554
VNM,PRT,778.081
MYS,URY,775.552
MEX,NZL,775.34
NOR,FRA,774.051
CAN,NOR,773.677
AUS,SLB,770.334
TWN,KWT,769.555
UKR,POL,766.565
TWN,DZA,765.718
THA,JOR,764.798
ISR,TGO,764.288
CAN,MAC,762.805
DEU,CRI,762.434
NOR,LTU,762.198
MEX,CHL,759.962
MLT,NLD,759.246
VNM,QAT,759.068
GBR,KWT,757.449
KEN,SSD,756.66
CZE,ARM,755.555
IND,CZE,755.412
SVK,GRC,755.39
THA,MAR,754.692
GBR,NGA,753.174
BGR,TUN,753.06
CYP,FIN,752.494
IDN,DZA,752.178
LVA,CHE,751.661
SRB,BIH,750.873
SVN,DNK,749.65
FIN,SVK,749.259
HKG,SVN,749.198
MLT,IDN,746.824
MUS,THA,746.27
HUN,TUN,745.037
FIN,ARE,744.514
IND,GUY,744.06
CZE,ALB,744.04
IDN,JOR,743.458
TWN,BGD,743.008
LTU,DNK,742.744
POL,ISR,742.671
KAZ,UZB,741.849
IND,KEN,741.434
NOR,MYS,740.713
GRC,NGA,739.01
COL,PAN,738.849
CHN,VUT,737.66
MEX,FIN,733.257
UKR,CAN,733.204
FIN,AUT,733.119
GBR,SVN,730.554
SRB,EGY,729.891
BEL,MKD,729.44
MLT,ISR,728.186
CHN,SSD,724.928
DEU,QAT,724.615
LUX,ITA,723.377
NOR,KOR,722.498
NZL,VNM,722.067
HND,DEU,721.951
KGZ,DEU,721.145
KOR,IRN,720.7
AUS,BRA,720.046
GBR,MLT,718.427
BRA,TUR,718.074
GRC,SVK,717.013
TUR,UZB,713.936
ARE,CYP,708.097
GBR,EST,707.233
SRB,IND,705.591
MAR,ROU,704.987
KWT,IND,704.832
HKG,EST,704.798
NOR,CHE,704.103
KHM,DNK,703.252
NLD,MOZ,700.985
GRC,NLD,700.916
LVA,DNK,700.505
CRI,SAU,699.852
DEU,DOM,698.954
SGP,DOM,694.15
GBR,EGY,694.066
BLR,LVA,693.398
FIN,NOR,692.852
ESP,UKR,692.706
NOR,ITA,691.283
PRT,SWE,691.122
SVK,MEX,690.798
GBR,TUN,689.848
AUT,LKA,689.59
MLT,POL,687.195
HUN,BEL,685.003
PRT,ARE,684.157
PRT,IND,682.936
JOR,LBN,682.179
ROU,SAU,681.491
LTU,ESP,681.393
IND,TZA,681.091
ESP,MLI,679.529
HKG,TZA,678.888
BGR,HRV,677.451
ROU,ARE,676.72
USA,OMN,676.225
SGP,TUV,674.936
ESP,MRT,674.868
NAM,MYS,674.863
JPN,KAZ,674.559
MEX,SVN,672.889
PRT,BRA,671.359
FRA,QAT,669.838
PHL,SAU,668.511
FIN,ROU,667.362
LTU,AUT,665.362
ARE,KEN,664.12
AUS,PHL,663.211
JPN,SLV,662.088
ROU,AND,658.839
USA,BOL,658.203
SGP,SVN,658.098
ZAF,SAU,654.744
MYS,SLV,652.768
CRI,IND,650.895
USA,NIC,650.605
TUR,MAR,649.847
VNM,LVA,649.842
GHA,LTU,649.552
CAN,ARG,647.68
BEL,MAC,646.639
FRA,CIV,646.616
THA,DOM,644.038
ESP,CYP,643.103
CHE,EST,642.946
SEN,POL,642.653
GBR,LUX,642.586
PAN,KOR,642.578
KHM,ESP,640.865
CYP,LVA,640.341
SGP,ZAF,640.085
CZE,MDA,639.131
MLT,AUT,638.764
TUR,ESP,637.927
FRA,MUS,637.396
ITA,ARG,636.552
KEN,JPN,636.205
FIN,AUS,635.552
PAK,ARE,635.195
NZL,FRA,633.904
CHE,ZAF,632.098
SGP,VGB,629.784
BEL,UKR,629.412
TUR,IDN,629.205
PRT,IDN,626.856
CHE,ARE,625.718
EST,NOR,625.291
MAC,USA,625.271
EGY,SDN,624.054
BEL,ARE,623.716
THA,SAU,623.058
HKG,NZL,621.535
DEU,KEN,619.504
MEX,SWE,618.019
JOR,KOR,613.734
BGD,KOR,612.982
DEU,SEN,611.583
IDN,KHM,611.372
ITA,BIH,610.918
POL,LUX,610.76
ARE,EST,610.52
NOR,ARE,610.444
IND,ROU,608.758
TUR,ZAF,608.388
GBR,HRV,608.132
IND,UGA,608.13
DEU,GEO,607.812
DNK,AUS,607.352
ZMB,COD,607.208
SGP,EST,604.47
HKG,JOR,603.715
AUS,ZAF,603.256
KHM,TWN,602.467
ZWE,LTU,602.273
TUN,JPN,602.215
SVN,IRL,601.537
JPN,LVA,601.536
ISR,BGR,601.027
VNM,UZB,600.348
PRT,EST,600.261
POL,PHL,598.696
KOR,LVA,598.338
TCD,IND,593.991
GBR,LVA,593.823
HUN,EST,592.705
HKG,NOR,592.299
ARE,SEN,591.094
BGR,IND,590.953
ESP,MYS,588.535
NOR,ZAF,588.324
CRI,PAN,588.117
BRA,CZE,587.847
IRL,FIN,587.839
POL,CAN,587.422
PHL,DOM,586.595
GRC,TUR,586.318
GEO,MYS,583.383
AUS,MAC,583.355
BGR,PRT,582.495
AUS,SVN,582.218
JPN,LKA,580.439
IND,FIN,580.377
CZE,SLV,580.171
IND,MAR,579.749
CAN,NZL,579.444
HKG,UKR,578.2
KEN,UGA,577.23
NOR,TUR,576.792
EGY,IDN,576.105
SVK,DNK,575.922
PRT,AUT,575.101
AUS,TWN,573.82
COL,BEL,573.36
NZL,BEL,572.752
URY,BEL,572.605
SVN,JPN,571.95
NLD,GEO,571.847
ZAF,KEN,571.703
PER,USA,570.138
MEX,ECU,567.42
ISR,PRT,566.862
GBR,MOZ,565.264
EGY,SAU,564.589
SVK,BEL,564.177
ROU,TUR,563.843
ZAF,NGA,563.102
POL,SAU,562.813
FIN,MKD,560.701
DEU,MDA,560.332
CHN,SUR,557.487
NZL,ITA,557.026
LBN,KWT,556.429
SEN,MLI,554.215
CAN,MLI,552.303
GBR,CRI,551.253
SGP,ECU,550.685
TWN,NGA,548.67
MEX,ARG,547.979
AUS,KIR,546.98
ESP,PER,546.817
ROU,AUS,543.651
AUS,MOZ,542.796
CMR,CHN,542.219
USA,ISL,541.295
USA,UZB,540.122
MLT,TUR,540.072
SAU,DEU,537.912
CHE,CHL,537.671
LTU,MDA,536.783
SLV,IND,534.204
ITA,CYP,534.199
SEN,FRA,532.79
TUN,USA,532.13
GBR,VNM,531.464
EGY,USA,530.194
HUN,CYP,528.812
LVA,MKD,527.24
EGY,EST,525.79
DEU,BLR,525.521
ROU,NGA,522.848
ZAF,VNM,522.801
TUR,GEO,522.543
FIN,ZAF,521.854
DOM,SGP,518.843
IRL,BIH,518.806
ZAF,LSO,518.603
DNK,ETH,518.249
THA,ECU,518.018
FRA,NGA,516.233
HKG,KGZ,514.622
CZE,BFA,513.543
KHM,JPN,512.679
DNK,ARE,512.421
IDN,TUN,511.721
CAN,PER,510.805
VNM,GTM,510.641
THA,BIH,510.342
USA,JOR,508.524
DNK,IND,508.319
HUN,SWE,508.222
GHA,DEU,507.302
MAR,IRL,507.104
SVK,CAN,504.397
CZE,MKD,503.947
ITA,RUS,503.662
MEX,EGY,503.344
SVK,THA,502.386
BRA,NZL,501.046
IND,ZAF,497.642
PAK,ITA,495.827
IND,NOR,495.648
HUN,ZAF,494.44
LKA,CHN,493.704
GBR,GHA,493.267
MAR,UKR,492.571
ESP,MOZ,492.411
ITA,MDA,491.56
BRA,GBR,490.545
GRC,SAU,489.699
ITA,KAZ,489.584
DEU,MNG,489.293
IDN,ITA,489.257
NLD,ISL,489.037
TUR,PAK,488.658
BRA,GTM,488.065
KEN,MWI,487.801
USA,MRT,487.431
ROU,ISR,487.046
GBR,UZB,486.858
JPN,UZB,486.781
NAM,DNK,486.769
DNK,AFG,486.509
TZA,DEU,485.995
TZA,LTU,483.301
MKD,CHN,482.364
DOM,CHN,482.096
TUN,ESP,481.775
CZE,COL,481.753
VNM,NIC,481.146
BIH,DOM,478.712
ESP,ECU,477.623
NOR,LVA,475.514
CHN,ABW,475.019
ECU,BEL,474.677
CAN,BEL,474.409
CHE,MNE,473.213
ZAF,AGO,472.279
CHN,ISL,471.164
NGA,NER,470.027
EST,CHE,469.094
USA,TGO,468.979
HKG,QAT,468.652
HKG,ZWE,467.807
NLD,ALB,466.415
LVA,SAU,465.41
TWN,MDA,462.449
ARE,EGY,461.017
TUN,TUR,457.966
FRA,BEN,457.73
ZAF,TZA,454.073
PRT,MOZ,453.131
DEU,IRN,451.687
TUR,ISR,451.105
CAN,COL,451.042
BGR,IRL,450.985
LKA,KOR,449.661
HKG,CRI,449.161
USA,ABW,449.013
EST,ROU,448.369
THA,PAK,447.221
MAR,AUS,447.197
LVA,SRB,446.786
TWN,SLV,445.741
HRV,POL,445.556
SRB,NLD,445.459
CRI,AUT,444.554
BGD,HKG,444.308
KAZ,BGR,443.354
TUR,DOM,443.024
LKA,MYS,442.872
HUN,NOR,442.202
BRA,CHE,441.487
IDN,LVA,439.885
DEU,BGD,439.109
LAO,TWN,438.933
SAU,USA,438.163
DEU,OMN,437.567
BRA,COL,437.117
IND,PRT,436.556
SVN,TWN,436.044
JPN,DOM,435.542
HRV,CHE,435.488
ZMB,ZWE,434.957
TUR,IRQ,434.859
ITA,LUX,434.625
IND,BEL,434.543
UKR,MYS,433.815
UZB,RUS,432.79
USA,SUR,432.519
DNK,MUS,431.906
IND,COL,431.614
NLD,TGO,431.446
GBR,QAT,431.328
AUS,CHE,431.207
MLT,ROU,430.981
CAN,NGA,427.402
BRA,POL,427.312
CYP,ITA,427.117
ITA,ETH,426.56
AUS,CZE,426.166
ARM,HKG,425.957
ISR,RUS,425.0
ARE,ROU,424.499
HKG,MUS,423.788
TUR,KGZ,423.528
MAR,MKD,423.474
ZAF,FRA,423.282
TWN,TUV,423.17
MYS,QAT,422.088
LTU,MEX,421.636
URY,THA,419.992
KOR,RUS,419.571
NOR,IND,418.789
ECU,USA,418.721
USA,SXM,418.519
NOR,ESP,418.355
SLV,BEL,418.336
ITA,PER,418.193
NOR,ROU,418.071
NLD,NZL,417.881
DEU,GHA,416.586
MDG,JPN,415.978
KEN,TZA,415.679
CMR,LTU,415.382
ARE,PHL,414.135
NLD,MLI,414.002
ZAF,AUS,413.264
DEU,IRQ,413.224
PRK,POL,412.798
KOR,LTU,412.771
ISR,NOR,412.013
SVK,HRV,411.425
NZL,CAN,411.395
KOR,UZB,410.567
ROU,SGP,410.297
CHL,MEX,410.05
CRI,IDN,409.196
BRA,TWN,408.44
NZL,DEU,408.199
UKR,EST,406.743
THA,COL,406.455
BEN,DEU,406.45
FRA,NZL,405.681
SWE,MDV,405.14
GBR,ARG,404.873
MAR,LTU,403.769
AUS,NFK,403.645
DEU,ECU,402.786
DEU,KWT,402.411
MYS,MDA,402.188
KOR,GRC,401.774
FRA,BLM,401.371
CAN,KAZ,401.312
USA,GMB,401.04
SRB,BGR,400.899
CHN,PYF,400.521
VNM,LUX,400.092
COL,FRA,398.752
ESP,PHL,398.721
SRB,CZE,398.582
UKR,SGP,398.278
SVN,TUR,398.166
CAN,IRL,398.126
MAC,MYS,397.074
CHL,PER,396.469
CHL,ARG,395.206
THA,URY,394.201
BEL,SAU,393.294
BRA,PAN,392.945
USA,UGA,392.806
IRL,NOR,392.572
LVA,ITA,392.427
LKA,GBR,391.964
SGP,TLS,391.714
ZWE,ZMB,391.356
AUS,LVA,391.287
LVA,MDA,391.243
ZAF,CHE,391.018
NLD,LBN,390.835
NLD,SLE,390.596
PRT,SAU,390.306
IRL,ARG,390.21
ESP,NGA,390.174
FIN,PRT,390.141
MAR,TUR,389.884
MMR,TWN,389.786
DNK,SDN,389.599
TUR,MLI,387.223
ZMB,NAM,386.707
PRT,MKD,386.655
ALB,GBR,385.937
HRV,SRB,385.755
TUN,CHN,385.491
DNK,ISL,385.485
GEO,USA,384.496
ROU,CAN,384.176
KEN,FRA,383.776
SAU,SGP,383.444
AUS,AUT,383.273
GTM,PAN,382.466
BEN,IND,381.638
HUN,IDN,381.372
USA,ATG,381.237
JOR,CZE,380.384
HND,USA,380.353
VNM,HND,380.302
HRV,CZE,379.891
FRA,GIN,378.034
USA,CUW,377.791
PRT,MEX,377.474
UGA,GMB,376.656
MYS,HND,375.831
KOR,LBN,375.67
NZL,LTU,374.263
ROU,SVN,373.238
BOL,DEU,373.006
KAZ,BEL,372.691
POL,ARE,372.266
DNK,TUR,371.981
MAR,NLD,371.154
HKG,SRB,371.072
MEX,TUN,370.525
UKR,BGR,370.524
GBR,SYC,370.39
MYS,LBN,370.305
USA,ETH,370.04
GRC,SGP,368.548
FRA,LKA,366.756
GBR,UKR,366.63
CRI,TUR,366.462
GBR,AGO,366.376
AUS,CHL,365.775
TTO,USA,365.71
KGZ,MYS,365.534
NOR,IDN,364.807
KEN,TWN,364.573
SRB,MNE,362.923
AUT,KAZ,362.843
CHL,ESP,362.462
ITA,SEN,362.319
KEN,ZMB,362.141
THA,HRV,362.008
DNK,KHM,361.078
MLT,ARG,360.944
DNK,IRL,360.08
SLV,PHL,359.024
CRI,CHE,358.97
IDN,TLS,358.95
ESP,CRI,358.85
POL,PAK,358.707
USA,AGO,357.743
FRA,ETH,357.554
RUS,TUR,357.516
MYS,AZE,357.211
HUN,VNM,357.109
BEL,SMR,356.782
FIN,LVA,356.705
ZMB,ZAF,356.083
LTU,CAN,356.009
MMR,SGP,355.983
TUR,HUN,355.437
IRL,AUS,355.415
MYS,KWT,355.172
AUS,DNK,354.854
IND,SVK,354.659
BFA,MLI,354.538
LVA,CZE,353.804
KHM,CAN,350.165
EGY,BGR,349.614
USA,BFA,349.533
VNM,KWT,349.457
IRL,CHE,349.343
HRV,LTU,349.288
POL,AUS,348.662
TUR,DZA,348.427
GBR,PER,347.967
ITA,HND,347.919
PRT,BEL,347.764
MAR,PHL,347.42
LTU,NOR,346.922
DEU,MRT,346.39
MYS,BHR,345.983
BGR,NOR,344.406
SWE,SRB,344.375
IDN,CRI,343.611
ISR,GRC,343.237
NOR,CHL,341.736
THA,AND,341.288
NAM,KEN,340.96
USA,TCA,340.663
IND,BTN,340.524
FIN,BRA,339.847
ZAF,HKG,339.46
BEL,MRT,338.418
ROU,ECU,337.375
SGP,ZWE,337.125
PHL,CHL,336.888
EGY,LBY,336.529
BGR,GEO,336.009
DEU,LBY,335.601
ITA,GIN,335.234
TWN,HRV,334.55
MEX,NIC,334.341
LKA,BRA,332.089
IND,EGY,331.922
TCD,PAK,331.855
USA,CMR,330.711
MOZ,ZMB,330.353
POL,ALB,330.146
JPN,ECU,330.085
BEL,CYP,329.891
MLI,SEN,329.42
MAR,MLI,328.706
COL,PER,327.95
SVK,ARE,327.679
FRA,TCD,327.181
HKG,SAU,326.765
GBR,COL,326.531
ISL,DNK,326.426
KHM,CHE,326.349
NOR,CZE,325.619
HKG,MDV,324.982
MLT,UKR,324.972
CYP,BGR,324.547
ROU,KOR,324.359
KHM,BEL,324.327
CYP,NOR,324.124
AUS,SAU,324.109
NOR,BEL,323.784
SWE,CHL,323.522
NOR,CAN,323.362
GBR,MUS,322.32
FRA,NCL,322.196
GTM,MYS,321.77
URY,MYS,321.739
IND,MOZ,321.49
SLV,CHN,320.927
TWN,PAK,320.345
ZAF,GHA,320.096
JPN,PER,319.7
MKD,SVK,319.693
ESP,TGO,319.443
GBR,GNQ,318.171
HKG,FIN,317.891
BEL,MDA,317.36
ISR,TUR,317.347
ESP,ALB,317.283
MLT,IRL,316.728
SAU,FIN,316.141
IRL,MLT,316.05
SYR,LBN,315.821
NZL,AUT,315.552
NOR,SVK,315.285
KHM,BRA,315.238
BRA,PER,314.834
BEL,NGA,314.737
IDN,SWE,314.192
BGR,SAU,313.726
FRA,COG,313.634
ARE,GBR,312.565
UZB,BEL,312.38
CRI,ZAF,310.894
THA,NGA,309.941
LTU,AUS,308.579
DNK,SVN,308.289
COL,GTM,307.697
KWT,GBR,307.333
ITA,DOM,307.201
FIN,CIV,306.788
AGO,LTU,306.189
BGR,ISR,306.093
FRA,TZA,305.87
MEX,PER,305.78
GBR,CIV,305.383
BHR,SAU,304.658
CAN,SVK,304.405
PRK,IDN,303.85
EGY,LTU,303.754
SAU,BEL,303.672
CHN,LCA,303.593
BGR,MDA,303.402
MDA,CHN,303.262
TUR,MKD,302.903
PRT,CZE,302.765
BRA,CHL,302.409
UKR,NLD,301.76
HUN,EGY,301.592
GBR,ISL,301.109
DOM,MLI,301.004
MKD,BGR,299.871
IDN,ZAF,299.785
CHL,HKG,299.543
COL,DOM,299.493
ZAF,LTU,299.454
CAN,SLV,299.339
IND,EST,298.948
USA,BGD,298.647
DEU,NAM,297.398
NOR,JPN,296.913
MAR,SRB,295.729
AUT,COL,295.716
ISR,EST,295.502
THA,CHL,295.477
IND,SOM,295.333
PRT,THA,295.015
COL,CHN,294.789
HRV,HUN,294.507
ITA,QAT,294.416
IDN,CIV,293.122
CHN,TCA,292.198
SAU,PHL,291.993
KHM,SGP,291.947
ARE,TWN,291.834
AND,USA,291.755
NOR,TWN,291.179
BIH,DEU,289.967
BGD,DEU,289.778
LKA,SGP,289.695
MRT,MEX,288.592
KEN,DEU,288.312
CZE,LUX,288.252
IND,DOM,287.682
SVK,ESP,287.514
CRI,AUS,287.432
LTU,TWN,287.142
AND,ESP,287.087
IRL,SVN,287.033
DEU,CPV,286.841
TWN,URY,286.725
MYS,BIH,286.719
THA,GRC,286.614
IRL,DOM,286.246
MAR,BGR,285.858
TLS,HKG,285.47
DEU,BHR,285.095
CUW,ARM,284.052
ISR,SRB,283.945
KHM,SWE,283.198
POL,COL,282.996
ITA,ISL,282.85
AUT,GRC,282.789
USA,LBR,282.736
RUS,ARM,282.579
IDN,CHE,282.357
HKG,PER,282.237
SAU,THA,282.007
LBN,BEN,281.886
SGP,BHR,281.134
URY,IND,280.582
RWA,KOR,280.519
ROU,FIN,279.53
PHL,KAZ,279.246
ITA,LVA,278.754
TUN,THA,278.683
DEU,MOZ,278.498
LVA,BIH,278.439
DEU,VEN,278.12
MLT,ESP,277.934
SRB,AUT,277.764
GBR,CHL,277.751
DEU,MAC,277.748
DEU,SLV,277.685
GRC,GBR,277.609
MOZ,ZWE,277.077
NLD,GHA,276.893
EST,AUT,276.547
LBN,SYR,276.117
DNK,BGD,276.03
SAU,FRA,275.812
FRA,BFA,275.34
AUS,TUR,274.815
DNK,AGO,274.637
ESP,SEN,274.039
KGZ,KOR,272.913
IRL,IDN,272.047
BEL,MLT,271.505
FRA,KAZ,271.315
FRA,MDG,270.52
ISR,KAZ,270.347
LTU,ARM,270.268
ARM,IND,270.266
IOT,USA,270.147
FRA,SRB,270.006
SRB,AUS,269.968
FJI,AUS,269.66
PHL,HTI,269.645
BGD,ESP,269.592
ZAF,SEN,267.319
GRC,MDA,267.056
ITA,CRI,267.048
LTU,ISR,267.016
ESP,SVN,266.798
ROU,UKR,266.685
AUT,EST,266.532
CMR,ESP,265.25
PRT,NOR,265.114
TUR,LTU,264.653
SLV,GTM,264.434
HRV,TUR,264.401
MKD,SRB,264.334
VEN,BEL,264.294
IND,COD,264.082
IND,SEN,263.507
SVN,IND,262.748
SWE,COL,262.709
ROU,SWE,262.501
BLR,TWN,261.989
SRB,MKD,261.735
ECU,NOR,261.564
CIV,DEU,261.471
ISR,GTM,261.355
BIH,LTU,261.237
MAC,JPN,261.167
SGP,HND,261.123
CZE,QAT,260.992
UZB,ARM,260.897
AUT,TZA,260.884
NLD,UGA,260.72
AUT,CRI,260.284
SWE,HRV,259.829
IRN,SWE,259.66
PAN,CRI,259.477
MAC,GBR,259.204
ITA,JOR,259.032
TUR,SDN,258.963
LUX,AUT,258.882
NAM,BWA,258.282
MYS,KEN,257.88
CAN,BFA,257.871
DEU,TGO,256.675
JPN,SEN,256.249
IRL,ARE,255.504
LVA,AUT,255.275
CHN,DMA,254.827
FRA,PYF,254.553
MUS,ZAF,254.062
FRA,PNG,253.999
SWE,SVN,253.442
PAN,DOM,253.103
MYS,GTM,252.95
LVA,CYP,252.823
TUR,MDA,252.427
IRL,NZL,252.212
ESP,IDN,252.205
ITA,NZL,251.832
ITA,GTM,251.221
IDN,FIN,250.919
TGO,DEU,250.136
PHL,JOR,250.099
AUT,CMR,250.06
NOR,EST,249.919
TUR,TWN,249.8
BEL,BRA,249.473
SVN,NOR,249.107
KEN,BDI,248.949
BIH,SVN,248.145
SWE,IRL,247.715
LUX,NOR,247.666
CHN,BDI,246.657
SVN,MYS,246.397
KEN,NGA,246.105
TWN,FJI,245.79
MEX,LKA,245.601
CHN,GNB,245.563
TUR,LBN,245.08
MEX,GTM,244.769
PHL,COL,244.454
SLV,HKG,244.319
EGY,POL,243.878
RUS,SRB,243.841
CHN,BRB,243.759
CUW,NLD,243.573
NLD,BFA,243.416
ARE,TZA,243.358
TUR,BLR,243.313
HKG,NPL,243.272
HKG,MWI,242.974
TUN,DZA,242.428
EST,HND,242.275
LVA,USA,242.124
ITA,CIV,241.981
COL,CAN,241.96
PAN,FRA,241.899
AUS,ITA,241.604
PHL,AZE,241.093
MYS,IRN,240.489
JOR,TUN,240.012
AUT,MKD,239.847
NLD,ARG,239.684
PHL,URY,239.585
CHL,BOL,239.302
HKG,PAN,239.059
COL,HND,239.026
SVK,MAR,238.457
SWE,ARG,238.372
TUN,CIV,238.277
MEX,DNK,237.914
TGO,NGA,237.803
KHM,ARE,237.576
LBN,BEL,237.527
ITA,ECU,237.393
CHN,GRD,237.266
AUT,PER,237.246
GRC,BEL,237.067
PRT,IRL,236.687
SVN,LTU,236.584
UKR,IND,236.545
JOR,EGY,236.528
ITA,MDG,236.524
MLT,CHE,236.149
NLD,AZE,235.741
CHE,QAT,235.524
MOZ,DEU,235.44
BRA,HUN,235.221
IND,MDV,235.121
SAU,OMN,234.824
BEL,COD,233.847
ARE,BHR,233.801
MEX,SLV,233.372
FRA,BRB,233.09
CZE,BLR,232.946
MYS,PNG,232.853
SRB,ROU,232.63
EST,SGP,232.438
ISR,LUX,232.412
LTU,FIN,232.384
GRC,ISR,232.318
DEU,COD,232.077
NLD,CHL,231.899
LVA,FIN,231.613
IND,ZMB,231.491
VNM,SLV,231.383
COL,CRI,231.305
MUS,BGR,231.049
ARE,ISR,231.0
UZB,KAZ,230.555
POL,NGA,230.39
LVA,JPN,229.998
PRT,LVA,229.841
EST,BRA,229.807
DNK,VNM,229.275
IRL,ZAF,229.255
ARM,USA,229.204
EST,UZB,229.057
JPN,GRC,228.895
MLI,MEX,228.767
DOM,HKG,228.471
QAT,NLD,228.338
ZAF,UGA,228.13
HRV,SWE,228.034
HKG,IRN,228.033
ROU,ZAF,227.375
TUR,CHE,227.102
ZAF,CMR,227.016
ESP,GHA,226.851
GBR,TZA,226.831
KHM,NLD,226.561
FRA,MRT,226.376
GBR,SRB,226.085
HKG,LKA,225.782
SGP,CHL,225.709
ITA,PAN,225.494
DEU,AZE,225.466
EST,GRC,225.235
ZAF,LBN,224.906
USA,ALB,224.78
MYS,DOM,224.763
RWA,LTU,224.748
GRC,HUN,224.562
TUN,SGP,224.418
ARG,JPN,224.317
CHE,MDA,223.614
SAU,GBR,222.327
COL,ECU,221.869
CHE,PER,221.808
TWN,AZE,221.676
HKG,GTM,221.494
ECU,DEU,220.612
SGP,MDV,220.166
FRA,CHL,219.547
GBR,LBY,219.273
POL,IDN,218.864
FIN,CHL,218.752
KEN,CIV,218.2
NOR,MDA,218.12
DNK,NZL,217.968
GBR,KHM,217.789
BGD,NLD,216.72
KEN,RWA,216.656
MAR,MRT,216.472
QAT,HUN,216.308
CRI,COL,216.179
CAN,CUB,216.072
BGR,VNM,215.893
BLZ,AUT,215.61
TWN,MHL,215.604
VEN,USA,215.331
RUS,KOR,215.153
DOM,JPN,214.863
HRV,MYS,214.622
SHN,SGP,214.238
CHN,MHL,214.121
ITA,IRN,214.047
LUX,ISR,213.766
SRB,POL,213.672
PAK,JPN,213.316
ESP,BEN,213.287
SVN,ALB,213.089
ETH,BEL,212.715
NLD,OMN,212.567
PAN,ECU,212.484
BEL,PER,212.275
NZL,EST,211.667
SGP,PNG,211.626
NLD,HND,211.449
BGR,FIN,211.439
MUS,TZA,211.03
CAN,SRB,210.996
MYS,ECU,210.94
ISR,NZL,210.915
HKG,SYC,210.857
ZAF,PHL,210.844
MEX,KWT,210.828
PRT,GRC,210.806
DNK,SAU,210.755
POL,ARM,210.665
LVA,ESP,210.433
KOR,PAK,210.048
AND,GBR,209.97
JOR,KWT,209.947
PAN,HND,209.793
JOR,SGP,209.701
PHL,PER,209.265
JOR,SAU,208.93
CHE,TUN,208.647
MAC,MEX,208.638
NLD,CAF,208.442
NLD,MWI,208.393
IRL,SAU,208.281
SGP,MKD,208.14
GBR,MAC,207.991
ROU,LTU,207.324
ITA,MAC,207.107
NLD,COL,207.107
DEU,PRY,207.085
HRV,THA,207.016
JAM,CYM,206.24
DNK,CHL,205.913
ESP,EST,205.83
ESP,EGY,205.768
TUN,CZE,205.457
IRL,TUR,205.382
ISR,HRV,205.047
TZA,TWN,204.731
NOR,BRA,204.495
CHN,SYC,203.782
FRA,TGO,203.067
CAN,EGY,202.701
LVA,PRT,202.284
TUN,BEL,202.217
BGR,ALB,202.19
IND,UKR,202.107
SGP,PAN,202.09
CHL,ECU,201.576
CHN,ERI,201.441
ZAF,IND,201.129
MAR,FIN,200.773
FRA,ZWE,200.655
ZAF,CZE,200.587
ITA,KEN,200.248
IDN,AUS,199.613
CHE,UKR,199.603
KOR,SWZ,199.3
ITA,KWT,198.367
TWN,NIC,197.941
BRA,THA,197.224
SWE,VNM,197.206
JPN,HND,197.127
GTM,USA,196.946
BGR,SVN,196.581
CHE,BGD,196.245
AUS,NCL,196.182
TWN,ISL,195.475
TUR,TCD,195.288
PHL,ECU,195.17
MAR,ZAF,194.948
ESP,TUN,193.654
USA,LBN,193.343
DNK,COL,193.199
ISL,NLD,192.644
AUS,ISR,192.521
PRT,ISR,192.388
IRL,GRC,191.276
ESP,LUX,190.985
FRA,CPV,190.877
HUN,KAZ,190.784
POL,ZAF,190.398
ARE,BFA,189.834
PRT,GNB,189.659
PHL,KGZ,189.389
COL,ARE,188.899
GRC,IND,188.61
GBR,BRB,188.348
PRT,STP,188.311
PRT,COL,188.013
DEU,CIV,187.917
NZL,PHL,187.317
BHR,KWT,187.075
CYM,NLD,187.074
BRA,ECU,186.851
HUN,GRC,186.77
BHR,ZWE,186.721
IND,BHR,186.124
LVA,TUR,185.909
SWE,TUR,185.622
ISR,ZAF,185.134
CRI,ARG,185.103
DNK,BRA,184.979
CZE,OMN,184.855
SVN,KOR,184.287
TUR,AFG,184.09
KOR,IRQ,184.066
GBR,SEN,183.999
CHE,MLT,183.834
HRV,PRT,183.389
TUR,PHL,183.298
BGR,BRA,183.273
TGO,JPN,182.96
ESP,GTM,182.741
KOR,CHL,182.404
SRB,HRV,182.403
SAU,NLD,182.18
JPN,GTM,181.741
ECU,JPN,180.939
KOR,PAN,180.916
SRB,DNK,180.794
ESP,GMB,180.05
CHL,PRY,180.049
SVK,SVN,179.625
TWN,PER,179.153
CRI,NZL,178.275
MAR,SVN,177.722
MEX,KHM,177.716
TWN,KEN,177.437
DEU,URY,177.31
ROU,EST,177.124
DEU,HND,177.036
MYS,TZA,176.801
AUT,CUB,176.604
NOR,AUS,176.462
BGR,SWE,176.29
USA,NER,176.252
ARE,CAF,176.021
NCL,JPN,175.944
LBN,CPV,175.537
SEN,MRT,175.467
PHL,HND,175.415
LVA,SVN,175.313
CRI,SVN,175.311
LTU,THA,175.183
BEL,EGY,175.151
ISR,CHL,175.034
PAN,GTM,174.926
ROU,TWN,174.735
ITA,COG,174.625
SAU,EGY,174.589
NLD,PAK,174.285
DOM,AUS,174.123
LTU,SGP,173.707
CMR,FIN,173.502
PER,MYS,173.255
AUT,CHL,173.067
SEN,HUN,173.024
CZE,EGY,172.731
PAN,BEL,172.596
ITA,TZA,171.703
USA,MOZ,171.662
AUS,SVK,171.564
ZAF,MDG,171.399
LTU,BRA,171.284
LTU,CYP,171.149
FRA,ECU,171.068
POL,ISL,170.93
KOR,PRY,170.92
TZA,ZMB,170.329
ESP,SRB,170.175
SVK,BIH,170.158
MEX,PRY,169.821
IND,ARG,169.416
ISR,CRI,169.182
PRY,JPN,169.109
BEL,NAM,169.106
BGR,ARE,168.899
NZL,HUN,168.791
CZE,BIH,168.758
TUR,THA,168.491
ARE,KGZ,168.327
THA,MDA,168.193
IDN,NZL,168.135
ZAF,CAN,168.048
BRA,CAN,167.843
PRK,LUX,167.747
TUR,GHA,167.639
DEU,SYC,167.6
ITA,SLV,167.479
KHM,ITA,167.126
SVN,THA,166.876
NLD,ETH,166.319
POL,DOM,166.311
TUN,MLI,166.246
LBN,MLI,166.06
FIN,QAT,165.93
VNM,BIH,165.805
IDN,EST,165.793
IND,GIN,165.485
DEU,GTM,165.436
FIN,SRB,165.191
NLD,BGD,164.689
POL,ARG,164.353
MLI,POL,164.177
CHN,FSM,163.894
VNM,KGZ,163.89
CHN,VCT,163.76
TWN,HND,163.379
GBR,KEN,162.961
ATG,MEX,162.836
AUS,PYF,162.836
CAN,HRV,162.831
ZAF,CHN,162.746
LKA,SRB,162.605
DNK,SOM,162.6
MYS,MNE,162.221
ARG,BEL,162.082
BEN,KEN,162.057
PRT,VNM,161.848
AUT,MAR,161.736
SVN,SWE,161.312
AUS,BEL,160.92
GTM,SLV,160.678
PRT,BGD,160.408
BGR,AUS,160.302
USA,AZE,160.201
DEU,ARM,159.58
EST,IND,159.092
ESP,VNM,158.434
UKR,HKG,158.298
ZAF,MLI,158.197
FIN,EGY,158.174
UKR,DNK,158.111
MUS,GBR,158.072
CRI,ESP,158.03
HUN,COL,157.987
ITA,NER,157.494
CHE,HRV,157.266
TUN,POL,157.153
LUX,NGA,157.114
ESP,MLT,156.472
IDN,CHL,156.469
LTU,PHL,156.39
ROU,SRB,156.326
SVN,PRT,156.07
JPN,PAK,156.003
CHN,ATG,155.995
UGA,SSD,155.932
ESP,URY,155.439
IRL,COL,155.283
MAR,NZL,155.256
LKA,RUS,155.199
MDA,ARE,155.143
VNM,URY,154.995
JOR,CAN,154.985
FRA,AGO,154.447
USA,GHA,154.165
DEU,GIN,153.792
HKG,LTU,153.626
TGO,IND,153.357
ARE,ITA,153.284
SGP,BFA,153.28
USA,TZA,152.581
ISR,BIH,152.566
IND,KWT,152.337
MAR,EST,152.166
HKG,BIH,152.106
CHE,NGA,151.875
BRA,FIN,151.717
ZAF,PRT,151.663
CHN,PSE,151.511
TWN,PLW,151.026
FRA,DJI,150.931
KAZ,HUN,150.693
ROU,COL,150.532
USA,NAM,150.497
NLD,GUY,150.25
DNK,LVA,150.114
MMR,THA,149.983
PAK,ESP,149.837
HKG,GRC,149.553
MLT,SVN,149.521
TWN,SYC,149.499
VNM,NGA,149.349
COL,HKG,149.132
MYS,ISR,149.0
TWN,BLZ,148.921
MLT,ZAF,148.653
KHM,DEU,148.489
JPN,KWT,148.032
MEX,PAN,147.967
MMR,CHN,147.919
ROU,MDA,147.904
BRA,CIV,147.753
SAU,SWE,147.62
NLD,MDV,147.228
MLI,USA,147.151
GRC,KEN,146.878
MLT,EST,146.83
USA,MDV,146.645
SRB,GBR,146.618
EGY,SVK,146.575
NOR,ISL,146.542
SVN,GEO,146.502
POL,EGY,146.405
CHE,COL,146.391
URY,CRI,145.971
EST,MYS,145.893
PHL,GTM,145.768
LUX,JPN,145.761
FRA,NER,145.745
DNK,ZWE,145.736
USA,ARM,145.669
HKG,MNG,145.582
CIV,BFA,145.579
CHE,KAZ,145.494
DOM,TZA,145.402
LTU,HUN,145.362
NZL,TON,145.345
KOR,SLV,145.258
DNK,LUX,145.183
FIN,IDN,145.027
NZL,BRA,144.955
CHE,EGY,144.872
SEN,DEU,144.747
COL,THA,144.74
NZL,FJI,144.68
HUN,CRI,144.668
KOR,ECU,144.538
USA,CIV,144.532
NLD,JOR,144.343
MYS,BOL,144.173
IND,CHL,143.814
CHN,CPV,143.649
CIV,LTU,143.639
NLD,UZB,143.58
ITA,LKA,143.38
COD,NLD,143.317
BEL,LKA,143.209
NLD,DOM,143.078
IND,NZL,142.663
THA,LUX,142.655
FRA,CMR,142.523
COL,IND,142.013
FIN,PHL,141.75
CRI,BGR,141.73
CRI,GTM,141.666
MEX,KAZ,141.275
LKA,ARE,141.005
BHR,SGP,140.808
SWE,ZAF,140.79
GBR,CYP,140.424
CHN,GNQ,140.293
GBR,DZA,140.078
ISR,LVA,139.912
THA,MDV,139.147
TUN,BEN,138.936
ARG,COL,138.93
USA,AIA,138.843
USA,MWI,138.837
FIN,ISR,138.484
TUR,LUX,138.453
USA,LCA,138.367
ESP,GIB,138.26
NZL,IDN,138.118
CHE,AZE,138.034
HKG,URY,138.027
ZAF,ITA,137.897
NOR,LUX,137.794
ISR,MDV,137.0
KWT,SAU,136.956
CHE,LUX,136.705
CHN,STP,136.612
NZL,PNG,136.46
MAR,PAK,136.435
IRL,LUX,136.373
MMR,DEU,136.306
GRC,DNK,136.273
SWE,UKR,136.213
DEU,UGA,136.189
MLT,NOR,136.152
GRC,ZAF,135.831
TUN,NLD,135.306
PER,CHL,135.203
FRA,KHM,135.104
DNK,NGA,134.979
MYS,KGZ,134.903
DNK,ZAF,134.23
NLD,SEN,133.971
CHE,URY,133.903
NZL,TUR,133.795
SGP,LTU,133.769
EST,CAN,133.628
SEN,NER,133.549
ISR,COL,133.314
PAN,BHS,133.125
HRV,GRC,133.12
ISR,NGA,132.91
DEU,GUY,132.89
IDN,SVN,132.832
PHL,LVA,132.536
HKG,DZA,132.509
SRB,PHL,132.465
SGP,PER,132.443
PHL,GRC,132.428
CZE,AGO,132.305
FRA,JOR,132.161
MAR,TUN,132.161
THA,ZMB,132.057
LUX,TUR,132.035
BGR,EGY,131.985
SVN,ISR,131.757
HKG,PRY,131.655
MMR,IND,131.645
LVA,TUN,131.643
HUN,LKA,131.598
SEN,GMB,131.262
SRB,IRL,130.853
TGO,BEN,130.603
EST,MEX,130.551
ALB,DEU,130.179
IRL,UKR,129.957
NZL,SVK,129.899
ARM,UZB,129.616
GRC,ARE,129.581
IND,SVN,129.495
GBR,ATG,129.069
CHL,FRA,128.677
SVN,EST,128.561
SVK,NOR,128.552
SRB,LVA,128.516
CZE,GTM,128.429
CHE,LVA,128.411
BRA,PRT,128.384
PER,BEL,128.023
THA,HND,127.803
IND,CIV,127.605
ROU,BRA,127.604
GUM,JPN,126.693
AUS,POL,126.504
NAM,POL,126.468
JPN,PAN,126.106
NLD,IRQ,126.07
BEL,OMN,126.005
HRV,EST,125.839
TWN,QAT,125.448
LUX,GBR,125.208
HKG,LBN,125.078
RWA,UGA,125.0
DEU,TZA,124.935
CHE,KWT,124.621
LVA,HRV,124.26
ARE,SVN,124.237
MKD,PHL,124.185
HTI,USA,123.947
UKR,KAZ,123.777
FIN,PER,123.515
HKG,ZMB,123.506
BGR,MAR,123.343
LBY,DEU,123.152
VNM,DNK,122.756
OMN,HUN,122.466
ARE,AGO,122.359
KOR,MDV,122.325
DEU,JOR,122.092
COD,USA,121.862
ITA,URY,121.814
TUR,AUT,121.676
ESP,AGO,121.467
NOR,AGO,121.462
KOR,JOR,121.448
ISR,SLV,121.387
FIN,GTM,121.19
KAZ,LTU,121.082
NLD,DZA,121.003
UGA,TZA,120.997
TUR,BRA,120.979
NOR,VNM,120.776
MDA,ROU,120.658
LUX,ESP,120.342
JOR,NLD,120.194
CZE,MDG,120.063
AUS,COL,119.715
ROU,UZB,119.699
THA,QAT,119.682
NLD,TZA,119.617
CAN,PAK,119.561
IRN,MYS,119.445
NLD,BEN,119.408
FRA,COM,118.965
TUV,CZE,118.727
ESP,SLV,118.58
AUT,SMR,118.559
CMR,SGP,118.467
DEU,PAN,118.422
LKA,MEX,118.321
FRA,ISL,118.259
POL,UZB,118.142
USA,CYP,118.062
AUT,GIN,117.483
DEU,KGZ,117.438
USA,BIH,117.388
AUS,LKA,117.245
KEN,LTU,117.24
GEO,CZE,117.186
TWN,KGZ,117.056
IDN,DOM,116.803
NAM,USA,116.601
AFG,CHE,116.589
NZL,NOR,116.575
DEU,AGO,116.397
CHE,GRC,116.176
BRA,BOL,116.131
DNK,ERI,115.974
AUT,NZL,115.739
BRA,PRY,115.735
GBR,BRN,115.729
CAN,BGR,115.726
CIV,BEN,115.655
AUS,TON,115.45
UKR,MEX,115.386
ESP,KEN,115.239
UZB,JPN,115.171
NZL,SAU,115.129
IND,LUX,114.941
GBR,BHR,114.814
SAU,HKG,114.674
NLD,CRI,114.59
BWA,LTU,114.582
MKD,POL,114.418
ARG,USA,114.343
AUT,PAK,114.138
SVK,ALB,114.115
ALB,SEN,113.9
FRA,CYP,113.701
ESP,NZL,113.611
SLV,KOR,113.59
PRT,FIN,113.431
IDN,BGR,113.317
MKD,ROU,113.189
SVK,PRT,113.158
TUR,DNK,113.128
DNK,KEN,113.109
NOR,HUN,112.782
LBN,KEN,112.75
RUS,AZE,112.67
ITA,BGD,112.491
TWN,CYM,112.459
JPN,MLI,112.396
IND,QAT,112.368
ZAF,ISR,112.276
FRA,KEN,112.274
HRV,ROU,112.199
DEU,BHS,111.945
USA,HTI,111.939
SRB,KOR,111.91
TUR,EST,111.735
TWN,LBN,111.675
EST,ZAF,111.639
NAM,MUS,111.42
JPN,MDA,111.349
CAN,GTM,111.303
ESP,CMR,110.758
EGY,IND,110.636
RUS,UZB,110.563
CHL,IND,110.558
CHE,ARG,110.355
IND,BGR,110.355
NOR,ISR,110.069
USA,DMA,110.012
ISR,CMR,110.0
NLD,MDG,109.976
TUR,JOR,109.964
ZAF,ROU,109.92
MAR,KGZ,109.816
CHL,MYS,109.75
MWI,MAR,109.69
MNE,BGR,109.661
MOZ,FRA,109.47
NIC,BEL,109.407
HRV,PHL,109.37
THA,LVA,109.258
MKD,UKR,109.07
ARE,BEL,109.039
POL,KAZ,108.956
FRA,KNA,108.931
SYC,AUT,108.871
EGY,NLD,108.829
TUN,IDN,108.813
COD,AUT,108.784
SVK,EGY,108.749
RWA,DEU,108.502
MYS,UZB,108.433
TZA,BEL,107.852
USA,VGB,107.757
AUT,LBY,107.515
DEU,CMR,107.381
IND,YEM,107.359
UGA,SGP,107.035
VNM,MNE,106.995
CAN,LVA,106.921
ROU,PHL,106.879
URY,NLD,106.777
ESP,HND,106.73
HUN,UZB,106.572
EGY,RUS,106.525
AUT,GHA,106.508
HUN,ALB,106.324
COL,ESP,106.247
CRI,ITA,106.035
THA,KWT,106.018
ZAF,NOR,105.975
SVK,SAU,105.864
HUN,MLT,105.627
CZE,AZE,105.313
SAU,AFG,105.15
KEN,NLD,105.069
CZE,CYP,104.828
MDA,DEU,104.629
GEO,JPN,104.627
FRA,MDV,104.516
DEU,RUS,104.515
PAN,PER,104.229
IRN,CAN,104.085
BEL,KAZ,104.013
ISR,SEN,104.0
TUR,JAM,103.996
CHL,KOR,103.877
CHE,GEO,103.809
CRI,FIN,103.731
CZE,NZL,103.466
KOR,GTM,103.438
LVA,ISL,103.412
UKR,CHN,103.311
VNM,LBN,103.295
HND,MEX,103.28
SVK,CHL,103.193
USA,COD,103.133
MEX,LTU,103.052
SVK,BGR,103.035
SVK,KGZ,102.934
NAM,SGP,102.577
BIH,ITA,102.51
LUX,SVK,102.431
CYM,BRA,102.241
JPN,AZE,102.042
MYS,GHA,102.038
HRV,TWN,101.894
KHM,PHL,101.679
FRA,MOZ,101.545
SVN,NGA,101.54
ZAF,RWA,101.295
DOM,GBR,101.29
USA,VCT,101.223
AUT,EGY,101.042
ITA,GEO,100.902
NOR,SAU,100.834
ARE,MWI,100.633
DOM,COL,100.625
HRV,UKR,100.48
TGO,COD,100.428
KOR,MDG,100.086
KOR,BLR,100.014
CAN,PRT,99.801
AUS,PER,99.76
POL,MLT,99.656
FRA,URY,99.514
BFA,DEU,99.428
SWE,PHL,99.399
MYS,BRN,99.115
CRI,UKR,98.998
CHN,SWZ,98.981
USA,GAB,98.746
SVK,COL,98.674
ESP,QAT,98.652
NOR,EGY,98.561
USA,FJI,98.505
TWN,GTM,98.411
TUR,MRT,98.404
USA,LBY,98.221
CHL,SAU,98.21
DEU,UZB,98.049
NAM,CZE,97.84
CHL,CHN,97.734
CRI,KAZ,97.722
NAM,ESP,97.437
IND,CRI,97.342
PAK,SEN,96.788
IND,MNE,96.585
FIN,GRC,96.569
IND,OMN,96.553
TUR,QAT,96.423
GBR,BOL,96.381
IRL,LVA,96.331
BEL,TGO,96.22
FIN,CZE,96.175
SLV,HND,96.134
SWZ,USA,95.955
FIN,OMN,95.872
SGP,KWT,95.776
ESP,KAZ,95.775
SVK,ZAF,95.749
MEX,QAT,95.582
GBR,UGA,95.547
USA,MMR,95.38
CHN,CYM,95.307
MAR,NGA,94.925
ITA,TCD,94.632
BRA,ARE,94.516
RWA,MYS,94.372
CZE,ARG,94.004
FRA,GMB,93.951
SLV,PAN,93.907
EST,PER,93.901
URY,TWN,93.799
ECU,MEX,93.759
ECU,MYS,93.754
ECU,ESP,93.705
PRY,USA,93.542
MMR,ITA,93.45
USA,KGZ,93.386
HRV,BEL,93.183
HRV,NOR,93.067
FRA,UZB,93.022
ITA,MNG,92.878
UZB,FRA,92.661
TWN,BHR,92.635
LKA,SWZ,92.478
SGP,IRN,92.477
DNK,IDN,92.447
AUS,CIV,92.413
CHE,DZA,92.413
KWT,MYS,92.034
IDN,COL,92.006
THA,GTM,91.876
MYS,BFA,91.811
NAM,AGO,91.803
LTU,UZB,91.77
LBN,NGA,91.758
MEX,BHR,91.674
ALB,USA,91.669
SPM,GBR,91.533
CHN,LSO,91.359
USA,ZWE,91.322
CAN,ECU,91.243
BEL,SEN,90.9
KOR,CYP,90.862
AZE,TUR,90.807
GBR,VCT,90.779
CRI,SWE,90.769
IND,DNK,90.764
ISL,USA,90.559
AUT,ARG,90.323
SVK,ISR,90.136
GRC,SVN,90.087
SGP,GRC,89.998
KHM,BGD,89.68
DEU,ZWE,89.628
ECU,LKA,89.416
FRA,OMN,89.412
TUN,ROU,89.349
IDN,HUN,89.217
TUR,TKM,89.217
TUR,PRT,89.204
TUR,ALB,89.146
BEL,KEN,89.129
IDN,SVK,89.062
CZE,CUB,89.059
BGR,ARM,89.057
NAM,GHA,88.986
TUR,COD,88.975
AUT,ECU,88.938
COL,AUT,88.875
ESP,GNQ,88.833
UZB,KGZ,88.766
ETH,DEU,88.728
TWN,PAN,88.643
NZL,CHE,88.573
IND,LTU,88.452
KOR,PER,88.372
NLD,ARM,88.282
CHN,KNA,88.274
ZAF,KOR,88.058
SWE,BGR,88.026
USA,GRD,87.912
SGP,BHS,87.784
ROU,IDN,87.753
BFA,TGO,87.641
LVA,AUS,87.612
SLV,CRI,87.539
SGP,PYF,87.498
TZA,KEN,87.484
IRN,DEU,87.352
HUN,ARG,87.153
PRT,TUR,87.017
CHL,DEU,86.959
POL,TUN,86.936
BEL,DZA,86.722
NLD,TTO,86.721
NLD,MUS,86.692
URY,FRA,86.653
ARE,SYC,86.432
ISR,CYP,86.368
DEU,MDV,86.358
CAN,HUN,86.278
TUN,AUT,86.241
MDG,IND,86.209
SVN,CAN,86.176
NLD,PSE,86.144
AUT,IRQ,86.087
TWN,DOM,86.01
NZL,COK,85.917
LTU,TUN,85.868
NLD,CMR,85.823
EST,SVK,85.759
SVK,AUS,85.636
HUN,LTU,85.567
SEN,NLD,85.324
SGP,SLV,85.225
KEN,THA,85.214
AUS,TZA,85.196
FIN,UKR,85.137
AUS,SLV,85.128
MUS,MYS,84.942
IND,MAC,84.922
HRV,DOM,84.853
TZA,NLD,84.842
CHE,DOM,84.802
MDA,PAK,84.634
DEU,SLE,84.401
USA,TCD,84.348
AUS,QAT,84.216
ITA,AGO,84.101
ISR,BFA,84.098
CIV,MLI,83.858
ROU,GHA,83.471
TUN,HUN,83.327
CAN,CYP,83.31
SWZ,CHE,83.305
SAU,PAK,83.3
DEU,LAO,83.204
MYS,NAM,83.069
HRV,ESP,82.997
TWN,BIH,82.507
MRT,CHN,82.463
LVA,BGR,82.402
ESP,KGZ,82.122
DEU,KHM,81.862
JPN,MMR,81.762
SVK,IRL,81.72
POL,QAT,81.671
DNK,MDG,81.663
SVK,PHL,81.54
MYS,ARM,81.528
CRI,QAT,81.398
CYM,GUY,81.178
HRV,CAN,81.168
LBN,DJI,81.085
USA,MDA,81.079
GBR,PAN,80.908
PSE,DEU,80.79
HKG,HRV,80.694
PRT,MAR,80.678
ESP,MDA,80.575
IND,SRB,80.512
GRC,CHN,80.509
NCL,USA,80.462
BEL,CMR,80.456
AUT,SOM,80.191
DOM,CRI,80.177
LKA,AUS,80.16
POL,MKD,79.888
SGP,RUS,79.785
GBR,TGO,79.777
COL,VEN,79.68
NGA,BFA,79.584
ZAF,CIV,79.536
SWE,ISL,79.502
ARM,CUW,79.215
AUT,LUX,79.093
JPN,URY,79.071
CIV,USA,79.047
GRC,PRT,79.037
IDN,ROU,78.9
AUT,IRN,78.783
SWZ,KOR,78.677
PAK,USA,78.501
ITA,MOZ,78.417
NCL,CZE,78.307
SGP,MNG,78.139
SYC,BRA,78.048
CAN,BHS,77.955
QAT,HKG,77.796
GTM,DOM,77.734
DNK,ZMB,77.425
KOR,SLB,77.271
IRL,HRV,77.159
CYP,LBN,77.09
LVA,GRC,77.026
ESP,OMN,77.006
HUN,CHL,77.001
ARE,UGA,76.905
ZAF,SHN,76.771
MDA,UKR,76.677
AUT,DZA,76.662
IDN,SAU,76.435
CRI,PER,76.37
IND,MLI,76.221
MAR,CMR,76.127
NZL,SWE,76.087
JPN,CIV,76.055
PRY,SGP,75.956
CRI,EGY,75.932
SVN,BRA,75.932
TUR,SVN,75.805
NLD,ZWE,75.789
ARG,CHL,75.735
BEL,CHL,75.709
JPN,BOL,75.509
HUN,BFA,75.479
KOR,NIC,75.431
AFG,CAN,75.381
CAN,EST,75.337
CHE,ECU,75.226
ITA,ARM,75.18
NLD,COG,75.143
UKR,ITA,75.133
DNK,EGY,74.969
UKR,PER,74.847
BRA,ZAF,74.822
DEU,NER,74.727
DEU,ETH,74.647
HUN,LUX,74.623
CYP,AUT,74.596
ESP,CIV,74.495
MMR,MEX,74.48
UKR,ISR,74.286
SWE,MAR,74.26
BHR,DEU,74.226
BEL,BIH,74.068
TUR,SWE,73.903
SRB,LTU,73.789
PAK,CHN,73.669
SGP,NPL,73.659
TWN,UZB,73.565
ITA,MMR,73.563
PAK,BRA,73.558
DOM,HTI,73.518
NAM,IND,73.462
MEX,HND,73.285
TWN,ECU,73.255
ITA,BHR,73.201
CZE,KWT,73.061
LVA,TWN,72.979
SWE,SAU,72.892
TUV,BEL,72.725
TUR,TZA,72.659
KAZ,KGZ,72.652
BRA,SAU,72.525
ZAF,MRT,72.417
CZE,MNE,72.358
MRT,USA,71.986
AUT,ISL,71.906
ALB,MAR,71.88
BRA,MAR,71.864
AUS,GHA,71.821
ZAF,GIN,71.698
DEU,CUB,71.537
USA,FSM,71.52
EST,TUR,71.483
HKG,MMR,71.464
MEX,MDA,71.441
ZAF,BEN,71.272
GBR,MKD,70.96
LBN,ARE,70.936
ITA,UGA,70.923
GBR,GIB,70.82
BFA,CIV,70.786
DNK,GNB,70.771
SVK,LVA,70.745
AUT,ALB,70.469
HKG,PNG,70.381
MLT,SAU,70.207
TUN,CAN,70.201
ESP,LKA,70.195
TUR,IRL,70.181
MLI,CAN,69.978
HND,NIC,69.8
DEU,MMR,69.713
ZAF,GMB,69.707
BEN,FRA,69.686
SLE,FRA,69.659
PRT,TZA,69.619
BEL,GIN,69.557
CZE,LKA,69.543
LBN,CIV,69.507
ZAF,ETH,69.447
SVN,MLT,69.402
LBN,GMB,69.372
FIN,COL,69.128
FRA,CRI,69.07
HND,JPN,69.022
PAN,SWE,68.984
ISR,LTU,68.972
AUT,UGA,68.916
SVN,AUS,68.844
ESP,IRQ,68.669
SVN,MKD,68.624
GBR,AZE,68.617
KGZ,USA,68.555
CZE,IDN,68.548
KOR,KGZ,68.542
GRC,MAR,68.521
FIN,TZA,68.487
GRC,IRL,68.407
EST,ESP,68.385
USA,CUB,68.324
AUT,KHM,68.315
ZAF,MEX,68.25
DOM,JAM,68.177
UZB,LTU,67.994
NOR,GRC,67.968
IND,SLE,67.957
NCL,AUS,67.829
TUR,CIV,67.828
MLT,TUN,67.7
NAM,TWN,67.693
TUR,KWT,67.592
CHE,GTM,67.532
CHE,UZB,67.467
BRA,SWE,67.266
NOR,GUY,67.194
LBN,GIN,67.121
BEL,KGZ,67.073
ITA,GHA,67.015
CAN,PAN,66.984
PRT,TGO,66.973
TKL,ZAF,66.86
NOR,MEX,66.84
AUT,KGZ,66.837
UGA,NLD,66.719
DNK,TUN,66.707
FRA,PER,66.625
CZE,MLT,66.554
CHE,SEN,66.312
CYP,HKG,66.266
EST,PRY,66.132
ESP,ATG,66.127
ARE,SWE,65.861
FRA,BHR,65.817
NOR,QAT,65.74
LTU,MYS,65.7
DEU,BRB,65.608
QAT,DEU,65.593
HRV,FIN,65.56
SRB,KWT,65.439
HRV,KOR,65.308
GRC,LVA,65.137
ITA,BOL,65.02
GBR,GRD,64.79
TUR,MUS,64.771
CYP,EST,64.681
ROU,ALB,64.439
CRI,NIC,64.371
CHE,BFA,64.328
DOM,NZL,64.326
SLV,GBR,64.3
LVA,IND,64.226
TWN,TJK,64.173
FRA,SLE,64.155
ISR,MKD,63.979
CRI,AZE,63.905
LUX,USA,63.862
CHE,BEN,63.849
GBR,JOR,63.71
DNK,QAT,63.685
MAC,POL,63.588
JPN,BIH,63.546
MAR,CIV,63.434
MAC,DEU,63.398
NLD,CPV,63.289
UZB,DEU,63.273
ARE,LKA,63.202
EGY,ITA,63.169
IND,GRC,63.147
LBN,GAB,63.084
DEU,GMB,63.048
USA,ZMB,63.028
FIN,HND,62.913
MAC,THA,62.902
POL,BIH,62.813
DNK,COD,62.769
IRN,CHN,62.756
SRB,CHE,62.733
GRC,KOR,62.661
SWE,JOR,62.645
USA,PNG,62.609
DMA,SGP,62.577
AUS,NIU,62.55
LBN,CAN,62.521
ITA,AZE,62.505
ROU,PER,62.505
LUX,CZE,62.476
AUS,FIN,62.37
GBR,GUY,62.336
NIC,IRL,62.335
THA,AZE,62.121
MAR,ARG,62.118
ROU,DZA,62.023
DNK,URY,62.017
KOR,QAT,61.945
NLD,NIC,61.943
ECU,GTM,61.899
DNK,COG,61.868
USA,LAO,61.809
NGA,ARE,61.701
CZE,LBY,61.674
MEX,MLT,61.623
POL,NZL,61.558
ZAF,TWN,61.385
SGP,CIV,61.363
SVN,KAZ,61.317
NLD,BHR,61.293
SGP,GAB,61.245
LTU,SVK,61.199
DEU,BOL,61.183
ITA,YEM,61.092
TCA,USA,61.07
MKD,HUN,61.048
IRN,IND,61.02
ROU,TUN,61.004
SYR,CHN,61.0
ISR,UGA,60.915
SWE,PAK,60.914
ZAF,PNG,60.839
NER,NGA,60.81
LKA,ITA,60.73
SLV,EGY,60.634
LTU,KAZ,60.53
UGA,ZMB,60.47
BEL,KHM,60.446
LVA,HUN,60.417
TUR,GIN,60.399
COL,BRA,60.308
SVN,MDA,60.269
GBR,BLR,60.134
ESP,PRY,60.081
PRT,DNK,60.012
UZB,AUT,59.755
QAT,GBR,59.722
FIN,DOM,59.721
SEN,BRA,59.693
TUV,PRT,59.654
LVA,QAT,59.61
UZB,TUR,59.6
SGP,GUY,59.548
TWN,COD,59.314
MAR,NOR,59.243
HUN,BIH,59.22
MYS,MMR,59.216
AUT,UZB,59.079
KEN,ZWE,59.015
TUR,PSE,59.011
SVN,COL,58.734
IND,GTM,58.653
ZAF,BFA,58.537
KGZ,BEL,58.487
GRC,HKG,58.483
PAN,AUT,58.416
CYM,THA,58.407
NLD,ATF,58.374
ECU,PER,58.361
COL,SGP,58.263
UKR,ESP,58.215
DOM,DEU,58.214
NLD,BLZ,58.204
ROU,NZL,58.188
ITA,BEN,58.185
IDN,NOR,58.15
JOR,ISR,58.0
USA,MSR,57.995
FRA,VGB,57.981
JPN,NIC,57.946
IND,GHA,57.894
GEO,TWN,57.787
HRV,JPN,57.775
TUN,EGY,57.669
CHE,BIH,57.631
KOR,AZE,57.616
SRB,BRA,57.583
SVN,BFA,57.574
HRV,MAR,57.492
SWE,TUN,57.475
CZE,TZA,57.431
IND,GMB,57.349
ITA,MUS,57.229
IDN,SLB,57.212
POL,CYP,57.2
MAR,PRT,57.193
ETH,SGP,57.157
GUY,TTO,57.148
COD,THA,57.07
JPN,BHR,56.99
CAN,OMN,56.773
SLV,NGA,56.7
BEL,COG,56.619
JPN,QAT,56.429
THA,BGD,56.417
TUR,HRV,56.404
ESP,MWI,56.308
HKG,VEN,56.213
KEN,ETH,56.133
LUX,IRL,56.073
EST,TWN,55.98
SAU,YEM,55.942
THA,PER,55.924
GRC,SYC,55.85
HKG,CYM,55.848
CRI,NOR,55.691
JPN,BFA,55.681
SVK,LUX,55.645
BRA,PHL,55.321
CHE,KEN,55.306
NLD,CIV,55.258
TUR,AGO,55.229
ESP,BWA,55.182
MAR,TGO,55.131
URY,DEU,55.129
SEN,THA,55.108
CYP,PRT,55.102
NAM,GBR,55.072
SLE,BEL,55.069
JPN,PRY,55.031
CHE,NIC,55.008
MUS,SGP,54.995
GBR,MDA,54.948
NLD,JAM,54.846
FJI,KIR,54.777
ITA,NIC,54.585
BEL,NER,54.397
SLE,USA,54.389
SAU,KOR,54.371
MUS,ZMB,54.216
CHL,ITA,54.21
PRY,BRA,54.156
PER,ECU,53.954
CMR,DEU,53.934
VNM,MDG,53.921
UGA,KEN,53.876
ZAF,SVN,53.862
NOR,PER,53.858
ARE,ZAF,53.808
ITA,LBY,53.753
UZB,TJK,53.749
PAK,JOR,53.691
SGP,FJI,53.632
POL,MNG,53.62
AUT,SSD,53.576
KOR,AFG,53.549
NZL,ROU,53.533
CRI,CHL,53.491
FRA,VCT,53.462
NLD,NPL,53.416
CZE,JOR,53.345
COL,SLV,53.336
KAZ,FRA,53.256
LKA,CAN,53.199
DNK,LAO,53.194
SRB,FIN,53.098
DEU,TTO,52.937
MYS,BWA,52.864
CZE,URY,52.818
GTM,HND,52.644
CAN,KEN,52.604
THA,CIV,52.583
VNM,LKA,52.564
AUT,DOM,52.403
MYS,BGD,52.37
NLD,KEN,52.354
CRI,SLV,52.329
LVA,NPL,52.302
ITA,LBN,52.292
KGZ,UZB,52.291
LKA,CZE,52.174
TUR,MEX,52.166
ZAF,OMN,52.003
BGR,ARG,51.907
ZAF,BRA,51.905
NOR,NZL,51.821
SWE,KWT,51.732
IRQ,NLD,51.664
PAN,CHL,51.653
MUS,MDG,51.557
NLD,KGZ,51.427
DEU,NIC,51.398
SGP,OMN,51.359
MWI,CHE,51.249
HKG,GUY,51.191
HRV,SVK,51.152
ARE,CIV,51.124
ITA,MNE,51.026
VNM,KEN,51.025
ITA,TGO,50.985
TUN,BFA,50.782
NLD,BRN,50.748
FIN,MAR,50.734
MKD,MEX,50.665
LUX,HKG,50.65
MLT,FIN,50.603
ROU,HRV,50.519
FIN,KWT,50.403
NLD,TJK,50.398
KEN,SEN,50.368
LUX,DNK,50.343
GBR,FLK,50.341
USA,MHL,50.294
JPN,TGO,50.286
ARE,ZMB,50.281
DNK,GEO,50.175
ESP,BFA,50.158
CYP,ESP,50.129
NLD,GIN,50.125
ZAF,HUN,50.054
CYM,USA,49.886
KHM,HUN,49.847
GBR,ALB,49.544
CRI,TUN,49.529
CHL,ZAF,49.499
NOR,BGR,49.415
SAU,IND,49.345
NLD,PAN,49.34
TUN,EST,49.338
ISR,ARM,49.332
PHL,HRV,49.322
JPN,KEN,49.271
FRA,KGZ,49.259
FRA,LBY,49.225
CHE,CIV,49.206
ISR,MAR,49.175
HRV,SAU,49.149
NOR,NAM,49.108
PRT,CHL,49.058
ESP,BHR,49.017
CAN,CUW,49.014
KOR,FJI,49.008
TWN,CIV,48.975
BOL,GBR,48.784
EGY,SVN,48.671
SWE,OMN,48.639
ALB,NLD,48.621
DEU,TKM,48.284
POL,KGZ,48.167
WSM,BRA,48.057
NLD,ECU,48.035
BIH,ISR,48.0
TLS,USA,47.969
LUX,BOL,47.862
NLD,COD,47.848
IND,MWI,47.784
NLD,PRY,47.741
IND,ECU,47.7
NOR,CYP,47.682
ESP,COD,47.68
LBN,NLD,47.585
AUS,BFA,47.554
SLV,USA,47.53
HRV,BRA,47.488
LVA,ISR,47.477
TWN,JAM,47.413
PAN,URY,47.207
CHE,MAC,47.119
CZE,PER,47.111
HKG,MDA,47.029
GBR,SHN,46.928
TLS,SGP,46.906
HND,SLV,46.824
NLD,CUB,46.822
FRA,AZE,46.81
MNE,DEU,46.81
CMR,POL,46.806
ECU,CHL,46.737
BEL,SLV,46.721
NLD,SOM,46.67
DNK,KAZ,46.633
ROU,KWT,46.618
NLD,NAM,46.507
DEU,CUW,46.506
MWI,IND,46.39
KAZ,AZE,46.369
NLD,BHS,46.258
UZB,USA,46.214
IRL,VNM,46.199
NLD,AGO,46.192
NAM,CHN,46.067
BEL,GHA,46.004
DNK,MAR,45.879
FRA,KWT,45.857
PAN,ARG,45.747
FIN,DZA,45.742
ISR,MWI,45.541
LTU,IRL,45.472
GRC,AUT,45.465
SWE,HND,45.444
LUX,SLV,45.408
NAM,BDI,45.39
BEL,ALB,45.276
ROU,CYP,45.255
SEN,GBR,45.196
PNG,NLD,45.188
KEN,MOZ,45.066
DEU,BLZ,44.919
PAK,GBR,44.892
NOR,AUT,44.885
SVN,SAU,44.869
TWN,AFG,44.797
THA,MDG,44.713
PAK,SGP,44.703
LKA,PHL,44.699
PRK,BGR,44.658
ESP,YEM,44.637
IRL,UZB,44.632
IND,MLT,44.591
UZB,LKA,44.56
AUS,TUN,44.51
GRC,MLT,44.485
ROU,QAT,44.485
UZB,ESP,44.385
LUX,PRT,44.363
LBN,GBR,44.362
CHN,WLF,44.33
TZA,COD,44.281
DNK,HRV,44.256
LTU,PRT,44.255
FRA,SLV,44.253
BEL,GTM,44.172
CHN,PLW,44.154
CRI,PAK,44.146
CZE,GEO,44.108
NZL,UKR,44.053
CHE,TTO,44.05
IND,NER,44.039
MEX,BLZ,44.017
VNM,ALB,43.953
THA,KAZ,43.937
IRL,SRB,43.924
HND,SGP,43.889
PLW,BEL,43.879
IRL,CHL,43.84
THA,KEN,43.784
ESP,GEO,43.731
CAN,MNG,43.727
MDA,TWN,43.727
CRI,DOM,43.718
PHL,ISL,43.692
BRA,IRL,43.689
SRB,ISR,43.559
FIN,CRI,43.511
BIH,HRV,43.48
SWE,QAT,43.429
DNK,CRI,43.428
CHL,COL,43.412
ZAF,SYC,43.375
SRB,NZL,43.349
ZAF,TUR,43.292
LUX,SAU,43.233
UKR,KOR,43.232
ZMB,KEN,43.229
CAN,GRC,43.118
FIN,ARG,43.064
PER,ARG,43.034
CYP,ISR,42.938
PHL,LBN,42.92
NZL,CHL,42.904
DOM,TWN,42.896
GRC,CAN,42.893
SWE,MKD,42.873
URY,JPN,42.87
IND,MDG,42.856
EGY,VNM,42.833
SAU,EST,42.773
IDN,PER,42.738
NOR,NGA,42.718
CYM,AUT,42.714
AUT,KEN,42.691
LTU,SAU,42.666
SVK,ARG,42.646
TUR,LBY,42.637
EST,SVN,42.622
GHA,BEL,42.541
VNM,CRI,42.51
GBR,ZMB,42.471
EGY,MYS,42.433
EGY,TUN,42.41
LUX,FIN,42.325
ISR,ARG,42.305
PER,CAN,42.258
AUS,CCK,42.199
UKR,DEU,42.156
VNM,AZE,42.151
ROU,LVA,42.127
AFG,POL,42.084
GTM,NIC,42.075
CAN,CIV,42.068
LUX,HUN,42.068
VNM,DOM,42.045
ASM,SGP,42.002
IDN,NGA,41.98
ROU,PAK,41.792
THA,SLV,41.753
ESP,ISL,41.751
MLT,AUS,41.728
LVA,THA,41.722
MDG,FRA,41.631
GBR,BIH,41.63
HND,GTM,41.607
FRA,ATF,41.539
CUB,NLD,41.396
AZE,NLD,41.346
AUT,MDA,41.307
MLI,ROU,41.28
USA,MUS,41.193
GRC,TUN,41.19
TTO,NLD,41.141
BRA,ROU,41.075
NLD,ZMB,41.06
PRK,THA,41.018
ARG,FRA,40.999
ISR,PAN,40.927
BGR,LVA,40.911
MYS,CAF,40.837
HRV,LKA,40.726
NZL,GRC,40.718
ARM,GEO,40.629
LTU,BGR,40.629
NLD,LCA,40.589
SGP,MDA,40.533
TZA,NGA,40.523
CRI,DNK,40.502
ARM,ITA,40.484
BEL,BRN,40.424
MMR,CHE,40.381
IDN,MAR,40.324
GBR,NPL,40.298
MKD,NLD,40.267
AUS,CXR,40.227
AUS,IRL,40.202
DOM,CYM,40.169
PHL,SYR,40.021
TZA,ARE,40.0
BRA,VEN,39.971
BRA,HND,39.928
FIN,KAZ,39.897
CZE,NAM,39.892
TUN,CHE,39.868
TUR,FIN,39.816
LKA,AUT,39.784
IRL,MAC,39.767
SAU,MLT,39.767
CAN,TZA,39.708
GEO,AZE,39.685
FRA,CAF,39.67
LUX,SWE,39.666
DOM,FRA,39.652
EGY,MLT,39.644
RUS,IRL,39.634
BGR,CYP,39.555
CHE,HND,39.539
KEN,COD,39.532
NOR,CIV,39.471
ROU,VNM,39.47
TUN,BRA,39.461
NIC,SWE,39.394
DNK,AZE,39.325
DEU,ZMB,39.282
DNK,LBN,39.19
USA,SLE,39.135
ARE,BRA,39.115
IND,MMR,39.112
COD,DEU,39.097
NOR,COL,39.088
USA,BRN,39.084
HKG,SLB,39.076
AUT,KWT,39.068
SRB,KAZ,39.035
NAM,MWI,38.985
PRT,MRT,38.878
NZL,WSM,38.87
GBR,ZWE,38.865
TZA,BDI,38.86
ISR,AGO,38.834
SEN,AGO,38.821
LBN,IDN,38.777
GRC,CZE,38.706
CHE,KHM,38.698
GBR,GMB,38.688
CYP,CHL,38.645
ISR,AZE,38.595
SLV,JPN,38.581
PAK,SAU,38.559
LUX,CHN,38.558
IDN,DNK,38.531
KOR,ISL,38.499
TUR,LVA,38.426
ESP,SLE,38.405
CYP,SVN,38.403
PHL,SLV,38.214
GRC,EGY,38.182
DNK,SSD,38.11
TUR,KEN,38.092
HRV,MNE,38.077
DEU,DJI,38.069
TUR,COG,38.034
NOR,AZE,37.924
TUR,AUS,37.851
COL,NLD,37.832
PHL,BIH,37.759
TUR,BIH,37.755
ZAF,FIN,37.745
PRT,SVN,37.694
CAN,ISL,37.689
MAR,SWE,37.663
ITA,ZWE,37.549
IND,TUN,37.543
DEU,MUS,37.537
TWN,CYP,37.459
UKR,BEL,37.404
MMR,AUT,37.329
EGY,GBR,37.316
ROU,BHR,37.23
CMR,FRA,37.153
BRA,CRI,37.149
MLT,NZL,37.143
CAN,DOM,37.139
ARG,NIC,37.069
POL,MNE,37.066
NLD,URY,36.948
LBN,GHA,36.901
AUS,SWE,36.813
SWE,BGD,36.811
AUS,NOR,36.785
SWZ,SGP,36.78
EGY,KWT,36.754
TWN,VGB,36.729
ISR,LKA,36.68
UZB,CHN,36.63
BEL,AFG,36.624
TUR,CRI,36.602
CZE,NGA,36.599
CHN,TON,36.581
HUN,PER,36.579
MYS,AGO,36.405
KOR,BOL,36.398
BIH,CHE,36.39
SGP,CMR,36.328
KOR,PSE,36.32
QAT,SGP,36.296
GBR,LBN,36.27
EGY,DEU,36.258
MLI,IND,36.234
GEO,HUN,36.187
SAU,HUN,36.144
BHR,IRL,36.123
MAR,BFA,36.112
SAU,BHR,36.092
LTU,GRC,36.058
CZE,UGA,35.926
ISR,CIV,35.924
SAU,ZAF,35.92
AUT,ETH,35.915
DEU,MDG,35.911
MYS,HRV,35.903
EGY,JPN,35.88
ITA,PSE,35.794
CHE,AGO,35.792
ROU,ISL,35.765
ESP,GIN,35.759
MYS,SEN,35.755
LUX,IND,35.645
SWE,BFA,35.628
BEL,COL,35.622
THA,ARM,35.569
ESP,VEN,35.493
DOM,ETH,35.464
DOM,NGA,35.464
DOM,KEN,35.463
CZE,CIV,35.459
USA,GIN,35.454
ISR,NER,35.436
GBR,LCA,35.387
NZL,SLB,35.256
CYM,CHN,35.224
HKG,FJI,35.222
PRK,IND,35.21
TUR,VEN,35.197
HND,CHN,35.146
BEL,NCL,35.135
JAM,CHN,35.121
MKD,IND,35.04
PHL,KEN,35.03
SAU,AZE,35.0
EST,SAU,34.989
FIN,NGA,34.953
PRT,NZL,34.945
NZL,ECU,34.925
LBN,JOR,34.874
PRT,LUX,34.829
AUT,BHS,34.766
FIN,PAK,34.757
ESP,NIC,34.741
PHL,TKM,34.7
LTU,ARE,34.58
DNK,YEM,34.551
BLR,HKG,34.546
GRC,VNM,34.531
AUT,QAT,34.492
BEL,KWT,34.487
SLV,ARE,34.476
GBR,TTO,34.444
SWE,DZA,34.444
CAN,IRQ,34.427
SLE,IDN,34.4
CHE,BHR,34.39
SEN,ARE,34.379
POL,PER,34.349
CIV,CZE,34.292
TUR,OMN,34.25
BRN,JPN,34.243
BIH,MNE,34.228
IRN,AUT,34.214
FRA,MNG,34.202
URY,ESP,34.195
BEL,NZL,34.157
ESP,KWT,34.118
IDN,LKA,34.089
SAU,QAT,33.991
HRV,MKD,33.959
ZAF,SLE,33.951
ZMB,LSO,33.92
TUN,TWN,33.895
FRA,GEO,33.889
IND,IRQ,33.735
NZL,VUT,33.664
FIN,TUN,33.659
LUX,MEX,33.653
ARM,GRC,33.639
SWE,PER,33.608
CAN,QAT,33.534
DEU,JAM,33.522
ZAF,LBR,33.506
KOR,LBR,33.48
NLD,SLV,33.424
KOR,ARM,33.387
HUN,QAT,33.382
LKA,MDV,33.366
HUN,KWT,33.365
CHE,SLV,33.351
PRT,LTU,33.338
SWE,SLV,33.145
BRA,TUN,33.134
ZAF,DNK,33.131
KEN,MDG,33.103
KOR,KEN,33.098
SWZ,ZAF,33.083
TTO,THA,33.08
GBR,MLI,33.011
ISR,RWA,33.0
CRI,PRY,32.994
UKR,SVK,32.976
BEL,STP,32.964
USA,MDG,32.921
FIN,NIC,32.865
MUS,IRL,32.859
CRI,HND,32.82
FRA,LAO,32.811
HUN,ARE,32.797
TUR,BGD,32.752
CHE,NPL,32.715
ARE,NOR,32.682
AUS,COK,32.619
EST,BEL,32.614
ITA,SOM,32.588
KEN,TUR,32.583
TUR,SEN,32.571
NZL,POL,32.546
PAN,GUY,32.509
ZAF,CPV,32.508
SLE,ECU,32.503
SRB,ZWE,32.487
NCL,BEL,32.471
EST,HRV,32.466
GBR,CMR,32.458
DEU,COG,32.449
RUS,USA,32.435
MUS,KOR,32.415
AUT,GEO,32.404
GBR,SLV,32.387
AUS,SEN,32.294
KNA,USA,32.284
LUX,MAR,32.252
CAN,NAM,32.243
DNK,TCD,32.183
HND,CRI,32.179
DEU,TCD,32.089
BGR,COL,32.066
VNM,PAN,32.021
ARM,RUS,31.999
HKG,CYP,31.99
HUN,KGZ,31.982
PRT,ZAF,31.978
ARE,MYS,31.924
MWI,ZAF,31.924
ATG,BGR,31.917
MEX,MKD,31.912
HRV,ALB,31.901
SVK,TUN,31.895
TJK,DEU,31.878
SRB,EST,31.811
ECU,COL,31.809
IRN,THA,31.795
NLD,MNE,31.779
AUT,JOR,31.678
NOR,IRL,31.66
PAK,DEU,31.615
MYS,NIC,31.587
TUN,FIN,31.578
AGO,BEL,31.529
MKD,HKG,31.521
AUS,ZMB,31.507
JPN,ZMB,31.475
CAN,HND,31.409
MLI,FRA,31.39
KOR,NPL,31.339
ISL,SWE,31.241
AND,DEU,31.217
KWT,NLD,31.182
EGY,GEO,31.155
DNK,FJI,31.105
BRA,AUT,31.026
TZA,SGP,31.025
IND,VUT,31.0
PER,HKG,30.942
ITA,MWI,30.935
SGP,AND,30.935
GBR,FJI,30.826
IOT,GBR,30.773
ARM,KOR,30.751
DEU,NPL,30.716
SLV,TWN,30.715
HKG,AZE,30.645
MDG,MWI,30.613
AUT,MLT,30.585
CHE,TGO,30.546
DNK,JOR,30.541
KOR,GUM,30.516
CHE,PRY,30.401
MEX,URY,30.368
EGY,ECU,30.303
FRA,BOL,30.277
USA,RUS,30.277
CYM,AUS,30.274
GRC,BHS,30.25
MYS,FJI,30.25
EGY,ARG,30.248
VUT,AUS,30.245
ARG,GBR,30.244
ARG,FIN,30.242
DNK,CIV,30.061
SWZ,MEX,29.989
THA,OMN,29.98
TUN,COL,29.948
MNE,MKD,29.91
CYP,CAN,29.89
CRI,LBN,29.819
NOR,PHL,29.818
SVN,LUX,29.797
FRA,GNQ,29.792
MMR,GBR,29.785
UKR,CHE,29.719
SEN,CPV,29.705
GBR,GEO,29.692
WSM,AUS,29.692
KOR,BFA,29.659
IND,MUS,29.628
TWN,MNG,29.594
ALB,NGA,29.519
HRV,ISR,29.517
ZAF,VGB,29.506
AUS,KAZ,29.5
ZAF,COM,29.488
KEN,SOM,29.474
UZB,THA,29.421
TWN,BOL,29.38
MDA,NLD,29.379
ROU,IRL,29.332
GBR,ECU,29.286
EGY,DZA,29.195
IDN,ISR,29.0
PNG,DEU,28.991
DOM,CZE,28.935
GBR,MWI,28.885
HKG,BEN,28.864
MYS,ZWE,28.759
PRY,MYS,28.751
GBR,BFA,28.743
FIN,SEN,28.68
AUS,MLI,28.672
HUN,GEO,28.668
NOR,PRT,28.658
BEL,JOR,28.654
AUT,BHR,28.645
SVN,MAR,28.635
MYS,MDG,28.631
ISL,SVK,28.618
CZE,UZB,28.506
PHL,FSM,28.506
IND,AGO,28.501
NOR,PAN,28.489
MAC,FRA,28.483
PRT,SEN,28.472
BRA,NGA,28.4
BLR,KAZ,28.373
MLI,DEU,28.348
MEX,LUX,28.334
AUS,GUM,28.243
DEU,MWI,28.202
MYS,MOZ,28.199
CHN,MSR,28.183
PRT,PAN,28.181
NPL,IND,28.164
IDN,RUS,28.091
GRC,KNA,28.088
CRI,PHL,28.086
SRB,IRN,28.029
GBR,MDG,28.027
CZE,MDV,28.012
ZAF,COG,27.983
CZE,HND,27.98
BFA,NGA,27.954
TUR,LBR,27.95
FRA,DOM,27.894
USA,BEN,27.878
TLS,SVN,27.871
GBR,BEN,27.866
KAZ,CHN,27.864
CAN,MDG,27.86
POL,GEO,27.856
ZAF,GUY,27.846
UKR,THA,27.823
NIC,GTM,27.768
ZMB,UGA,27.762
IRN,FRA,27.733
ESP,MKD,27.673
PYF,TWN,27.663
ROU,AZE,27.627
MHL,AUS,27.594
MYS,DZA,27.524
MMR,CAN,27.522
KGZ,CHN,27.519
CAN,MAR,27.436
MAC,SGP,27.409
DEU,TJK,27.371
BEL,LBN,27.359
PHL,NAM,27.343
MLI,GBR,27.336
SAU,KWT,27.332
ITA,PYF,27.329
NOR,CYM,27.3
IRL,KWT,27.281
POL,CRI,27.259
ARE,KWT,27.241
LKA,UKR,27.206
DNK,BHR,27.185
JPN,AGO,27.163
SVK,PER,26.991
CHE,CAF,26.966
ITA,PRY,26.916
USA,PYF,26.834
BOL,MEX,26.823
KGZ,LVA,26.793
ISL,GBR,26.742
ROU,LUX,26.725
DOM,ESP,26.708
EST,ISL,26.692
BGR,KGZ,26.69
GBR,JAM,26.689
KEN,SLE,26.687
ISR,KEN,26.685
DNK,SLE,26.661
HUN,HND,26.65
TUR,LKA,26.621
CHN,SMR,26.578
SWE,LUX,26.549
TTO,DEU,26.536
TUR,BHR,26.534
MWI,DEU,26.481
COD,SGP,26.448
ARE,PRY,26.429
SGP,AZE,26.428
GBR,IRN,26.402
LVA,MDV,26.26
MYS,MDV,26.231
MYS,TGO,26.227
ISL,NOR,26.212
ROU,NIC,26.194
IRL,BHR,26.161
BRA,DOM,26.153
JPN,OMN,26.109
ARG,CHN,26.096
TTO,BRB,26.075
SWE,LBN,26.05
IND,KAZ,26.018
AUS,ARG,25.925
FIN,PAN,25.916
AUT,BGD,25.913
SVN,ISL,25.912
CAN,KNA,25.895
CAN,GUY,25.87
BGR,ZAF,25.841
PRT,NGA,25.755
MMR,FRA,25.725
USA,CAF,25.719
NIC,JPN,25.712
ZAF,THA,25.693
ITA,KGZ,25.691
AND,ZAF,25.684
IRL,CYP,25.648
MEX,GRC,25.632
UGA,USA,25.599
FIN,NZL,25.597
SMR,ZAF,25.594
MYS,ALB,25.579
TON,AUS,25.571
LUX,SGP,25.566
SVK,NGA,25.507
CAN,LTU,25.484
BEL,GEO,25.443
SEN,GNB,25.426
LVA,CAN,25.401
QAT,LTU,25.385
DNK,MOZ,25.289
GRC,QAT,25.286
STP,CAN,25.286
TUR,SVK,25.268
MYS,GUM,25.187
NIU,KOR,25.143
SAU,ESP,25.108
BEL,ISL,25.019
IRL,MKD,25.013
ESP,NER,24.985
IND,BFA,24.927
FRA,SYC,24.853
DEU,YEM,24.846
AUT,SEN,24.803
ZWE,ZAF,24.771
MAR,SEN,24.755
DNK,TGO,24.715
SVN,PER,24.633
LUX,IDN,24.571
CMR,USA,24.522
KEN,SWE,24.509
LUX,PHL,24.509
NGA,HUN,24.469
MLT,MAC,24.414
ZMB,MWI,24.41
CHE,LBN,24.39
BGR,KWT,24.38
TWN,MUS,24.348
JPN,MDV,24.329
TUR,BFA,24.308
TWN,PRY,24.305
PAN,NOR,24.289
ARG,PER,24.283
MKD,SGP,24.265
NLD,BRB,24.199
CHL,EST,24.198
LUX,ARE,24.196
EST,THA,24.171
KOR,CIV,24.139
CAN,KWT,24.131
BEL,ETH,24.123
ESP,JAM,24.04
RUS,THA,24.024
ISR,GMB,24.0
TUN,ARG,23.996
ARE,MOZ,23.989
QAT,CZE,23.958
IND,PER,23.915
AUS,PRT,23.911
IDN,BEL,23.889
JPN,TZA,23.876
LBN,COG,23.868
SGP,AGO,23.83
BEL,UGA,23.819
GBR,HND,23.811
IRQ,TUR,23.759
BLR,BIH,23.756
EGY,BRA,23.75
MEX,CIV,23.733
LKA,SWE,23.707
SVK,MKD,23.673
CHN,TLS,23.653
ITA,SYC,23.643
BGD,CHN,23.639
MMR,POL,23.596
TUN,MYS,23.591
TWN,ZMB,23.59
GRC,CHE,23.575
IND,RWA,23.55
MAR,SAU,23.486
SAU,NGA,23.442
ESP,BGD,23.434
SWE,EGY,23.403
LBN,LBR,23.394
IRN,SEN,23.389
DNK,LBY,23.371
LVA,SVK,23.279
NZL,ZAF,23.241
UGA,COD,23.24
SGP,MOZ,23.229
AUT,TKM,23.172
NZL,PYF,23.169
TJK,KOR,23.145
KAZ,ITA,23.107
BEL,SYC,23.057
TUN,IND,23.041
MLI,THA,22.976
MYS,NCL,22.975
DOM,PRT,22.968
FRA,COD,22.949
FRA,BIH,22.901
NLD,GTM,22.894
ESP,BOL,22.879
GRL,ISL,22.873
GRC,TGO,22.856
DOM,NLD,22.795
BLR,UZB,22.774
ITA,TKM,22.742
TUN,MRT,22.74
NLD,MNG,22.7
KEN,MUS,22.671
BEL,QAT,22.649
CHE,IRN,22.648
MMR,USA,22.647
ESP,SOM,22.63
KWT,DEU,22.617
POL,CHL,22.59
CRI,TZA,22.589
FRA,PAK,22.529
IND,BOL,22.497
CAN,BHR,22.48
SVK,QAT,22.466
CAN,MOZ,22.465
PYF,FRA,22.439
HRV,BGR,22.432
ARG,THA,22.389
SWE,LBY,22.332
AUS,WSM,22.287
AUS,ROU,22.267
ISR,IDN,22.258
ZAF,PAK,22.25
YEM,SGP,22.249
KEN,KOR,22.243
LUX,EGY,22.215
SRB,SAU,22.196
THA,BRN,22.182
ROU,LKA,22.176
USA,CPV,22.162
PYF,IRL,22.15
SVK,HND,22.13
MEX,MAC,22.086
CRI,ECU,22.079
SWE,CYP,22.042
MAC,CZE,22.011
DNK,ATF,21.99
TUN,KOR,21.927
TUR,NOR,21.892
MEX,BOL,21.854
AND,CHE,21.832
HKG,MDG,21.808
LUX,BRA,21.799
LUX,KEN,21.785
MMR,ESP,21.759
FRA,IRQ,21.718
CUB,DEU,21.714
FIN,URY,21.699
BGR,IRQ,21.691
LTU,TUR,21.691
NGA,TGO,21.647
CRI,KWT,21.625
CHE,CMR,21.616
CHE,CUB,21.588
TWN,NPL,21.588
URY,COL,21.559
COL,NOR,21.542
UZB,AFG,21.538
KOR,BHR,21.534
NIC,SGP,21.51
SVN,MNE,21.505
BEL,CAF,21.495
UGA,RWA,21.47
ISR,TZA,21.465
KOR,BIH,21.458
CZE,ZWE,21.447
MKD,MYS,21.425
SRB,BEL,21.384
NGA,BEN,21.378
IDN,SLV,21.359
IND,AZE,21.327
PHL,ARM,21.283
ROU,CIV,21.28
BRN,MYS,21.264
ZAF,CHL,21.224
PER,PAN,21.194
GBR,NAM,21.177
MEX,AZE,21.166
DEU,CYM,21.121
ROU,KEN,21.12
SWE,BOL,21.117
POL,MLI,21.112
FIN,SVN,21.09
VNM,ISL,21.084
CAN,MDV,21.071
BGD,KEN,21.056
TUR,CHL,21.053
DEU,GRD,21.034
AUT,PRY,21.016
NZL,PAN,21.003
SGP,GUM,20.964
PRT,CRI,20.939
TUN,LBY,20.896
DEU,GNB,20.889
FJI,FSM,20.845
FJI,PLW,20.845
GRC,OMN,20.796
HUN,SLV,20.776
LVA,GEO,20.771
SLV,CHE,20.77
IND,IRN,20.752
BRA,AUS,20.745
SWZ,LKA,20.711
CMR,BEL,20.681
HUN,URY,20.654
DEU,RWA,20.582
SUR,USA,20.581
LUX,GRC,20.579
FIN,IRL,20.572
KGZ,TWN,20.556
IDN,MDG,20.555
BEL,ECU,20.55
IDN,SRB,20.545
MDA,TUR,20.539
MRT,GBR,20.486
NZL,FIN,20.478
PER,IRL,20.448
LTU,ZAF,20.414
BHS,USA,20.36
KAZ,USA,20.339
NER,DEU,20.321
NZL,IRL,20.273
ARE,MDG,20.257
TLS,DEU,20.076
LVA,IDN,20.059
IDN,PRT,20.008
CZE,DOM,20.007
ISR,MNG,20.0
MOZ,SVK,19.993
COG,IRL,19.988
HRV,MEX,19.981
SWE,ZMB,19.868
TUN,AUS,19.845
LUX,BGD,19.817
ISL,IRL,19.811
KOR,DJI,19.778
DNK,IRQ,19.727
NZL,DNK,19.707
RWA,CAN,19.699
IND,BIH,19.683
GBR,ARM,19.681
JAM,DEU,19.681
RUS,AUT,19.637
BRA,ISR,19.635
SRB,ARE,19.624
ITA,DJI,19.623
HUN,ISL,19.571
KOR,NAM,19.561
ISR,HND,19.553
JPN,UGA,19.473
IND,TGO,19.472
EGY,JOR,19.465
FIN,AGO,19.428
MYS,OMN,19.397
BEL,ZWE,19.395
BGR,LBN,19.392
ESP,JOR,19.39
USA,SWZ,19.359
BEL,BHR,19.34
MKD,IRL,19.34
MMR,CZE,19.305
LBN,SLE,19.281
LUX,PAK,19.277
JPN,PNG,19.258
MKD,HRV,19.251
POL,AGO,19.234
ESP,AZE,19.217
GBR,TKM,19.205
PYF,AUS,19.181
FRA,MDA,19.106
CZE,LBN,19.036
BRB,GBR,19.024
EST,AUS,19.002
AGO,DNK,18.959
SLE,GBR,18.941
NOR,JAM,18.928
PAN,PRY,18.912
BEL,PAN,18.906
HKG,UGA,18.861
IND,FJI,18.839
IRN,GBR,18.83
CZE,ISL,18.825
KOR,TZA,18.811
BGR,LKA,18.81
SVK,ISL,18.773
SVN,FIN,18.762
BEL,PYF,18.744
CAN,AGO,18.73
QAT,LVA,18.721
MKD,CZE,18.706
ROU,CHL,18.698
USA,NPL,18.672
MWI,FIN,18.622
AUS,SLE,18.62
ARM,CHE,18.61
GTM,BLZ,18.602
DNK,ARG,18.594
AND,ROU,18.573
FRA,SPM,18.543
CRI,KEN,18.537
AUS,ZWE,18.535
DOM,ZAF,18.532
HKG,SWZ,18.511
SLV,POL,18.49
CRI,BOL,18.458
TUN,TCD,18.451
MLT,KHM,18.44
CAN,UGA,18.43
MMR,MYS,18.384
CAN,MRT,18.373
ISR,ECU,18.32
BRA,NOR,18.289
PRT,DZA,18.274
SGP,KGZ,18.274
JPN,ARM,18.221
HKG,NER,18.169
MYS,MUS,18.164
KOR,URY,18.129
IRL,MAR,18.117
ESP,MUS,18.11
SVK,DOM,18.107
CMR,TWN,18.1
SSD,USA,18.066
FRA,GTM,18.059
FIN,COD,18.034
AUT,ARM,18.004
USA,MNE,17.988
LVA,NZL,17.955
HKG,BOL,17.952
NLD,GMB,17.952
IRL,AGO,17.921
SVN,LVA,17.912
NLD,LKA,17.911
EST,CHL,17.901
BGR,MNG,17.888
DNK,KWT,17.886
TUN,SAU,17.881
DNK,GTM,17.861
PER,POL,17.861
SGP,HRV,17.832
CHE,GUY,17.823
ITA,NAM,17.781
BRA,NIC,17.777
MAR,MDG,17.771
DNK,NER,17.766
MLT,CYP,17.763
ZAF,PER,17.728
IND,DZA,17.713
DEU,SDN,17.662
HRV,CYP,17.653
LKA,COL,17.652
BEL,MUS,17.643
CAN,SVN,17.604
KHM,AUS,17.591
SWE,TZA,17.559
SVN,ZAF,17.531
CAN,MLT,17.499
BGR,NZL,17.494
ARE,CAN,17.491
SVN,CRI,17.417
AGO,ESP,17.414
CAN,GRD,17.413
SGP,ASM,17.395
NZL,ESP,17.393
TWN,BLR,17.383
FRA,JAM,17.342
CYP,KOR,17.339
GIN,CIV,17.338
ZAF,POL,17.291
CRI,EST,17.286
SAU,ITA,17.279
ETH,SAU,17.278
GTM,CRI,17.276
LTU,KGZ,17.276
ZAF,AUT,17.267
BLZ,GBR,17.259
CAN,URY,17.259
CHL,NLD,17.23
NAM,THA,17.221
AUT,HND,17.215
DOM,BHS,17.213
FRA,HND,17.209
DEU,CAF,17.194
MEX,KEN,17.192
LUX,CHE,17.19
THA,BFA,17.188
MAC,CAN,17.178
ZAF,EGY,17.143
HUN,LBN,17.134
SVN,ARE,17.122
ESP,DZA,17.121
KOR,MLI,17.084
LTU,NZL,17.068
BRA,SRB,17.065
ROU,SLV,17.064
SGP,BIH,17.062
LUX,CYP,17.061
ESP,MDV,17.043
CRI,MAR,17.007
FRA,LBN,17.003
ISR,BWA,17.0
POL,BLR,16.97
GBR,BMU,16.948
KAZ,TWN,16.947
SVN,PAK,16.945
FIN,UGA,16.942
MMR,SWE,16.939
SWE,IRQ,16.939
LVA,MNE,16.915
LUX,AUS,16.895
NOR,THA,16.895
PRT,CIV,16.881
AUT,LBN,16.88
PAN,NIC,16.859
IND,ETH,16.846
BEL,MDG,16.836
SVK,AZE,16.825
NLD,PER,16.81
MDV,PHL,16.809
MEX,PAK,16.809
ITA,TTO,16.793
ZAF,BGR,16.757
TUN,LKA,16.673
CAN,MUS,16.646
CHE,TZA,16.643
BOL,USA,16.587
UZB,TWN,16.573
ZAF,KAZ,16.555
BEN,THA,16.496
TWN,MNE,16.492
ESP,BIH,16.465
TGO,GBR,16.46
AUS,EGY,16.425
LKA,THA,16.347
JPN,LBN,16.336
CYP,SAU,16.331
AUS,EST,16.265
IRL,NGA,16.255
JPN,MOZ,16.224
FRA,ARM,16.213
MMR,DNK,16.211
LTU,SUR,16.182
ROU,SEN,16.158
CHE,MRT,16.151
PER,ARE,16.142
ARE,BEN,16.109
ZAF,SSD,16.083
LBN,TZA,16.08
PRT,KAZ,16.071
TWN,SWZ,16.043
EST,NZL,16.018
EGY,BFA,16.013
EGY,ESP,16.013
MDV,USA,15.981
SWE,NPL,15.898
MRT,SVK,15.889
AUS,TLS,15.864
ITA,GRD,15.828
ROU,ARG,15.806
ISR,MDG,15.804
COL,POL,15.791
ROU,ARM,15.791
HKG,BHS,15.785
NZL,LAO,15.761
KEN,AGO,15.742
NOR,TUN,15.715
ZWE,MOZ,15.711
CZE,ZMB,15.701
FIN,HRV,15.695
HRV,CRI,15.661
IRL,CRI,15.647
ASM,TWN,15.638
AUS,NRU,15.605
POL,NCL,15.6
BGR,TZA,15.583
CHL,DOM,15.563
DEU,LCA,15.56
PRT,CMR,15.535
DNK,BIH,15.529
ITA,TJK,15.506
LUX,CAN,15.502
USA,COG,15.496
SAU,JOR,15.464
POL,AZE,15.463
BHR,USA,15.462
KOR,MDA,15.457
THA,KGZ,15.443
ITA,VEN,15.43
CRI,LTU,15.42
PAN,SLV,15.419
LKA,HKG,15.416
NZL,KAZ,15.414
CAN,PRY,15.398
HND,DOM,15.397
NOR,BRN,15.378
RUS,GEO,15.373
DNK,UGA,15.354
LBN,TGO,15.337
BGR,CRI,15.322
FRA,PAN,15.315
ESP,NAM,15.296
BGD,MYS,15.242
LVA,BRA,15.204
PER,DEU,15.171
BEL,GMB,15.162
SLV,NIC,15.162
BHR,EGY,15.155
ZAF,GNQ,15.153
HKG,SLV,15.122
BRA,AGO,15.091
SGP,SYC,15.067
DEU,BRN,15.038
ISL,DEU,15.031
ARE,POL,15.008
HKG,HND,15.005
LTU,SVN,15.001
GHA,ISR,15.0
ISR,GHA,15.0
JPN,NAM,14.997
FIN,ECU,14.986
SGP,BOL,14.984
DOM,THA,14.953
BHR,GBR,14.865
CZE,KEN,14.863
LBN,SDN,14.854
KWT,BEN,14.825
ESP,TTO,14.813
BEL,AGO,14.81
FIN,BOL,14.806
BEL,TCD,14.799
TZA,CAN,14.796
SGP,WSM,14.764
MLI,CHN,14.759
NAM,DEU,14.758
AUT,SYC,14.749
LKA,BEN,14.748
DNK,ECU,14.739
FIN,BHR,14.739
NZL,EGY,14.739
FRA,YEM,14.732
SWE,SEN,14.714
ALB,HRV,14.71
CAN,FJI,14.698
UKR,BRA,14.675
CUW,PHL,14.67
PCN,IND,14.645
AUS,UGA,14.633
COL,DEU,14.625
LUX,TZA,14.537
ZAF,IDN,14.52
AGO,NAM,14.518
AUT,URY,14.518
CIV,MYS,14.517
SVK,VNM,14.509
HUN,ECU,14.481
GRC,MRT,14.476
DEU,FJI,14.449
THA,PAN,14.438
GUY,USA,14.435
DNK,DOM,14.419
LKA,BEL,14.413
IND,GAB,14.401
UZB,UKR,14.4
EST,IRL,14.381
SWE,NIC,14.376
MLT,LTU,14.341
KAZ,SVK,14.317
FRA,BGD,14.315
THA,NIC,14.308
DNK,HND,14.303
ROU,BIH,14.297
SRB,SVK,14.266
AND,SGP,14.262
LUX,KOR,14.261
MNG,UKR,14.259
PAN,PRT,14.233
FRA,VUT,14.179
TZA,HUN,14.175
KHM,MYS,14.166
CZE,ECU,14.162
DEU,LBR,14.135
ROU,MNE,14.132
BRA,DNK,14.128
FIN,IRQ,14.119
IND,JOR,14.116
JPN,DZA,14.111
GBR,SOM,14.094
EGY,GMB,14.046
MUS,FRA,14.042
ARE,ESP,14.035
IND,ARM,14.029
CYP,BEL,13.989
UGA,SDN,13.979
UKR,LTU,13.978
LAO,POL,13.967
ISR,DOM,13.956
HKG,PYF,13.955
GBR,CPV,13.92
DEU,ERI,13.907
AUS,MNG,13.9
COL,NIC,13.899
BWA,ZAF,13.889
GRC,CHL,13.847
FIN,KEN,13.843
PER,BOL,13.842
CHE,MKD,13.822
ECU,NLD,13.801
NOR,ARG,13.788
SEN,MYS,13.788
NLD,BWA,13.783
DNK,MWI,13.77
SVK,KAZ,13.758
ALB,SAU,13.737
LUX,GHA,13.736
MOZ,CHE,13.732
VUT,SGP,13.727
URY,SGP,13.715
EGY,COD,13.7
SGP,NCL,13.667
STP,THA,13.648
STP,TUR,13.648
DEU,PNG,13.624
POL,SOM,13.62
CAN,BMU,13.61
GIB,SAU,13.603
USA,GIB,13.6
LTU,LUX,13.583
PER,BRA,13.573
LBN,BFA,13.546
STP,IND,13.545
SWE,MOZ,13.532
ARG,BRA,13.495
COL,CHL,13.463
MEX,ISL,13.46
TUN,IRL,13.446
LUX,LKA,13.358
DNK,JAM,13.334
MMR,MLT,13.328
ITA,ZMB,13.302
IND,CMR,13.3
PAN,ESP,13.283
FRA,RUS,13.274
GRC,AUS,13.268
SWE,AZE,13.246
ALB,ESP,13.232
HRV,ZAF,13.231
NLD,YEM,13.181
LUX,CIV,13.168
JPN,GHA,13.147
TUR,ECU,13.128
EST,IDN,13.119
DOM,IRL,13.112
ALB,CHE,13.107
ZAF,MAR,13.101
LTU,SRB,13.099
PAK,LSO,13.095
DEU,PYF,13.082
SLV,MAR,13.062
MDV,SGP,13.06
UKR,GBR,13.06
NLD,DJI,13.045
ETH,USA,13.034
RUS,COL,13.033
BEL,CRI,13.025
TWN,PNG,13.022
AUS,URY,13.021
JOR,HUN,13.02
IRL,TUN,13.018
CYP,USA,12.996
CYP,GBR,12.986
BEL,PAK,12.982
EST,PHL,12.981
FRA,HTI,12.94
NAM,NLD,12.931
SVK,URY,12.896
COL,ARG,12.888
CHN,VGB,12.859
KEN,NOR,12.856
GRC,ARG,12.813
LUX,DZA,12.813
IND,NAM,12.811
CRI,ISL,12.794
EGY,ARE,12.788
SVN,NZL,12.786
BFA,USA,12.782
DMA,CRI,12.782
TUR,PER,12.754
EGY,THA,12.745
TUR,SOM,12.712
RUS,CZE,12.689
UKR,LVA,12.686
GMB,KOR,12.666
EST,BFA,12.661
GBR,LAO,12.623
LUX,MLT,12.621
CAN,BOL,12.617
ISR,BOL,12.586
DEU,ATG,12.579
DNK,SLV,12.575
CHL,MOZ,12.571
IND,PNG,12.569
LAO,DEU,12.563
EGY,FRA,12.559
ESP,HTI,12.555
GBR,SXM,12.536
LVA,PER,12.522
KAZ,TUR,12.521
PHL,PAK,12.518
MMR,TUR,12.512
DOM,TUR,12.503
PHL,MDG,12.497
DNK,PRY,12.471
ESP,COG,12.453
POL,GTM,12.451
KEN,COG,12.446
LBN,DEU,12.439
CAN,CYM,12.436
SMR,MAR,12.425
BEN,TGO,12.421
QAT,MYS,12.417
GBR,DJI,12.416
NPL,THA,12.399
TUR,URY,12.39
RUS,CAN,12.389
BEL,TZA,12.385
PER,GTM,12.38
VEN,POL,12.373
CHN,BMU,12.357
MNE,SRB,12.318
BRA,HRV,12.312
UKR,USA,12.306
FJI,USA,12.276
IRN,HKG,12.271
FIN,BRB,12.268
MNG,NLD,12.266
DOM,ITA,12.259
IND,KGZ,12.257
DEU,PSE,12.243
SVK,PAK,12.239
GRC,NOR,12.237
SWE,GEO,12.213
USA,BWA,12.21
ESP,UZB,12.205
AUT,AZE,12.19
ESP,GNB,12.183
AUT,OMN,12.172
FIN,ZMB,12.162
CRI,SRB,12.124
TKL,HKG,12.109
MMR,BRA,12.085
MYS,JOR,12.083
MNG,JPN,12.077
DNK,PER,12.062
SAU,IDN,12.06
ZAF,GRC,12.057
KAZ,LVA,12.052
MMR,SVN,12.048
HUN,COM,12.044
TUR,MLT,11.999
ESP,MAC,11.997
GBR,MDV,11.988
DOM,PER,11.985
MAR,BEL,11.975
CHE,VEN,11.972
BWA,ZWE,11.961
TUN,TGO,11.961
HUN,MDG,11.955
SAU,IRL,11.948
AGO,ETH,11.945
BGR,ERI,11.895
BEL,ARG,11.892
GBR,COD,11.862
POL,IRQ,11.845
BRN,ESP,11.8
TUR,BHS,11.796
ALB,SGP,11.795
MOZ,NLD,11.78
NOR,LBR,11.771
IRL,EGY,11.74
EGY,KOR,11.739
CRI,BEL,11.738
IND,MKD,11.737
CHL,URY,11.726
MSR,USA,11.725
TUN,SRB,11.72
PER,ESP,11.71
KGZ,TUR,11.704
CZE,MUS,11.699
MAR,PER,11.686
VNM,LTU,11.657
BHR,HUN,11.652
JAM,USA,11.638
PRT,HRV,11.624
DEU,GAB,11.598
IND,HND,11.593
SWE,GUY,11.583
JAM,PHL,11.578
CHE,OMN,11.576
IND,ISL,11.562
IND,NIC,11.55
SWE,GTM,11.508
TJK,USA,11.505
ISL,KOR,11.49
HKG,BRN,11.489
GHA,NGA,11.459
SMR,AUT,11.444
CAN,BLZ,11.434
POL,MUS,11.422
SWE,PAN,11.401
LKA,ROU,11.395
BRN,POL,11.393
POL,CIV,11.392
AUS,PAN,11.35
CMR,THA,11.34
HRV,UZB,11.332
TWN,NAM,11.326
HUN,KEN,11.317
PRT,BHR,11.31
CYP,CHE,11.308
HKG,CIV,11.301
EST,KAZ,11.3
BEL,BEN,11.285
IRQ,DEU,11.265
ALB,IRL,11.262
AUS,MLT,11.253
HKG,ISL,11.25
SWE,ECU,11.233
CZE,GRD,11.227
PYF,GBR,11.218
AGO,USA,11.185
SMR,SAU,11.16
EST,MOZ,11.136
IRN,ARM,11.133
EST,COL,11.126
RWA,CHN,11.091
IND,BWA,11.088
LUX,THA,11.087
KOR,SEN,11.067
AUS,BHR,11.055
TLS,KOR,11.053
COL,PRT,11.044
TUN,SVN,11.044
MMR,LTU,11.038
ITA,CMR,10.991
PER,HTI,10.986
DOM,IDN,10.974
NOR,MOZ,10.971
GEO,UKR,10.968
CHL,CHE,10.951
MEX,LVA,10.924
CRI,LKA,10.922
CMR,ITA,10.918
CHL,SGP,10.909
KOR,KWT,10.901
CAN,BIH,10.899
BGR,TCD,10.88
CAN,TTO,10.88
CHN,COK,10.877
UKR,COD,10.852
NLD,LBY,10.849
UZB,BRA,10.847
MMR,HKG,10.846
ROU,KAZ,10.832
ASM,JPN,10.828
CAN,AZE,10.825
PHL,MHL,10.802
MUS,TWN,10.747
TUN,ZAF,10.711
MYS,UGA,10.706
IDN,LUX,10.7
DOM,KNA,10.692
DNK,MLT,10.685
BEL,BDI,10.666
ITA,GMB,10.666
CRI,BIH,10.643
SWE,URY,10.642
IND,PAN,10.627
BLR,USA,10.588
ZAF,NZL,10.562
GHA,TWN,10.561
ECU,PAN,10.5
MAR,GAB,10.499
UGA,CAF,10.475
MWI,JPN,10.425
CMR,JPN,10.405
MLT,LBY,10.401
PRT,AUS,10.388
ISR,ISL,10.384
MMR,SVK,10.375
DOM,KOR,10.363
URY,IDN,10.35
AUS,DOM,10.347
VNM,CIV,10.344
ITA,FJI,10.343
OMN,SAU,10.327
SGP,IRQ,10.323
BGR,ISL,10.317
GRC,LBR,10.274
JAM,GBR,10.268
PER,COL,10.262
JPN,BHS,10.245
LKA,ZAF,10.231
BHR,JPN,10.22
AUT,BTN,10.198
TUR,CMR,10.198
CRI,MKD,10.186
ISL,GRL,10.186
GBR,VEN,10.183
NLD,NCL,10.175
KEN,CAN,10.174
SGP,TTO,10.16
ESP,LBN,10.131
MAC,SVK,10.122
SGP,TJK,10.116
HUN,BOL,10.111
LUX,ZAF,10.104
BGR,RWA,10.095
NAM,NOR,10.084
FRA,IRN,10.068
IRL,VEN,10.066
AND,IDN,10.065
CAN,SSD,10.053
JPN,ISL,10.05
BRN,SGP,10.042
SSD,JPN,10.009
EGY,MAR,10.0
ITA,BRN,9.973
LAO,CAN,9.972
BGR,UZB,9.961
KAZ,EST,9.958
TWN,TON,9.938
DNK,CAF,9.934
HUN,AGO,9.933
CYP,CZE,9.921
SUR,NLD,9.906
BWA,ZMB,9.896
VNM,PAK,9.869
CRI,BHR,9.867
AUT,NAM,9.865
ISR,BLZ,9.851
AUT,CIV,9.848
KHM,IRL,9.848
SWE,IRN,9.841
CHL,POL,9.834
HKG,JAM,9.826
CAN,TCA,9.809
CRI,BHS,9.772
GBR,GAB,9.768
NOR,CMR,9.733
PHL,AFG,9.688
UKR,AUS,9.683
IRQ,FIN,9.664
SLV,CAN,9.661
MLT,MUS,9.65
KOR,MNG,9.636
CHE,COD,9.633
IDN,MMR,9.63
DOM,GRD,9.626
AZE,CZE,9.623
HUN,PAN,9.621
HKG,BRB,9.604
SAU,MOZ,9.6
GBR,CUB,9.592
CZE,IRQ,9.589
PRT,BGR,9.585
ISL,AUT,9.573
BGR,LUX,9.571
AUS,ECU,9.551
SVK,SYC,9.551
GBR,SWZ,9.55
DOM,SLV,9.549
ITA,BWA,9.545
NLD,BOL,9.537
TLS,TWN,9.533
ETH,CHN,9.522
MUS,CHN,9.511
MAR,UZB,9.5
NGA,USA,9.494
VNM,AGO,9.494
IND,LBN,9.471
NAM,SWE,9.456
SWZ,IND,9.434
PRT,PRY,9.418
HTI,CAN,9.394
ZAF,TCD,9.388
MMR,IRL,9.383
AUS,UKR,9.378
MAR,TCD,9.362
MNG,GBR,9.361
SMR,CHL,9.358
GRC,LKA,9.356
SGP,GTM,9.353
ROU,GEO,9.348
URY,USA,9.337
ZAF,NER,9.337
MAC,KOR,9.33
ITA,GUY,9.32
GHA,BFA,9.316
ARG,ESP,9.288
USA,MNG,9.276
DOM,CHE,9.251
SGP,TZA,9.24
AUS,PAK,9.23
BRA,TTO,9.226
IRN,TWN,9.221
COL,SAU,9.204
KWT,ARE,9.203
CYM,ITA,9.201
ESP,SYC,9.195
EST,ECU,9.183
BEL,GRD,9.162
MRT,TWN,9.158
KHM,KOR,9.117
MLI,SGP,9.11
EST,BOL,9.109
SWZ,CHN,9.107
PAK,DJI,9.101
NZL,MAR,9.098
CZE,BRN,9.073
SWE,UZB,9.061
PAN,ISR,9.0
SLV,DOM,8.995
THA,FJI,8.979
AUS,BWA,8.966
BLR,BGR,8.949
AUS,MHL,8.942
NOR,VGB,8.936
WSM,NZL,8.931
LVA,KOR,8.928
POL,BHR,8.921
PRT,BWA,8.903
SWE,DOM,8.901
SMR,PER,8.892
DNK,ABW,8.878
URY,BRA,8.853
NOR,KWT,8.851
HKG,LUX,8.841
SAU,SVN,8.839
ROU,CRI,8.821
PRT,BEN,8.806
LUX,VNM,8.778
DNK,PAK,8.756
BHR,QAT,8.755
SGP,LAO,8.754
CRI,KHM,8.75
FIN,NAM,8.727
SVK,SOM,8.725
NLD,GAB,8.72
ROU,LCA,8.7
IRL,KEN,8.681
ITA,GNQ,8.676
IND,DJI,8.674
TGO,KOR,8.637
SWE,BIH,8.636
FRA,UGA,8.619
FRA,MWI,8.611
SWE,PRY,8.607
SVK,MDA,8.596
ALB,TGO,8.593
TKM,CHN,8.592
TGO,FRA,8.591
SWE,NGA,8.59
BEL,GAB,8.544
NLD,MRT,8.543
POL,KWT,8.538
ZAF,PAN,8.536
SLV,THA,8.527
ARE,AUT,8.514
ITA,JAM,8.504
EST,LUX,8.497
KAZ,NLD,8.457
COK,USA,8.45
POL,BFA,8.447
ECU,EGY,8.443
PNG,KOR,8.436
LUX,PER,8.42
BLM,BEL,8.402
AUT,BEN,8.401
MKD,TUR,8.364
SMR,USA,8.357
HND,COL,8.354
ITA,CPV,8.354
NOR,OMN,8.354
MAC,IDN,8.33
FIN,JOR,8.323
TUR,MNE,8.323
BGR,CHL,8.316
LKA,BGR,8.285
GRC,BIH,8.283
BOL,SGP,8.273
DOM,IND,8.27
BIH,CHN,8.264
ASM,FRA,8.246
SWE,AND,8.233
BGR,BIH,8.232
COL,CUB,8.231
GBR,COG,8.227
ITA,ERI,8.205
ESP,BMU,8.2
TUR,YEM,8.2
CAN,NIC,8.196
MMR,BGR,8.187
EGY,CHN,8.168
GBR,GTM,8.166
LUX,KAZ,8.16
MAR,LBN,8.154
ARM,PHL,8.15
DOM,BRA,8.149
BEL,CPV,8.145
CZE,SMR,8.141
LTU,COL,8.141
TWN,JOR,8.13
ITA,SUR,8.118
CYM,CAN,8.112
MMR,KOR,8.11
HRV,IDN,8.095
MLT,BEL,8.065
CAN,MKD,8.058
ZAF,ECU,8.055
LUX,BGR,8.051
MEX,MNE,8.051
IND,KHM,8.037
PAK,TUR,8.036
TUR,TGO,8.033
NZL,SRB,8.026
MYS,LAO,8.024
KAZ,CHE,8.019
MEX,BIH,8.011
LTU,MAR,8.009
CRI,BLZ,8.008
TUR,SLE,7.993
NLD,MAC,7.988
FRA,GRD,7.979
ROU,TZA,7.97
JPN,TLS,7.967
MWI,ZMB,7.949
FIN,SLV,7.938
ROU,PAN,7.938
SRB,GRC,7.931
CIV,BEL,7.919
MAC,TWN,7.912
TUR,ARG,7.906
MDG,NLD,7.905
GBR,KGZ,7.885
USA,SMR,7.884
TLS,THA,7.883
ZAF,RUS,7.883
MRT,AUS,7.865
AUS,KEN,7.857
GHA,TGO,7.848
DEU,SXM,7.834
SWE,CIV,7.821
PNG,SGP,7.808
MAC,BGR,7.794
USA,IRN,7.794
HRV,LVA,7.785
EGY,UGA,7.756
HUN,PAK,7.748
AUT,BDI,7.743
SGP,MDG,7.735
HUN,NER,7.723
GBR,ETH,7.703
CHE,MOZ,7.702
HKG,KEN,7.697
BLR,FRA,7.696
SGP,GHA,7.694
SEN,TGO,7.664
KOR,UGA,7.622
PER,CHN,7.616
MLT,PRT,7.588
IRL,DZA,7.586
HKG,MKD,7.571
SRB,MYS,7.57
GRC,MDG,7.559
VNM,BOL,7.553
BRN,FRA,7.543
GUY,CAN,7.537
ZAF,TGO,7.52
ESP,TZA,7.517
MLI,PER,7.507
MKD,CAN,7.496
SVN,ARG,7.476
EST,ARE,7.466
IRN,AZE,7.454
TUN,NZL,7.44
ESP,CUW,7.436
TJK,ROU,7.436
NOR,GNQ,7.427
TUR,ETH,7.423
BEL,CIV,7.415
DEU,AND,7.388
SRB,SWE,7.373
SAU,ERI,7.371
NOR,SRB,7.366
GRC,HRV,7.35
CYP,HRV,7.343
SAU,BFA,7.34
FRA,PRY,7.332
TUR,TJK,7.331
MNE,CAN,7.327
SLV,MEX,7.324
RUS,EGY,7.318
BGR,KEN,7.316
TUR,NZL,7.315
WLF,SGP,7.313
ROU,MLT,7.307
KAZ,BLR,7.299
MRT,IRL,7.277
ABW,BRA,7.274
CZE,BOL,7.26
AUS,BHS,7.254
MDG,CHN,7.254
TWN,SEN,7.251
SVN,KHM,7.236
CZE,KGZ,7.233
LSO,SGP,7.23
USA,GEO,7.23
CHE,BOL,7.204
FRA,BRN,7.204
ARM,JPN,7.194
AUT,MDG,7.159
PAK,NGA,7.146
AUT,LAO,7.145
ITA,MRT,7.145
SGP,SWZ,7.127
AUT,JAM,7.117
LKA,TWN,7.117
NLD,ERI,7.102
MDV,POL,7.08
KWT,ITA,7.057
LBN,GNQ,7.039
CRI,UGA,7.015
IRL,PER,7.01
TWN,UGA,7.009
LKA,TUN,7.004
ISR,ETH,7.0
CHL,AUT,6.994
MAC,BRA,6.989
DNK,RUS,6.988
CIV,TGO,6.981
LUX,SVN,6.972
IND,MDA,6.966
PCN,COL,6.945
PHL,NIC,6.945
GTM,MEX,6.935
MLT,URY,6.926
JAM,PAN,6.922
POL,LKA,6.916
TJK,CHN,6.915
MMR,ZAF,6.912
PRT,MDA,6.904
NCL,KOR,6.888
ITA,BHS,6.882
HUN,BMU,6.881
VNM,MMR,6.869
MLI,ZAF,6.867
THA,CYP,6.864
BRB,GRD,6.836
MRT,FRA,6.83
COL,ROU,6.82
AUS,GIN,6.817
TUN,SVK,6.811
ISL,SAU,6.801
KEN,TGO,6.8
PAN,AUS,6.77
DMA,GBR,6.768
ISR,MAC,6.765
ARE,HUN,6.749
FRA,MNE,6.746
FRA,MHL,6.739
BIH,IRL,6.735
CAN,CMR,6.733
BEL,MNE,6.73
POL,NAM,6.722
ARG,ITA,6.716
GRC,ECU,6.714
ESP,NCL,6.709
TZA,DNK,6.703
KEN,TCD,6.69
MEX,ARM,6.689
GEO,PHL,6.684
CHE,SLE,6.678
FSM,CHN,6.678
GBR,VGB,6.651
NOR,GIB,6.651
CAN,BRB,6.644
SVN,IDN,6.639
EST,ARG,6.638
KGZ,EGY,6.629
UKR,SLV,6.61
BEN,TUR,6.598
MDG,ARE,6.594
UZB,NLD,6.587
LUX,CHL,6.57
BLZ,THA,6.566
DMA,CPV,6.55
TWN,BFA,6.549
POL,UGA,6.532
GRC,AGO,6.531
KOR,LAO,6.53
OMN,USA,6.53
SLV,SWE,6.53
ISR,NIC,6.519
AUS,CRI,6.516
CHE,PAN,6.503
FRA,CUW,6.503
SVK,FJI,6.494
CMR,CAN,6.493
DNK,PAN,6.493
BGR,SLE,6.491
ECU,TWN,6.48
PAK,THA,6.471
CZE,CRI,6.47
ITA,BDI,6.463
LTU,DOM,6.457
GUY,SUR,6.445
MYS,ZMB,6.438
ISL,HKG,6.424
PRT,PER,6.424
CAN,SXM,6.415
CHE,MDG,6.41
AZE,HKG,6.407
LVA,IRL,6.404
PHL,MUS,6.394
ROU,BOL,6.39
VNM,CYP,6.389
BEL,SLE,6.382
QAT,FRA,6.381
FRA,BWA,6.38
POL,TZA,6.352
LUX,TWN,6.349
CRI,ZMB,6.348
DOM,TCA,6.34
HRV,IRL,6.33
MKD,USA,6.324
MEX,NGA,6.317
MMR,UKR,6.316
CMR,SRB,6.309
GMB,JPN,6.309
SRB,ALB,6.298
POL,ETH,6.275
CAN,LBN,6.274
PRT,UKR,6.267
TUR,TLS,6.267
FRA,ZMB,6.252
CRI,NAM,6.248
POL,ECU,6.24
IDN,GRC,6.226
SGP,IOT,6.224
BEL,MOZ,6.201
MAR,COL,6.188
SVK,CRI,6.177
SVN,OMN,6.177
VEN,TWN,6.168
BGD,SGP,6.155
FJI,GBR,6.155
IRL,ISL,6.154
MMR,BEL,6.147
COL,CZE,6.143
ESP,ZWE,6.14
ECU,IRL,6.121
VNM,MOZ,6.115
ARE,DNK,6.114
SWE,MDG,6.109
SRB,IDN,6.106
ESP,PAK,6.104
AUT,MNE,6.103
IRL,MNE,6.098
LUX,UGA,6.085
PRT,GIN,6.083
FIN,ISL,6.075
FIN,PRY,6.07
DNK,GHA,6.066
AUS,BGD,6.059
BRA,SLV,6.058
IRN,SRB,6.054
MMR,IDN,6.045
FSM,USA,6.044
NCL,ROU,6.042
ZAF,CRI,6.029
IND,SLV,6.027
MKD,BEL,6.026
TUN,MLT,6.017
EST,PRT,6.016
ATG,SGP,6.003
ISR,MLI,6.0
CHE,ZWE,5.999
IND,SDN,5.992
LBN,ZMB,5.991
LUX,KWT,5.985
ZAF,GAB,5.985
GHA,NLD,5.984
ISL,HUN,5.974
PAN,BLZ,5.972
PHL,UZB,5.965
ARE,AZE,5.964
SWE,GHA,5.961
MAR,LKA,5.955
JAM,BEL,5.954
HKG,OMN,5.951
SLV,MYS,5.947
SVK,MLT,5.943
CHE,GIN,5.94
SOM,CHN,5.935
POL,MMR,5.923
BGR,MNE,5.921
CHE,LBY,5.918
AUS,LTU,5.892
MYS,LBY,5.881
TUN,SEN,5.873
ALB,SWE,5.867
LUX,SRB,5.864
TWN,NCL,5.857
RUS,KGZ,5.851
GRC,GHA,5.845
CRI,NGA,5.84
PHL,BHR,5.839
UKR,MAR,5.839
CRI,HUN,5.831
MLI,ESP,5.82
BRA,DZA,5.818
GEO,CHE,5.809
SRB,JPN,5.807
LBN,ARM,5.799
UKR,IRL,5.792
ARG,URY,5.791
ZAF,MNG,5.787
NLD,SLB,5.783
TUR,RWA,5.778
MEX,TGO,5.776
VNM,MKD,5.776
GEO,HKG,5.762
BEL,ZMB,5.744
NLD,VCT,5.739
UKR,NZL,5.736
DNK,MLI,5.728
TUN,PAK,5.721
ISL,SEN,5.714
SVN,SEN,5.714
RWA,KEN,5.705
HUN,MDA,5.697
KHM,CHL,5.697
IND,COG,5.694
LCA,USA,5.67
MLI,LTU,5.649
DOM,ECU,5.645
GRC,MHL,5.644
CRI,URY,5.639
HKG,NIC,5.639
MAR,AZE,5.637
LUX,TUN,5.629
CZE,BHR,5.627
HUN,BHR,5.624
MLT,TZA,5.619
ARG,NLD,5.599
KEN,GHA,5.595
MAR,GMB,5.592
HKG,HTI,5.59
CMR,ROU,5.581
GBR,GIN,5.581
ITA,RWA,5.58
BFA,ESP,5.567
MKD,ITA,5.564
JAM,HND,5.562
ESP,KHM,5.556
KWT,JPN,5.556
AGO,ARE,5.55
ARE,IDN,5.547
MWI,AUS,5.543
BHR,CHE,5.542
NZL,LKA,5.535
LUX,SEN,5.533
AUS,NAM,5.528
GBR,BHS,5.519
HKG,SMR,5.517
PRK,AUT,5.512
SEN,BFA,5.507
KEN,ITA,5.506
IND,BLR,5.505
ITA,GAB,5.499
LVA,ZAF,5.497
HKG,AGO,5.495
GBR,MNE,5.494
JPN,PYF,5.483
COL,PRY,5.476
ZAF,BDI,5.467
JPN,CPV,5.457
NAM,LUX,5.45
PHL,UGA,5.446
TUR,UGA,5.432
JOR,CHN,5.43
LUX,BFA,5.421
NLD,ATG,5.417
RWA,UKR,5.416
BRA,BRB,5.412
KAZ,CZE,5.406
URY,CHL,5.402
PRT,SRB,5.397
AUT,BOL,5.396
KEN,HUN,5.395
EST,VNM,5.379
IRN,GEO,5.37
NER,SVK,5.367
THA,BHR,5.362
IDN,LBR,5.359
UKR,FRA,5.31
MDA,HKG,5.308
SLV,FRA,5.293
BEL,NIC,5.29
FRA,BHS,5.282
MEX,BFA,5.278
FIN,BGR,5.277
KEN,SWZ,5.261
NZL,PER,5.243
AFG,GBR,5.239
SYC,ESP,5.239
THA,BMU,5.239
MYS,DJI,5.238
BEL,IRQ,5.231
POL,GRD,5.228
TUR,COL,5.227
MUS,DEU,5.223
KOR,MMR,5.222
THA,ZWE,5.22
BGR,PER,5.207
CZE,SEN,5.205
EGY,BHR,5.2
THA,NAM,5.198
AUS,MDG,5.195
BFA,ITA,5.189
CYP,ZMB,5.185
MWI,BGR,5.185
VGB,IDN,5.181
MDV,CHN,5.178
GBR,MMR,5.167
RUS,CHE,5.161
SEN,CHN,5.153
GTM,IRL,5.152
CRI,BRN,5.148
IND,UZB,5.143
FRA,TKM,5.142
MAC,MKD,5.139
CHE,ARM,5.137
ARE,CHL,5.132
DOM,HND,5.129
BGR,KAZ,5.126
SGP,PRY,5.113
BLR,ZAF,5.1
BGR,PAN,5.098
AUT,BFA,5.091
OMN,GBR,5.09
NIC,USA,5.084
BHR,CZE,5.078
HRV,AUS,5.074
CHE,MWI,5.062
JOR,MYS,5.061
NOR,BHR,5.051
PNG,CHN,5.049
MLT,PAK,5.039
FRA,PSE,5.038
AUS,KHM,5.03
LVA,PAK,5.015
EGY,NGA,5.01
CHE,MUS,5.007
AUS,LBY,5.006
CZE,TJK,5.006
KOR,OMN,5.005
DMA,ISR,5.0
ISR,JOR,5.0
SAU,NOR,5.0
DNK,MDA,4.999
AUS,MAR,4.983
LUX,NER,4.979
USA,CXR,4.968
SWE,KEN,4.966
THA,PRY,4.964
RUS,ESP,4.96
AUS,BRN,4.957
IND,TCD,4.957
MYS,BLZ,4.957
MLI,LVA,4.949
SGP,UGA,4.94
FIN,GEO,4.917
BRA,KWT,4.898
MDA,KAZ,4.896
ISL,TUR,4.893
ARE,CHE,4.89
SMR,NGA,4.887
FSM,IRL,4.884
NZL,ISL,4.883
CZE,GHA,4.882
MNG,ZAF,4.872
SMR,ECU,4.869
BEN,USA,4.864
THA,LBN,4.862
GEO,ARM,4.848
ARM,SGP,4.84
IDN,KAZ,4.833
KHM,HRV,4.832
HUN,NGA,4.827
TZA,UGA,4.822
EST,BIH,4.82
CAN,ARM,4.815
VGB,SAU,4.812
AUT,PAN,4.81
UKR,PAK,4.81
NZL,CZE,4.807
FRA,GNB,4.804
AUS,GTM,4.796
CAN,TGO,4.792
TCA,MWI,4.791
ISL,SGP,4.79
MDA,AZE,4.782
MDA,POL,4.777
TWN,TGO,4.774
FRA,MMR,4.773
LKA,JOR,4.765
SLE,ZAF,4.761
GRC,IDN,4.754
THA,MOZ,4.745
UZB,PRT,4.742
GRC,BRA,4.74
CZE,IRN,4.738
SRB,MEX,4.734
SLV,ITA,4.728
MNE,TUR,4.726
IRL,PAN,4.724
DEU,NCL,4.723
LKA,IDN,4.712
URY,ARG,4.712
ZMB,MOZ,4.702
THA,SHN,4.689
GBR,CYM,4.685
LTU,GNQ,4.677
MAC,AUS,4.668
MKD,TUN,4.661
KAZ,GEO,4.656
IRL,KAZ,4.647
PHL,ALB,4.645
SWE,FJI,4.632
LTU,CHL,4.63
ARE,KAZ,4.627
KEN,DNK,4.627
SEN,MKD,4.612
NOR,BIH,4.603
LUX,UZB,4.601
SRB,CAN,4.592
IDN,PNG,4.585
LTU,HRV,4.569
CHE,IRQ,4.56
THA,ISL,4.549
IND,LVA,4.541
BFA,HUN,4.536
SGP,COK,4.536
CHE,JOR,4.53
GEO,BRA,4.53
NOR,HRV,4.527
USA,ATF,4.526
CMR,NLD,4.512
KAZ,DEU,4.51
FJI,MYS,4.506
CZE,PAN,4.503
DNK,MKD,4.487
BIH,SVK,4.484
SVK,KEN,4.483
NLD,TKM,4.481
MAC,NLD,4.473
KOR,MNP,4.471
SWE,ZWE,4.471
EGY,SEN,4.462
QAT,AGO,4.461
AGO,NOR,4.456
URY,CHE,4.453
CAF,CHN,4.444
JPN,GIN,4.44
MSR,IRL,4.435
CYP,COL,4.424
TWN,LBY,4.424
JPN,MDG,4.421
UZB,HKG,4.418
CRI,MUS,4.411
EST,MKD,4.41
AUS,LUX,4.408
LAO,HRV,4.39
SGP,BTN,4.387
SMR,IDN,4.38
ALB,MYS,4.373
EST,GEO,4.366
AGO,ITA,4.357
GBR,RWA,4.352
MAC,UKR,4.351
LTU,MLT,4.343
GBR,BES,4.34
BEL,DOM,4.338
FRA,NAM,4.336
LKA,SVK,4.334
ITA,SLE,4.328
AFG,DEU,4.317
EST,SRB,4.317
ARG,DEU,4.306
BRA,MOZ,4.304
TWN,TZA,4.302
BGR,MLT,4.301
MUS,BOL,4.289
MAR,DNK,4.27
AUS,MWI,4.259
SGP,LBN,4.255
ITA,VCT,4.251
ARE,BGR,4.24
TUR,MDV,4.222
LCA,KOR,4.218
ESP,ETH,4.215
MEX,GUY,4.215
NLD,RUS,4.204
RUS,POL,4.203
IND,LAO,4.189
ISL,FRA,4.181
IRL,TGO,4.179
PER,FRA,4.167
MKD,GBR,4.166
CAN,JAM,4.159
UKR,MDA,4.157
FJI,TON,4.153
SGP,COG,4.149
ISR,MLT,4.134
SWE,LKA,4.125
DNK,LKA,4.122
UKR,FIN,4.102
BGR,URY,4.1
NOR,ECU,4.098
POL,FJI,4.094
AUS,SWZ,4.091
BRA,TZA,4.071
PHL,GEO,4.065
BIH,NAM,4.06
BRA,LTU,4.049
ITA,GNB,4.044
USA,SYC,4.041
BRN,DEU,4.036
BRA,SVN,4.024
YEM,USA,4.02
ZAF,COL,4.02
CAN,COM,4.016
NGA,GMB,4.016
DOM,SVN,4.015
OMN,CHN,4.01
SEN,SGP,4.008
MAC,ISR,4.0
EGY,SGP,3.999
ARG,HND,3.995
LAO,SVK,3.995
POL,BOL,3.994
TWN,AGO,3.992
LKA,FIN,3.991
LUX,IRQ,3.989
ISL,ESP,3.987
ISL,UKR,3.982
AND,NGA,3.977
SVK,BFA,3.975
NIC,PAN,3.968
UGA,HUN,3.968
BEL,RWA,3.965
STP,USA,3.962
BRA,EGY,3.96
MKD,MNE,3.96
THA,BOL,3.958
TUV,USA,3.95
SVK,MDG,3.942
MYS,SLE,3.933
SWE,MNE,3.932
CUW,IDN,3.93
IRL,TTO,3.93
LBN,MYS,3.93
LUX,AGO,3.922
GRC,PAN,3.91
NLD,RWA,3.908
PRT,CYP,3.904
MEX,MDG,3.902
HKG,TTO,3.897
GRL,DNK,3.892
BRA,MWI,3.891
ROU,EGY,3.889
AUT,RWA,3.881
ARE,MDV,3.879
NLD,SYC,3.877
MAC,ITA,3.875
PRT,BOL,3.875
LKA,CRI,3.872
BEL,PRY,3.869
BMU,GBR,3.862
KHM,CZE,3.86
BRB,CYM,3.857
POL,PRY,3.853
AUT,GTM,3.852
CAN,GUM,3.852
ARG,CAN,3.837
CZE,PRY,3.835
ETH,MYS,3.834
GTM,BGR,3.834
CHL,NOR,3.833
MEX,CYP,3.83
PRT,BLM,3.829
JAM,NGA,3.826
MRT,BGR,3.825
GRC,GIB,3.809
ARG,PRY,3.798
PER,AUS,3.797
MLI,CZE,3.794
TUR,GMB,3.793
MWI,USA,3.788
BEL,AZE,3.785
IDN,URY,3.784
SGP,ISL,3.784
SGP,UZB,3.78
THA,MNG,3.771
SVK,PRY,3.769
TUR,PRY,3.769
GRC,EST,3.76
BES,NLD,3.758
SGP,SLB,3.754
TWN,MDG,3.754
UKR,GEO,3.754
NLD,GNQ,3.751
PHL,NGA,3.748
AUT,SLV,3.744
IDN,UZB,3.729
LAO,TUR,3.724
BLR,THA,3.715
CHE,BRN,3.715
DEU,BDI,3.715
SGP,URY,3.696
CHL,GBR,3.691
SWE,MUS,3.691
ATF,USA,3.687
PHL,PRY,3.678
ISL,SRB,3.672
NOR,TTO,3.668
MHL,ROU,3.659
SVK,CYP,3.652
MYS,PYF,3.648
ITA,SLB,3.63
BGD,GBR,3.621
NOR,LKA,3.617
SSD,THA,3.617
WSM,TWN,3.614
SWE,MDA,3.612
ALB,CHN,3.611
GRC,PHL,3.604
LTU,IDN,3.601
LBN,SEN,3.6
NZL,ZMB,3.599
MOZ,ZAF,3.597
LTU,KWT,3.586
CYM,KOR,3.582
TTO,TWN,3.582
AUS,MDV,3.574
MAR,BEN,3.573
FIN,LBN,3.572
CAN,BDI,3.571
HUN,DOM,3.559
SWZ,BRA,3.556
CUW,JPN,3.554
TZA,PHL,3.547
KOR,MNE,3.546
TUR,ZWE,3.545
TWN,GEO,3.54
QAT,SAU,3.539
ZAF,QAT,3.518
CHE,GAB,3.516
DEU,VGB,3.51
MLI,SRB,3.506
GBR,BGD,3.505
ARG,ECU,3.501
TUR,GNB,3.5
TZA,ZAF,3.495
IND,LBR,3.492
UKR,GHA,3.49
BRA,GUY,3.48
USA,LSO,3.478
JOR,POL,3.477
NOR,LBN,3.475
IDN,KWT,3.47
MLT,PER,3.47
ZWE,DEU,3.47
MDG,HKG,3.466
ROU,AGO,3.463
BGR,TGO,3.454
KIR,IND,3.447
FRA,CYM,3.429
URY,PER,3.428
TWN,DJI,3.427
KAZ,AUT,3.424
AUS,GEO,3.419
AND,CHN,3.41
CHL,SWE,3.408
IDN,HND,3.407
NGA,ESP,3.403
TJK,CHE,3.396
TUR,GTM,3.392
IRL,GTM,3.386
POL,ZWE,3.381
PAK,CZE,3.38
MAC,PHL,3.378
HKG,WSM,3.377
FIN,GMB,3.369
AZE,GEO,3.366
TGO,CHN,3.365
TKM,MYS,3.364
ALB,BEL,3.359
ISR,UZB,3.353
HKG,TGO,3.35
KOR,GUY,3.349
SRB,TUR,3.347
IND,PRY,3.346
SGP,JOR,3.346
BLR,HUN,3.343
MLI,TWN,3.334
IRL,ECU,3.331
SLV,AUT,3.329
ERI,IRL,3.326
MAR,URY,3.324
KEN,HKG,3.311
DNK,GUM,3.31
LKA,AZE,3.306
AUT,GRD,3.305
EGY,TZA,3.305
COL,BOL,3.301
SLV,DEU,3.298
SVK,GTM,3.296
GUM,PHL,3.294
MLT,MAR,3.286
FIN,TTO,3.285
AND,AUT,3.284
KEN,CHE,3.283
ABW,TUR,3.272
HKG,GMB,3.257
HUN,CIV,3.257
BIH,LBY,3.252
ZAF,LVA,3.251
DNK,BEN,3.25
DNK,CMR,3.247
AGO,PRT,3.245
MYS,CMR,3.239
GBR,TCA,3.234
DNK,BFA,3.232
MKD,SAU,3.231
EST,TUN,3.229
FIN,MRT,3.227
BIH,NLD,3.225
SLE,ITA,3.224
JAM,COL,3.223
TUN,SWE,3.218
SLV,IDN,3.215
CHE,GNB,3.214
DNK,SEN,3.213
JOR,GBR,3.213
CRI,MDA,3.212
FRA,NIC,3.212
URY,SLV,3.211
BRA,MUS,3.209
NPL,CHE,3.202
MAR,CHL,3.195
LBN,MLT,3.165
SGP,NAM,3.163
CZE,BWA,3.154
QAT,ROU,3.15
GUY,MEX,3.147
ETH,MEX,3.144
ECU,IDN,3.138
AUT,MUS,3.136
CRI,UZB,3.128
GHA,CHE,3.127
TKL,TZA,3.125
PHL,MNE,3.117
GBR,MSR,3.108
AFG,SVK,3.107
BGR,ZWE,3.101
LTU,BIH,3.1
CRI,BRB,3.099
ARE,MAR,3.095
BRA,UKR,3.094
ALB,NOR,3.087
UKR,DOM,3.069
CAN,SEN,3.066
TZA,FRA,3.066
MAR,UGA,3.065
ARE,NAM,3.063
LUX,FJI,3.063
PHL,QAT,3.062
DEU,AIA,3.06
CHE,NER,3.059
DOM,CHL,3.056
AUT,FJI,3.054
COG,DEU,3.054
MEX,UZB,3.052
PRT,KHM,3.051
LTU,PER,3.042
PRT,GTM,3.037
HUN,NIC,3.036
HUN,MNE,3.033
ABW,SGP,3.029
QAT,IRL,3.026
SGP,AFG,3.026
SVN,ARM,3.026
CHL,BRA,3.025
KEN,GBR,3.024
TUN,BHR,3.016
CAN,MWI,3.013
HUN,BGD,3.011
LVA,MLT,3.006
LUX,LTU,3.005
SEN,HKG,3.002
CHL,IDN,3.0
ISR,COG,3.0
ISR,MOZ,3.0
NIC,SLV,3.0
ALB,DOM,2.996
CAN,NER,2.995
CRI,MNE,2.995
UKR,NOR,2.988
DNK,LBR,2.983
LUX,MKD,2.981
TUV,THA,2.981
LKA,DOM,2.979
SDN,BRA,2.977
POL,OMN,2.976
SGP,CYM,2.969
CHE,UGA,2.961
MKD,KOR,2.961
GEO,THA,2.96
OMN,SGP,2.952
CHL,CAN,2.949
NOR,SVN,2.947
GMB,SEN,2.941
BGR,MDG,2.934
LUX,OMN,2.933
MKD,AUT,2.925
LUX,UKR,2.924
HND,IND,2.914
VEN,ESP,2.914
PSE,JPN,2.913
NER,MLI,2.912
ALB,FRA,2.904
CZE,CUW,2.897
ITA,ABW,2.894
NER,FIN,2.891
TUN,UKR,2.891
GUM,HKG,2.876
PRT,URY,2.87
GHA,NER,2.869
NZL,JOR,2.864
SVK,LKA,2.864
DOM,POL,2.863
MKD,URY,2.858
JPN,MNE,2.857
MKD,FRA,2.855
NAM,SVN,2.855
MYS,VGB,2.849
CHE,ZMB,2.842
JPN,FJI,2.842
DJI,AUT,2.841
SLV,ESP,2.839
KEN,USA,2.837
MAR,DOM,2.837
ARM,TWN,2.835
ESP,BLZ,2.834
GEO,CAN,2.833
POL,KEN,2.827
IND,MRT,2.824
SVN,BOL,2.824
ALB,PHL,2.82
CHE,VGB,2.818
EGY,KEN,2.812
ARE,TGO,2.811
GAB,SEN,2.809
TUN,NGA,2.805
NLD,BMU,2.804
LKA,CHL,2.801
SRB,SGP,2.8
QAT,SEN,2.799
CHE,CYP,2.793
HRV,DZA,2.792
MNG,IRL,2.788
GRL,GBR,2.785
AUT,GUY,2.78
GBR,ABW,2.78
TJK,TWN,2.773
TUR,COM,2.771
JPN,SYC,2.77
MOZ,CRI,2.77
DOM,CUB,2.767
KHM,ZAF,2.764
AGO,NLD,2.763
ARM,DEU,2.763
GRC,NZL,2.763
NRU,ITA,2.762
FIN,UZB,2.76
PAK,NER,2.76
CRI,MDG,2.757
LKA,URY,2.755
SLE,POL,2.753
SWZ,DEU,2.751
BHR,SWE,2.748
DNK,GAB,2.744
BGD,TWN,2.741
TJK,SGP,2.738
SRB,JOR,2.731
GBR,BWA,2.729
MEX,NER,2.724
CAN,SUR,2.723
KWT,SVN,2.722
PRT,ISL,2.718
MLI,BRA,2.716
BEL,MDV,2.707
NOR,MHL,2.706
ARG,MEX,2.702
AND,KOR,2.701
LBR,DEU,2.701
MYS,NER,2.696
PER,MEX,2.695
AUT,TJK,2.692
IDN,PRY,2.691
KWT,HUN,2.687
BRA,OMN,2.682
AUS,OMN,2.681
MKD,CHE,2.679
NER,FRA,2.675
UKR,KEN,2.671
SAU,CHE,2.668
GEO,IND,2.667
NGA,NLD,2.665
MEX,LBN,2.662
ARG,CRI,2.659
ARM,BLR,2.656
MNE,GBR,2.653
BGR,IRN,2.651
AGO,ZAF,2.647
JPN,CMR,2.643
AUS,LBR,2.64
TUN,BGR,2.634
GUY,PHL,2.631
SWE,NAM,2.631
HRV,KWT,2.628
IND,SLB,2.624
IRN,ROU,2.617
SVN,TUN,2.608
ETH,NGA,2.607
RUS,ZAF,2.607
THA,TGO,2.602
GRC,COD,2.598
USA,YEM,2.597
GEO,ESP,2.596
ROU,JOR,2.594
GEO,FRA,2.588
GAB,USA,2.587
BFA,TWN,2.586
DNK,NAM,2.585
CAN,GEO,2.581
GIB,DNK,2.575
THA,SXM,2.571
YEM,DEU,2.56
BFA,GBR,2.556
AUT,CYP,2.555
HKG,IRQ,2.553
THA,IRQ,2.551
CUW,BRB,2.542
AGO,FRA,2.54
EST,CYP,2.536
RUS,DEU,2.536
TUR,SLV,2.533
VNM,NAM,2.533
MOZ,USA,2.528
DOM,MYS,2.517
JPN,LCA,2.517
HKG,ALB,2.514
MSR,BEL,2.512
TUR,MDG,2.51
BGR,BHR,2.509
ZAF,UKR,2.509
IDN,BHR,2.501
DMA,FRA,2.5
JOR,ITA,2.5
NGA,POL,2.5
TUN,MDA,2.499
GBR,PRY,2.495
HUN,MUS,2.494
THA,MWI,2.494
AFG,MYS,2.492
IND,JAM,2.492
NLD,GIB,2.487
IDN,BIH,2.484
CZE,GIN,2.483
TLS,FRA,2.482
CAN,KGZ,2.477
VCT,AUT,2.472
HKG,BLZ,2.471
SYC,FRA,2.465
THA,UZB,2.465
PCN,THA,2.454
AUT,VEN,2.452
MEX,MDV,2.449
AUS,SRB,2.447
URY,SVN,2.446
ZAF,SUR,2.435
MLI,BGR,2.43
EST,PAN,2.428
TUR,KHM,2.428
BLR,ITA,2.413
GRL,USA,2.408
ZAF,HND,2.407
ISL,THA,2.406
SLV,IRL,2.4
IRL,LBN,2.396
CZE,SUR,2.394
UKR,SRB,2.386
FJI,NZL,2.379
GRC,UGA,2.372
RUS,IDN,2.371
SWE,BHR,2.362
PSE,SAU,2.35
ITA,BRB,2.348
NOR,MAR,2.348
ESP,PYF,2.342
NOR,MLT,2.341
BGR,PYF,2.337
SLE,SGP,2.337
LUX,NPL,2.336
LTU,GEO,2.332
SEN,TUR,2.331
LUX,KHM,2.327
LUX,LAO,2.323
BGR,PAK,2.308
KAZ,FIN,2.308
GBR,YEM,2.303
HND,CHE,2.299
LKA,SAU,2.299
SWZ,SAU,2.297
BRN,GBR,2.296
NER,SRB,2.288
IDN,ARE,2.282
DMA,USA,2.275
POL,SMR,2.272
UKR,SWE,2.272
ETH,CAN,2.268
HRV,TZA,2.268
ZAF,EST,2.268
MYS,BMU,2.267
MNE,SGP,2.266
BHR,NLD,2.264
GEO,AUS,2.264
PAN,DEU,2.262
NZL,CRI,2.258
CAN,LBY,2.255
POL,PAN,2.252
MMR,EST,2.244
AUT,AND,2.241
UGA,SRB,2.241
EGY,YEM,2.239
LTU,AZE,2.238
IRL,LKA,2.237
OMN,NLD,2.236
SVN,ECU,2.235
UKR,ZAF,2.234
LUX,ZWE,2.232
ESP,MDG,2.229
EST,QAT,2.227
SLE,CZE,2.223
BEN,NER,2.22
CHE,ERI,2.215
BTN,CHN,2.213
HND,NOR,2.212
CAN,BRN,2.21
PAN,BGR,2.208
KAZ,TJK,2.197
BEL,GIB,2.196
MDG,COM,2.193
ZAF,SVK,2.193
FIN,ARM,2.191
CAF,BRA,2.185
SMR,KAZ,2.182
NER,MWI,2.181
ARG,SWE,2.177
SWE,YEM,2.176
BRB,SGP,2.174
PRT,MWI,2.172
SLV,BGR,2.171
AUS,HND,2.169
CHE,GHA,2.169
LTU,MKD,2.169
PHL,SEN,2.169
MLI,JPN,2.167
MLT,BFA,2.165
COD,UGA,2.163
MDA,AUT,2.162
CYP,CHN,2.161
MUS,OMN,2.161
BHR,PAK,2.155
QAT,NOR,2.151
QAT,CAN,2.15
VGB,USA,2.149
DEU,COK,2.146
KHM,LSO,2.141
POL,LBN,2.138
ARG,DNK,2.134
SXM,FRA,2.134
UKR,BFA,2.134
HND,PAK,2.122
NOR,KAZ,2.119
CHE,SDN,2.113
SAU,POL,2.113
DOM,PHL,2.107
AUS,GRC,2.103
LUX,ZMB,2.101
BRN,SVK,2.099
NLD,DMA,2.099
MAR,NER,2.094
ARG,CHE,2.09
IDN,UGA,2.09
GRC,GTM,2.089
NLD,PNG,2.089
FIN,BGD,2.087
CAN,MMR,2.086
SWE,COG,2.082
IRL,NAM,2.08
FJI,NRU,2.078
TZA,CHN,2.076
NLD,FJI,2.074
ISR,MNE,2.071
POL,NIC,2.069
BWA,CHE,2.068
EST,CUB,2.068
JPN,LAO,2.068
MAC,AUT,2.065
LVA,KGZ,2.064
CZE,MOZ,2.063
NZL,PRT,2.06
AND,CZE,2.056
SAU,ECU,2.055
CXR,GBR,2.052
SEN,PHL,2.052
GEO,SAU,2.05
IND,BEN,2.049
ATF,CAN,2.047
GUY,BHS,2.045
HND,CAN,2.045
TUN,PHL,2.045
MDV,HUN,2.044
SVK,SEN,2.044
TCA,SVN,2.039
BGR,NIC,2.037
TUR,MHL,2.037
MOZ,UKR,2.036
BLM,FRA,2.035
TUN,CHL,2.035
UGA,BDI,2.029
AUT,MOZ,2.028
BHS,AUT,2.027
SRB,CMR,2.025
BLR,LTU,2.024
MLT,GRC,2.024
SWZ,AUT,2.021
GUY,VCT,2.02
IRN,IRL,2.014
ARM,CZE,2.012
NAM,GUY,2.007
POL,HND,2.003
COG,NOR,2.001
ARG,ISR,2.0
EST,ISR,2.0
ISR,ALB,2.0
KHM,ISR,2.0
UKR,IRQ,2.0
HKG,BWA,1.992
LTU,CRI,1.991
SWE,AGO,1.991
CHL,PHL,1.99
HRV,ARE,1.988
ARM,FRA,1.987
NAM,KOR,1.986
MLI,TZA,1.98
ROU,HND,1.98
ARE,THA,1.979
SVK,BOL,1.979
CHL,AUS,1.976
FIN,BIH,1.972
ESP,MNE,1.971
MLI,CHE,1.971
ARE,FIN,1.97
AZE,MOZ,1.967
ARE,TUR,1.964
KWT,USA,1.961
SSD,MYS,1.961
SOM,ZAF,1.957
POL,GHA,1.956
ARE,ECU,1.954
POL,SYC,1.953
TTO,SGP,1.952
ZAF,KWT,1.951
TGO,SGP,1.95
AFG,ESP,1.942
GTM,UKR,1.935
IDN,PAK,1.935
ROU,NPL,1.935
TUR,PAN,1.931
MYS,TTO,1.93
PRT,BFA,1.929
LKA,MAR,1.925
NZL,MUS,1.919
KHM,SAU,1.917
SVK,SUR,1.914
MKD,LVA,1.907
FRA,TTO,1.906
LKA,TUR,1.902
BRA,KAZ,1.899
HRV,RWA,1.898
OMN,TZA,1.897
NOR,URY,1.896
SWE,JAM,1.893
TTO,PAN,1.888
SVK,UZB,1.885
MLT,KWT,1.881
GRC,GUY,1.88
PHL,BOL,1.879
ARG,PAN,1.877
MDA,GBR,1.876
SVN,PAN,1.875
MUS,ARE,1.869
MSR,POL,1.865
BIH,ROU,1.864
MKD,SVN,1.86
MKD,DNK,1.857
UKR,ROU,1.855
NER,ARE,1.852
CHE,KGZ,1.851
BEL,URY,1.85
JPN,MUS,1.85
AUS,HRV,1.84
CZE,TGO,1.84
DJI,GBR,1.839
GEO,NOR,1.838
URY,ECU,1.835
ARE,BLZ,1.834
PRT,OMN,1.834
HUN,TZA,1.827
SWZ,PAK,1.825
NOR,TGO,1.824
CHE,FJI,1.819
KOR,GHA,1.819
TUV,TUR,1.811
CRI,SEN,1.809
CMR,BRA,1.803
ISR,NAM,1.799
TUR,GAB,1.799
SVN,VNM,1.79
LKA,NLD,1.787
COG,ITA,1.785
ISL,LTU,1.784
PAK,LKA,1.784
PRK,UKR,1.784
QAT,BEL,1.783
POL,COG,1.781
GHA,SEN,1.77
MEX,NAM,1.768
POL,BLZ,1.767
RUS,NGA,1.766
SVK,MNE,1.765
LVA,ARM,1.758
USA,WSM,1.756
BEL,ARM,1.754
TWN,PYF,1.752
HUN,PRY,1.751
PAN,COL,1.749
MDG,CZE,1.748
AGO,COG,1.746
PAK,TUN,1.745
TUN,COG,1.743
FRA,FJI,1.742
NAM,FRA,1.742
TUN,DOM,1.742
KEN,CHN,1.74
ROU,LBN,1.74
UKR,CHL,1.732
VCT,ESP,1.73
DNK,RWA,1.729
HRV,PER,1.726
KWT,CHN,1.726
CIV,GHA,1.724
BGD,POL,1.723
BGD,CHE,1.722
IDN,BOL,1.718
MUS,UGA,1.718
SLE,ESP,1.715
AZE,HUN,1.704
EST,BGR,1.704
PRY,MEX,1.699
SLV,TUR,1.697
CHL,VEN,1.695
CMR,AUT,1.693
LKA,NOR,1.691
LUX,MYS,1.691
IRQ,ITA,1.69
AUS,LAO,1.681
VNM,TZA,1.679
CAN,LAO,1.672
BIH,CZE,1.668
BLR,ARM,1.668
MHL,GBR,1.667
RWA,SGP,1.667
ATF,SGP,1.664
MDV,PER,1.663
BEL,HND,1.66
PRT,COG,1.66
PRY,URY,1.66
IDN,GTM,1.657
DOM,NOR,1.655
GBR,SLE,1.653
ATF,TUR,1.646
DOM,MAR,1.643
PAK,MEX,1.643
PER,PRT,1.643
COL,COG,1.639
BRA,AZE,1.638
MMR,ROU,1.635
ISR,PRY,1.631
SWZ,PER,1.631
LBN,DZA,1.625
BEL,SXM,1.624
CYP,TWN,1.62
SEN,GIN,1.62
ABW,DEU,1.619
ROU,MDG,1.619
CCK,SGP,1.61
BFA,NER,1.607
UKR,SAU,1.603
SLV,CZE,1.602
BEL,GUY,1.601
NGA,AGO,1.6
SRB,DZA,1.6
URY,GTM,1.598
AZE,DEU,1.596
FJI,SGP,1.595
CMR,MYS,1.589
SVK,TTO,1.589
AUS,CUW,1.583
UKR,AUT,1.581
SPM,NLD,1.58
SMR,SGP,1.579
PHL,OMN,1.578
TGO,NLD,1.578
LUX,CMR,1.577
MDV,FRA,1.577
DOM,AUT,1.576
KWT,THA,1.576
BRA,LKA,1.57
DOM,TUN,1.569
DEU,SYR,1.567
DNK,OMN,1.564
NZL,KIR,1.564
CZE,COD,1.56
ITA,AFG,1.56
SGP,LSO,1.56
RUS,SGP,1.554
COL,IRL,1.553
CUB,CHN,1.552
HRV,ERI,1.552
SLE,JPN,1.546
TWN,LSO,1.546
BRA,LBR,1.541
POL,DZA,1.541
TUN,ECU,1.536
CZE,SYC,1.532
ALB,AUT,1.528
PAN,CYM,1.522
ZMB,CHN,1.519
AUS,KWT,1.513
VCT,IRL,1.513
MYS,SLB,1.512
NZL,ARE,1.512
SGP,ARM,1.512
GBR,SDN,1.511
DEU,KNA,1.509
SAU,KHM,1.505
SVK,ECU,1.498
AUS,ISL,1.496
WLF,GBR,1.495
GBR,DMA,1.494
SVN,LKA,1.493
TTO,FRA,1.488
BRA,MDA,1.483
MAR,OMN,1.479
UZB,CZE,1.476
TUN,LVA,1.474
PRT,ARG,1.462
NER,SWE,1.461
IDN,LBN,1.46
BEL,PNG,1.459
POL,BWA,1.457
JPN,GUM,1.453
MDA,JPN,1.447
MLI,NER,1.447
MMR,ARG,1.446
BTN,COL,1.435
BIH,USA,1.433
CYP,TUR,1.433
DNK,KGZ,1.431
NOR,GTM,1.429
AND,THA,1.428
MOZ,GBR,1.428
TWN,MDV,1.427
HND,FIN,1.423
ZAF,SLV,1.422
GRC,DOM,1.421
NZL,NCL,1.421
MDA,CHE,1.419
UGA,HRV,1.415
CHL,BEL,1.411
MAC,ESP,1.411
GIB,BRA,1.409
TWN,ALB,1.406
CPV,DEU,1.405
GRC,GEO,1.404
POL,TTO,1.399
HKG,GUM,1.398
NOR,SLE,1.396
ARE,BIH,1.395
MAR,GIN,1.392
UKR,ISL,1.389
JPN,COD,1.387
MLT,MLI,1.385
BEL,ABW,1.381
EST,AGO,1.38
POL,SLV,1.379
IDN,KEN,1.376
AUS,MRT,1.372
TWN,MWI,1.371
KEN,BWA,1.37
TUN,URY,1.368
AZE,DNK,1.365
PRT,DOM,1.365
DOM,ARG,1.364
PYF,NLD,1.362
SWZ,NOR,1.36
UZB,AZE,1.359
POL,URY,1.358
SGP,LBY,1.358
SVK,ARM,1.358
ARG,ZAF,1.355
ZAF,TTO,1.355
CYM,JPN,1.354
PYF,ITA,1.354
SHN,KOR,1.352
HUN,UGA,1.349
SWZ,FRA,1.343
DEU,KIR,1.333
UZB,POL,1.332
MEX,UGA,1.331
POL,ZMB,1.331
NRU,GUY,1.33
THA,MUS,1.329
TUR,ZMB,1.328
ARE,HRV,1.326
KHM,SVK,1.325
UGA,GBR,1.323
CHE,MDV,1.322
CZE,NIC,1.319
PYF,ESP,1.318
UKR,AZE,1.315
BLR,SGP,1.313
UZB,SGP,1.313
CYP,KEN,1.31
GUY,DOM,1.308
TUN,CRI,1.307
FRA,SXM,1.306
BIH,SAU,1.303
MLI,CIV,1.302
NLD,BDI,1.299
PAN,AGO,1.298
CHE,MNG,1.293
MAR,LUX,1.29
TUR,MWI,1.286
CZE,BGD,1.284
DOM,BGR,1.279
COL,TWN,1.278
DOM,FIN,1.278
VNM,MWI,1.278
PYF,DOM,1.276
NZL,MNG,1.275
MUS,ROU,1.274
IRL,MDA,1.271
MDA,BRA,1.27
POL,PYF,1.27
MMR,MKD,1.265
ARE,NZL,1.262
STP,SVK,1.262
TUR,NPL,1.262
PRT,BIH,1.257
SGP,NIC,1.257
KOR,TGO,1.256
ISR,BHS,1.254
LKA,EGY,1.254
ECU,CHN,1.252
SMR,IND,1.251
CMR,NOR,1.25
MDA,FRA,1.25
PRY,ESP,1.247
MMR,ARM,1.243
CHE,SYC,1.241
JAM,BLZ,1.241
MLT,ARE,1.241
LVA,CHL,1.237
TUN,GTM,1.237
URY,PAN,1.237
BMU,HUN,1.236
SGP,CYP,1.234
BGR,NGA,1.232
JOR,ESP,1.231
SWE,KGZ,1.231
NGA,SWE,1.23
ARE,SVK,1.228
EGY,AUT,1.228
CAN,GRL,1.227
NZL,URY,1.226
NLD,IRN,1.225
RUS,BIH,1.225
AUS,NIC,1.22
MEX,BHS,1.217
CMR,GBR,1.216
CUW,ECU,1.213
EGY,CHE,1.213
ETH,AUS,1.213
NCL,NLD,1.213
SVK,AGO,1.213
GTM,EST,1.211
MUS,IND,1.211
MAC,NZL,1.21
MRT,BRA,1.21
BEL,GNQ,1.209
HRV,ABW,1.209
TUR,BOL,1.207
MDV,SVK,1.205
PER,GBR,1.205
PRY,BOL,1.205
TGO,PHL,1.203
MUS,KEN,1.202
AZE,NOR,1.201
KEN,CRI,1.201
HKG,NAM,1.2
KGZ,POL,1.2
TUR,NCL,1.2
SEN,KOR,1.197
BIH,GBR,1.196
ALB,HUN,1.193
BEL,LBY,1.193
PRT,ECU,1.193
IDN,MAC,1.192
PAN,POL,1.191
AGO,GBR,1.189
SVK,BRN,1.187
TUN,HND,1.187
QAT,SVN,1.186
COL,DNK,1.183
DOM,DNK,1.181
GRC,SWE,1.18
MDV,BRA,1.176
THA,NCL,1.175
MYS,COD,1.174
ROU,GTM,1.174
CZE,BEN,1.172
SAU,ROU,1.172
BIH,MKD,1.171
KAZ,MYS,1.17
SRB,GHA,1.164
DNK,DJI,1.163
FIN,LUX,1.159
SGP,ZMB,1.157
AGO,DEU,1.156
MUS,SEN,1.156
NCL,THA,1.155
LUX,LVA,1.152
MSR,BRA,1.15
NFK,GBR,1.147
LUX,MUS,1.14
HRV,CHL,1.138
HND,GBR,1.136
SWZ,DOM,1.136
CAN,LBR,1.134
EGY,PER,1.134
BGD,THA,1.13
MAC,FIN,1.13
ARE,PRT,1.126
LUX,ETH,1.126
RWA,GBR,1.126
SLE,BGR,1.126
GTM,FIN,1.125
KAZ,MNG,1.119
SLV,CPV,1.119
ARM,CHL,1.118
TUN,SLV,1.117
RUS,AUS,1.115
DEU,GIB,1.113
IDN,NAM,1.113
ALB,EST,1.112
ARG,BOL,1.111
LKA,NGA,1.109
MMR,NZL,1.108
CAN,BWA,1.107
GRC,LUX,1.107
IND,LBY,1.105
IND,URY,1.105
MNE,THA,1.102
SMR,DEU,1.102
TUN,MNE,1.102
PER,CRI,1.101
LKA,HRV,1.099
DEU,SUR,1.094
NOR,GRL,1.093
ARM,BGR,1.092
FIN,CYP,1.09
HND,TUR,1.09
AUT,MNG,1.087
KOR,CMR,1.085
RWA,ESP,1.085
PHL,BFA,1.083
VNM,BFA,1.083
MLT,GHA,1.082
JPN,BEN,1.08
NZL,MAC,1.079
GIB,NLD,1.078
GRC,KWT,1.074
BOL,AUS,1.072
AZE,FRA,1.071
JOR,EST,1.071
THA,UGA,1.071
AGO,IRL,1.069
LUX,QAT,1.067
LTU,IRQ,1.066
LUX,MDV,1.066
CMR,CHE,1.065
ECU,GRC,1.065
BFA,ARE,1.063
PAK,CHL,1.061
RUS,NZL,1.061
NLD,LBR,1.06
NZL,BOL,1.058
YEM,ESP,1.058
LKA,DNK,1.057
VNM,GRC,1.057
SVK,KWT,1.056
VGB,CZE,1.056
ARE,MUS,1.055
CYP,AUS,1.052
FIN,MLT,1.052
MLT,GIN,1.047
CAN,UZB,1.045
BOL,FRA,1.041
SGP,ETH,1.041
SWE,COD,1.041
TWN,MOZ,1.041
ZAF,CAF,1.037
BHR,MEX,1.036
AUT,NIC,1.031
PHL,CYP,1.031
ATF,BRA,1.028
KEN,SGP,1.028
TWN,BRN,1.028
MWI,MOZ,1.026
POL,MDG,1.025
ZAF,KGZ,1.022
SGP,PLW,1.018
SLV,AUS,1.015
SRB,MAR,1.014
GAB,NER,1.013
UKR,IDN,1.012
HRV,NZL,1.01
NOR,HND,1.01
HTI,KOR,1.009
MKD,PRT,1.009
TTO,GUY,1.009
PAK,MYS,1.008
HUN,TGO,1.001
NER,SGP,1.001
GEO,ISR,1.0
ISR,GEO,1.0
ISR,GIN,1.0
ISR,GUY,1.0
LBN,USA,1.0
